(node:14200) [DEP0040] DeprecationWarning: The `punycode` module is deprecated. Please use a userland alternative instead.
(Use `node --trace-deprecation ...` to show where the warning was created)
[2026-05-08T12:27:19.865Z] > command requires scopes: ["email","openid","https://www.googleapis.com/auth/cloudplatformprojects.readonly","https://www.googleapis.com/auth/firebase","https://www.googleapis.com/auth/cloud-platform"]
[2026-05-08T12:27:19.866Z] > authorizing via signed-in user (basil1222038@gmail.com)
[2026-05-08T12:27:19.866Z] [iam] checking project wain-d2e28 for permissions ["firebase.projects.get","firebasehosting.sites.update"]
[2026-05-08T12:27:19.866Z] Checked if tokens are valid: true, expires at: 1778244413413
[2026-05-08T12:27:19.867Z] Checked if tokens are valid: true, expires at: 1778244413413
[2026-05-08T12:27:19.867Z] >>> [apiv2][query] POST https://cloudresourcemanager.googleapis.com/v1/projects/wain-d2e28:testIamPermissions [none]
[2026-05-08T12:27:19.867Z] >>> [apiv2][(partial)header] POST https://cloudresourcemanager.googleapis.com/v1/projects/wain-d2e28:testIamPermissions  x-goog-user-project=wain-d2e28
[2026-05-08T12:27:19.867Z] >>> [apiv2][body] POST https://cloudresourcemanager.googleapis.com/v1/projects/wain-d2e28:testIamPermissions {"permissions":["firebase.projects.get","firebasehosting.sites.update"]}
[2026-05-08T12:27:20.872Z] <<< [apiv2][status] POST https://cloudresourcemanager.googleapis.com/v1/projects/wain-d2e28:testIamPermissions 200
[2026-05-08T12:27:20.872Z] <<< [apiv2][body] POST https://cloudresourcemanager.googleapis.com/v1/projects/wain-d2e28:testIamPermissions {"permissions":["firebase.projects.get","firebasehosting.sites.update"]}
[2026-05-08T12:27:20.873Z] Checked if tokens are valid: true, expires at: 1778244413413
[2026-05-08T12:27:20.873Z] Checked if tokens are valid: true, expires at: 1778244413413
[2026-05-08T12:27:20.873Z] >>> [apiv2][query] GET https://firebase.googleapis.com/v1beta1/projects/wain-d2e28 [none]
[2026-05-08T12:27:21.315Z] <<< [apiv2][status] GET https://firebase.googleapis.com/v1beta1/projects/wain-d2e28 200
[2026-05-08T12:27:21.315Z] <<< [apiv2][body] GET https://firebase.googleapis.com/v1beta1/projects/wain-d2e28 {"projectId":"wain-d2e28","projectNumber":"620614484841","displayName":"wain","name":"projects/wain-d2e28","resources":{"hostingSite":"wain-d2e28"},"state":"ACTIVE","etag":"1_72509c41-4f1e-45ef-afde-807b7ed55cf2"}
[2026-05-08T12:27:23.132Z] defaultcredentials: writing to file C:\Users\a-z\AppData\Roaming\firebase\basil1222038_gmail_com_application_default_credentials.json
[2026-05-08T12:27:23.134Z] Checked if tokens are valid: true, expires at: 1778244413413
[2026-05-08T12:27:23.134Z] Checked if tokens are valid: true, expires at: 1778244413413
[2026-05-08T12:27:23.134Z] >>> [apiv2][query] GET https://firebasehosting.googleapis.com/v1beta1/projects/wain-d2e28/sites pageToken=&pageSize=10
[2026-05-08T12:27:24.848Z] <<< [apiv2][status] GET https://firebasehosting.googleapis.com/v1beta1/projects/wain-d2e28/sites 200
[2026-05-08T12:27:24.848Z] <<< [apiv2][body] GET https://firebasehosting.googleapis.com/v1beta1/projects/wain-d2e28/sites {"sites":[{"name":"projects/wain-d2e28/sites/wain-admin","defaultUrl":"https://wain-admin.web.app","type":"USER_SITE"},{"name":"projects/wain-d2e28/sites/wain-d2e28","defaultUrl":"https://wain-d2e28.web.app","type":"DEFAULT_SITE"}]}
[2026-05-08T12:27:24.849Z] Checked if tokens are valid: true, expires at: 1778244413413
[2026-05-08T12:27:24.849Z] Checked if tokens are valid: true, expires at: 1778244413413
[2026-05-08T12:27:24.849Z] >>> [apiv2][query] GET https://firebasehosting.googleapis.com/v1beta1/projects/wain-d2e28/sites 
[2026-05-08T12:27:26.016Z] <<< [apiv2][status] GET https://firebasehosting.googleapis.com/v1beta1/projects/wain-d2e28/sites 200
[2026-05-08T12:27:26.016Z] <<< [apiv2][body] GET https://firebasehosting.googleapis.com/v1beta1/projects/wain-d2e28/sites {"sites":[{"name":"projects/wain-d2e28/sites/wain-admin","defaultUrl":"https://wain-admin.web.app","type":"USER_SITE"},{"name":"projects/wain-d2e28/sites/wain-d2e28","defaultUrl":"https://wain-d2e28.web.app","type":"DEFAULT_SITE"}]}
[2026-05-08T12:27:26.016Z] Checked if tokens are valid: true, expires at: 1778244413413
[2026-05-08T12:27:26.016Z] Checked if tokens are valid: true, expires at: 1778244413413
[2026-05-08T12:27:26.016Z] >>> [apiv2][query] GET https://firebase.googleapis.com/v1beta1/projects/wain-d2e28/webApps/-/config [none]
[2026-05-08T12:27:26.528Z] <<< [apiv2][status] GET https://firebase.googleapis.com/v1beta1/projects/wain-d2e28/webApps/-/config 200
[2026-05-08T12:27:26.528Z] <<< [apiv2][body] GET https://firebase.googleapis.com/v1beta1/projects/wain-d2e28/webApps/-/config {"projectId":"wain-d2e28","appId":"1:620614484841:web:ac86320829e764bc41b3f8","storageBucket":"wain-d2e28.firebasestorage.app","apiKey":"AIzaSyC9YKkNcRIbFkVeiO-sBbA2zgJxEzm6rlM","authDomain":"wain-d2e28.firebaseapp.com","messagingSenderId":"620614484841","measurementId":"G-EV5MVJZX2R","projectNumber":"620614484841","version":"2"}
No Firebase app associated with site wain-admin, injecting project default config.
  You can link a Web app to a Hosting site here https://console.firebase.google.com/project/wain-d2e28/settings/general/web

   Thank you for trying our early preview of Next.js support on Firebase Hosting.
   During the preview, support is best-effort and breaking changes can be expected. Proceed with caution.

   Documentation: https://firebase.google.com/docs/hosting/frameworks/nextjs
   File a bug: https://github.com/firebase/firebase-tools/issues/new?template=bug_report.md
   Submit a feature request: https://github.com/firebase/firebase-tools/issues/new?template=feature_request.md

   We'd love to learn from you. Express your interest in helping us shape the future of Firebase Hosting: https://goo.gle/41enW5X


WARNING: Your package.json contains a custom build that is being ignored. Only the Next.js default build script (e.g, "next build") is respected. If you have a more advanced build process you should build a custom integration https://firebase.google.com/docs/hosting/express

[2026-05-08T12:27:30.922Z] Checked if tokens are valid: true, expires at: 1778244413413
[2026-05-08T12:27:30.922Z] Checked if tokens are valid: true, expires at: 1778244413413
[2026-05-08T12:27:30.922Z] >>> [apiv2][query] GET https://firebasehosting.googleapis.com/v1beta1/projects/wain-d2e28/sites/wain-d2e28 [none]
[2026-05-08T12:27:31.928Z] <<< [apiv2][status] GET https://firebasehosting.googleapis.com/v1beta1/projects/wain-d2e28/sites/wain-d2e28 200
[2026-05-08T12:27:31.928Z] <<< [apiv2][body] GET https://firebasehosting.googleapis.com/v1beta1/projects/wain-d2e28/sites/wain-d2e28 {"name":"projects/wain-d2e28/sites/wain-d2e28","defaultUrl":"https://wain-d2e28.web.app","type":"DEFAULT_SITE"}
  ▲ Next.js 14.2.35

  - Environments: .env.local, .env.production


   Creating an optimized production build ...

 ✓ Compiled successfully

   Linting and checking validity of types ...

   Collecting page data ...

   Generating static pages (0/31) ...

[SECURITY_AUDIT] {"timestamp":"2026-05-08T12:27:47.985Z","source":"route-guards","eventType":"admin_route_access_denied","reason":"unauthenticated","status":401,"path":"/admin/wallet-audit","routeKey":"wallet_audit"}
[SECURITY_AUDIT] {"timestamp":"2026-05-08T12:27:47.988Z","source":"route-guards","eventType":"admin_session_required_missing","reason":"unauthenticated","status":401,"path":"/admin"}
[SECURITY_AUDIT] {"timestamp":"2026-05-08T12:27:47.995Z","source":"route-guards","eventType":"admin_route_access_denied","reason":"unauthenticated","status":401,"path":"/admin/wallet-audit","routeKey":"wallet_audit"}
[SECURITY_AUDIT] {"timestamp":"2026-05-08T12:27:47.995Z","source":"route-guards","eventType":"admin_session_required_missing","reason":"unauthenticated","status":401,"path":"/admin"}

[PERF] requireAdminSession: 10ms
[PERF] requireAdminSession: 4ms
[PERF] requireAdminSession: 21ms
[PERF] requireAdminSession: 4ms

[SECURITY_AUDIT] {"timestamp":"2026-05-08T12:27:47.999Z","source":"route-guards","eventType":"admin_session_required_missing","reason":"unauthenticated","status":401,"path":"/admin"}
[SECURITY_AUDIT] {"timestamp":"2026-05-08T12:27:48.007Z","source":"route-guards","eventType":"admin_session_required_missing","reason":"unauthenticated","status":401,"path":"/admin"}
[SECURITY_AUDIT] {"timestamp":"2026-05-08T12:27:48.007Z","source":"route-guards","eventType":"admin_route_access_denied","reason":"unauthenticated","status":401,"path":"/admin/reversals","routeKey":"reversals"}
[SECURITY_AUDIT] {"timestamp":"2026-05-08T12:27:48.010Z","source":"route-guards","eventType":"admin_session_required_missing","reason":"unauthenticated","status":401,"path":"/admin"}
[SECURITY_AUDIT] {"timestamp":"2026-05-08T12:27:48.017Z","source":"route-guards","eventType":"admin_route_access_denied","reason":"unauthenticated","status":401,"path":"/admin/reversals","routeKey":"reversals"}
[SECURITY_AUDIT] {"timestamp":"2026-05-08T12:27:48.017Z","source":"route-guards","eventType":"admin_session_required_missing","reason":"unauthenticated","status":401,"path":"/admin"}

[PERF] requireAdminSession: 12ms
[PERF] requireAdminSession: 4ms
[PERF] requireAdminSession: 8ms
[PERF] requireAdminSession: 8ms

[SECURITY_AUDIT] {"timestamp":"2026-05-08T12:27:48.007Z","source":"route-guards","eventType":"admin_route_access_denied","reason":"unauthenticated","status":401,"path":"/admin/config","routeKey":"config"}
[SECURITY_AUDIT] {"timestamp":"2026-05-08T12:27:48.010Z","source":"route-guards","eventType":"admin_session_required_missing","reason":"unauthenticated","status":401,"path":"/admin"}
[SECURITY_AUDIT] {"timestamp":"2026-05-08T12:27:48.021Z","source":"route-guards","eventType":"admin_route_access_denied","reason":"unauthenticated","status":401,"path":"/admin/config","routeKey":"config"}
[SECURITY_AUDIT] {"timestamp":"2026-05-08T12:27:48.021Z","source":"route-guards","eventType":"admin_session_required_missing","reason":"unauthenticated","status":401,"path":"/admin"}
[SECURITY_AUDIT] {"timestamp":"2026-05-08T12:27:48.012Z","source":"route-guards","eventType":"admin_route_access_denied","reason":"unauthenticated","status":401,"path":"/admin/readiness","routeKey":"readiness"}
[SECURITY_AUDIT] {"timestamp":"2026-05-08T12:27:48.015Z","source":"route-guards","eventType":"admin_session_required_missing","reason":"unauthenticated","status":401,"path":"/admin"}
[SECURITY_AUDIT] {"timestamp":"2026-05-08T12:27:48.022Z","source":"route-guards","eventType":"admin_route_access_denied","reason":"unauthenticated","status":401,"path":"/admin/readiness","routeKey":"readiness"}
[SECURITY_AUDIT] {"timestamp":"2026-05-08T12:27:48.022Z","source":"route-guards","eventType":"admin_session_required_missing","reason":"unauthenticated","status":401,"path":"/admin"}

[PERF] requireAdminSession: 7ms
[PERF] requireAdminSession: 4ms
[PERF] requireAdminSession: 7ms
[PERF] requireAdminSession: 4ms

[SECURITY_AUDIT] {"timestamp":"2026-05-08T12:27:48.014Z","source":"route-guards","eventType":"admin_route_access_denied","reason":"unauthenticated","status":401,"path":"/admin/media","routeKey":"media"}
[SECURITY_AUDIT] {"timestamp":"2026-05-08T12:27:48.017Z","source":"route-guards","eventType":"admin_session_required_missing","reason":"unauthenticated","status":401,"path":"/admin"}
[SECURITY_AUDIT] {"timestamp":"2026-05-08T12:27:48.023Z","source":"route-guards","eventType":"admin_route_access_denied","reason":"unauthenticated","status":401,"path":"/admin/media","routeKey":"media"}
[SECURITY_AUDIT] {"timestamp":"2026-05-08T12:27:48.024Z","source":"route-guards","eventType":"admin_session_required_missing","reason":"unauthenticated","status":401,"path":"/admin"}

   Generating static pages (7/31) 

   Generating static pages (15/31) 

   Generating static pages (23/31) 

[SECURITY_AUDIT] {"timestamp":"2026-05-08T12:27:48.753Z","source":"route-guards","eventType":"admin_route_access_denied","reason":"unauthenticated","status":401,"path":"/admin/venues","routeKey":"venues"}
[SECURITY_AUDIT] {"timestamp":"2026-05-08T12:27:48.755Z","source":"route-guards","eventType":"admin_session_required_missing","reason":"unauthenticated","status":401,"path":"/admin"}
[SECURITY_AUDIT] {"timestamp":"2026-05-08T12:27:48.761Z","source":"route-guards","eventType":"admin_route_access_denied","reason":"unauthenticated","status":401,"path":"/admin/venues","routeKey":"venues"}
[SECURITY_AUDIT] {"timestamp":"2026-05-08T12:27:48.761Z","source":"route-guards","eventType":"admin_session_required_missing","reason":"unauthenticated","status":401,"path":"/admin"}

[PERF] requireAdminSession: 772ms
[PERF] requireAdminSession: 4ms

 ✓ Generating static pages (31/31)

   Finalizing page optimization ...
   Collecting build traces ...



Route (app)                              Size     First Load JS
┌ ○ /                                    190 B          87.6 kB
├ ○ /_not-found                          190 B          87.6 kB
├ ƒ /admin                               190 B          87.6 kB
├ ƒ /admin/access-denied                 186 B          96.3 kB
├ ƒ /admin/config                        11.9 kB         107 kB
├ ƒ /admin/content/offers                2.37 kB         109 kB
├ ƒ /admin/content/reviews               6.94 kB         107 kB
├ ƒ /admin/content/stories               2.38 kB         109 kB
├ ƒ /admin/dashboard                     186 B          96.3 kB
├ ƒ /admin/media                         12.3 kB         110 kB
├ ƒ /admin/readiness                     5.05 kB         150 kB
├ ƒ /admin/reversals                     4.77 kB         141 kB
├ ○ /admin/sign-in                       2.82 kB         133 kB
├ ƒ /admin/topups                        6.52 kB         148 kB
├ ƒ /admin/venues                        23.7 kB         164 kB
├ ƒ /admin/venues/[venueId]              5.4 kB          106 kB
├ ƒ /admin/wallet-audit                  5.33 kB         146 kB
├ ƒ /api/admin/command/config            0 B                0 B
├ ƒ /api/admin/command/content           0 B                0 B
├ ƒ /api/admin/command/finance           0 B                0 B
├ ƒ /api/admin/command/media             0 B                0 B
├ ƒ /api/admin/command/reviews           0 B                0 B
├ ƒ /api/admin/command/venues            0 B                0 B
├ ƒ /api/admin/health/config             0 B                0 B
├ ƒ /api/admin/session                   0 B                0 B
├ ƒ /api/admin/step-up/banner            0 B                0 B
├ ƒ /api/admin/step-up/health            0 B                0 B
├ ƒ /api/admin/step-up/issue             0 B                0 B
├ ƒ /api/admin/step-up/status            0 B                0 B
└ ƒ /api/admin/warmup                    0 B                0 B
+ First Load JS shared by all            87.4 kB
  ├ chunks/2117-aeeac4618dc8ed91.js      31.7 kB
  ├ chunks/fd9d1056-441e595c98aece7a.js  53.6 kB
  └ other shared chunks (total)          2.06 kB


ƒ Middleware                             25.9 kB


○  (Static)   prerendered as static content
ƒ  (Dynamic)  server-rendered on demand


Building a Cloud Function to run this application. This is needed due to:
 • middleware
 • non-static component /(public)/admin/access-denied/page
 • non-static component /api/admin/command/content/route
 • non-static component /api/admin/command/finance/route
 • non-static component /api/admin/command/media/route
[2026-05-08T12:27:56.991Z]  • non-static component /api/admin/command/config/route
[2026-05-08T12:27:56.991Z]  • non-static component /api/admin/health/config/route
[2026-05-08T12:27:56.991Z]  • non-static component /api/admin/session/route
[2026-05-08T12:27:56.991Z]  • non-static component /api/admin/step-up/health/route
[2026-05-08T12:27:56.991Z]  • non-static component /api/admin/command/venues/route
[2026-05-08T12:27:56.991Z]  • non-static component /api/admin/step-up/status/route
[2026-05-08T12:27:56.991Z]  • non-static component /api/admin/step-up/banner/route
[2026-05-08T12:27:56.991Z]  • non-static component /api/admin/step-up/issue/route
[2026-05-08T12:27:56.991Z]  • non-static component /api/admin/warmup/route
[2026-05-08T12:27:56.991Z]  • non-static component /api/admin/command/reviews/route
[2026-05-08T12:27:56.991Z]  • non-static component /(protected)/admin/page
[2026-05-08T12:27:56.991Z]  • non-static component /(protected)/admin/config/page
[2026-05-08T12:27:56.991Z]  • non-static component /(protected)/admin/media/page
[2026-05-08T12:27:56.991Z]  • non-static component /(protected)/admin/readiness/page
[2026-05-08T12:27:56.991Z]  • non-static component /(protected)/admin/venues/[venueId]/page
[2026-05-08T12:27:56.991Z]  • non-static component /(protected)/admin/wallet-audit/page
[2026-05-08T12:27:56.991Z]  • non-static component /(protected)/admin/reversals/page
[2026-05-08T12:27:56.991Z]  • non-static component /(protected)/admin/venues/page
[2026-05-08T12:27:56.991Z]  • non-static component /(protected)/admin/content/reviews/page
[2026-05-08T12:27:56.991Z]  • non-static component /(protected)/admin/content/offers/page
[2026-05-08T12:27:56.991Z]  • non-static component /(protected)/admin/topups/page
[2026-05-08T12:27:56.991Z]  • non-static component /(protected)/admin/dashboard/page
[2026-05-08T12:27:56.991Z]  • non-static component /(protected)/admin/content/stories/page

[2026-05-08T12:27:57.976Z] skipping / due to it matching an unsupported rewrite/redirect/header or middlware
[2026-05-08T12:27:57.976Z] skipping /admin/sign-in due to it matching an unsupported rewrite/redirect/header or middlware
[2026-05-08T12:27:57.976Z] skipping /404 due to it matching an unsupported rewrite/redirect/header or middlware
Warning: Global esbuild version (0.21.5) does not match the required version (^0.19.2).
[2026-05-08T12:28:01.234Z] Checked if tokens are valid: true, expires at: 1778244413413
[2026-05-08T12:28:01.234Z] Checked if tokens are valid: true, expires at: 1778244413413
[2026-05-08T12:28:01.234Z] >>> [apiv2][query] GET https://firebasehosting.googleapis.com/v1beta1/projects/wain-d2e28/sites/wain-d2e28 [none]
[2026-05-08T12:28:02.682Z] <<< [apiv2][status] GET https://firebasehosting.googleapis.com/v1beta1/projects/wain-d2e28/sites/wain-d2e28 200
[2026-05-08T12:28:02.682Z] <<< [apiv2][body] GET https://firebasehosting.googleapis.com/v1beta1/projects/wain-d2e28/sites/wain-d2e28 {"name":"projects/wain-d2e28/sites/wain-d2e28","defaultUrl":"https://wain-d2e28.web.app","type":"DEFAULT_SITE"}

added 3 packages in 10s

40 packages are looking for funding
  run `npm fund` for details
[2026-05-08T12:28:13.574Z] [web frameworks] effective firebase.json:  {
  "hosting": [
    {
      "site": "wain-d2e28",
      "public": "public",
      "ignore": [
        "firebase.json",
        "**/.*",
        "**/node_modules/**"
      ],
      "rewrites": [
        {
          "source": "**",
          "destination": "/index.html"
        }
      ]
    },
    {
      "site": "wain-admin",
      "source": "admin_web_console",
      "headers": [
        {
          "source": "**",
          "headers": [
            {
              "key": "Content-Security-Policy",
              "value": "default-src 'self'; base-uri 'self'; object-src 'none'; frame-ancestors 'none'; form-action 'self'; img-src 'self' data: blob: https:; font-src 'self' data: https:; script-src 'self' 'unsafe-inline' 'unsafe-eval' https:; style-src 'self' 'unsafe-inline' https:; connect-src 'self' https: wss: ws:; upgrade-insecure-requests"
            },
            {
              "key": "Content-Security-Policy-Report-Only",
              "value": "default-src 'self'; base-uri 'self'; object-src 'none'; frame-ancestors 'none'; form-action 'self'; img-src 'self' data: blob: https:; font-src 'self' data: https:; script-src 'self' 'unsafe-inline' https://www.gstatic.com https://www.googletagmanager.com https://www.google-analytics.com; style-src 'self' https:; connect-src 'self' https: wss: ws:"
            },
            {
              "key": "Strict-Transport-Security",
              "value": "max-age=31536000; includeSubDomains"
            },
            {
              "key": "Permissions-Policy",
              "value": "camera=(), microphone=(), geolocation=(), payment=(), usb=(), browsing-topics=()"
            },
            {
              "key": "X-Content-Type-Options",
              "value": "nosniff"
            },
            {
              "key": "X-Frame-Options",
              "value": "DENY"
            },
            {
              "key": "Referrer-Policy",
              "value": "strict-origin-when-cross-origin"
            },
            {
              "key": "Cross-Origin-Opener-Policy",
              "value": "same-origin"
            }
          ]
        },
        {
          "source": "/:path*",
          "headers": [
            {
              "key": "Content-Security-Policy",
              "value": "default-src 'self'; base-uri 'self'; object-src 'none'; frame-ancestors 'none'; form-action 'self'; img-src 'self' data: blob: https:; font-src 'self' data: https:; script-src 'self' 'unsafe-inline' 'unsafe-eval' https:; style-src 'self' 'unsafe-inline' https:; connect-src 'self' https: wss: ws:; upgrade-insecure-requests"
            },
            {
              "key": "Content-Security-Policy-Report-Only",
              "value": "default-src 'self'; base-uri 'self'; object-src 'none'; frame-ancestors 'none'; form-action 'self'; img-src 'self' data: blob: https:; font-src 'self' data: https:; script-src 'self' 'unsafe-inline' https://www.gstatic.com https://www.googletagmanager.com https://www.google-analytics.com; style-src 'self' https:; connect-src 'self' https: wss: ws:"
            },
            {
              "key": "Strict-Transport-Security",
              "value": "max-age=31536000; includeSubDomains"
            },
            {
              "key": "Permissions-Policy",
              "value": "camera=(), microphone=(), geolocation=(), payment=(), usb=(), browsing-topics=()"
            },
            {
              "key": "X-Content-Type-Options",
              "value": "nosniff"
            },
            {
              "key": "X-Frame-Options",
              "value": "DENY"
            },
            {
              "key": "Referrer-Policy",
              "value": "strict-origin-when-cross-origin"
            },
            {
              "key": "Cross-Origin-Opener-Policy",
              "value": "same-origin"
            }
          ]
        },
        {
          "source": "/_not-found",
          "headers": [
            {
              "key": "x-next-cache-tags",
              "value": "_N_T_/layout,_N_T_/_not-found/layout,_N_T_/_not-found/page,_N_T_/_not-found"
            }
          ]
        },
        {
          "source": "**/*.[jt]s",
          "headers": [
            {
              "key": "Set-Cookie",
              "value": "__FIREBASE_DEFAULTS__=eyJjb25maWciOnsicHJvamVjdElkIjoid2Fpbi1kMmUyOCIsImFwcElkIjoiMTo2MjA2MTQ0ODQ4NDE6d2ViOmFjODYzMjA4MjllNzY0YmM0MWIzZjgiLCJzdG9yYWdlQnVja2V0Ijoid2Fpbi1kMmUyOC5maXJlYmFzZXN0b3JhZ2UuYXBwIiwiYXBpS2V5IjoiQUl6YVN5QzlZS2tOY1JJYkZrVmVpTy1zQmJBMnpnSnhFem02cmxNIiwiYXV0aERvbWFpbiI6IndhaW4tZDJlMjguZmlyZWJhc2VhcHAuY29tIiwibWVzc2FnaW5nU2VuZGVySWQiOiI2MjA2MTQ0ODQ4NDEiLCJtZWFzdXJlbWVudElkIjoiRy1FVjVNVkpaWDJSIiwicHJvamVjdE51bWJlciI6IjYyMDYxNDQ4NDg0MSIsInZlcnNpb24iOiIyIn0sIl9hdXRoVG9rZW5TeW5jVVJMIjoiL19fc2Vzc2lvbiJ9; SameSite=Strict; Expires=2028-04-01T23:08:13.574Z; Path=/;"
            }
          ]
        }
      ],
      "frameworksBackend": {
        "memory": "512MiB",
        "region": "us-central1"
      },
      "rewrites": [
        {
          "source": "**",
          "function": {
            "functionId": "ssrwainadmin",
            "region": "us-central1",
            "pinTag": true
          }
        }
      ],
      "redirects": [],
      "cleanUrls": true,
      "trailingSlash": false,
      "public": ".firebase\\wain-admin\\hosting",
      "webFramework": "next_ssr"
    }
  ],
  "functions": [
    {
      "source": "functions",
      "codebase": "default",
      "ignore": [
        "node_modules",
        ".git",
        "firebase-debug.log",
        "firebase-debug.*.log"
      ]
    },
    {
      "source": ".firebase\\wain-admin\\functions",
      "codebase": "firebase-frameworks-wain-admin"
    }
  ]
}
[2026-05-08T12:28:13.575Z] > command requires scopes: ["email","openid","https://www.googleapis.com/auth/cloudplatformprojects.readonly","https://www.googleapis.com/auth/firebase","https://www.googleapis.com/auth/cloud-platform"]
[2026-05-08T12:28:13.575Z] > authorizing via signed-in user (basil1222038@gmail.com)
[2026-05-08T12:28:13.575Z] [iam] checking project wain-d2e28 for permissions ["cloudfunctions.functions.create","cloudfunctions.functions.delete","cloudfunctions.functions.get","cloudfunctions.functions.list","cloudfunctions.functions.update","cloudfunctions.operations.get","firebase.projects.get"]
[2026-05-08T12:28:13.575Z] Checked if tokens are valid: true, expires at: 1778244413413
[2026-05-08T12:28:13.576Z] Checked if tokens are valid: true, expires at: 1778244413413
[2026-05-08T12:28:13.576Z] >>> [apiv2][query] POST https://cloudresourcemanager.googleapis.com/v1/projects/wain-d2e28:testIamPermissions [none]
[2026-05-08T12:28:13.576Z] >>> [apiv2][(partial)header] POST https://cloudresourcemanager.googleapis.com/v1/projects/wain-d2e28:testIamPermissions  x-goog-user-project=wain-d2e28
[2026-05-08T12:28:13.576Z] >>> [apiv2][body] POST https://cloudresourcemanager.googleapis.com/v1/projects/wain-d2e28:testIamPermissions {"permissions":["cloudfunctions.functions.create","cloudfunctions.functions.delete","cloudfunctions.functions.get","cloudfunctions.functions.list","cloudfunctions.functions.update","cloudfunctions.operations.get","firebase.projects.get"]}
[2026-05-08T12:28:14.541Z] <<< [apiv2][status] POST https://cloudresourcemanager.googleapis.com/v1/projects/wain-d2e28:testIamPermissions 200
[2026-05-08T12:28:14.541Z] <<< [apiv2][body] POST https://cloudresourcemanager.googleapis.com/v1/projects/wain-d2e28:testIamPermissions {"permissions":["cloudfunctions.functions.create","cloudfunctions.functions.delete","cloudfunctions.functions.get","cloudfunctions.functions.list","cloudfunctions.functions.update","cloudfunctions.operations.get","firebase.projects.get"]}
[2026-05-08T12:28:14.542Z] Checked if tokens are valid: true, expires at: 1778244413413
[2026-05-08T12:28:14.542Z] Checked if tokens are valid: true, expires at: 1778244413413
[2026-05-08T12:28:14.542Z] >>> [apiv2][query] GET https://cloudfunctions.googleapis.com/v1/projects/wain-d2e28/locations/-/functions [none]
[2026-05-08T12:28:15.346Z] <<< [apiv2][status] GET https://cloudfunctions.googleapis.com/v1/projects/wain-d2e28/locations/-/functions 200
[2026-05-08T12:28:15.346Z] <<< [apiv2][body] GET https://cloudfunctions.googleapis.com/v1/projects/wain-d2e28/locations/-/functions {"functions":[{"name":"projects/wain-d2e28/locations/us-central1/functions/adminUpdateVenueVisibility","httpsTrigger":{"url":"https://us-central1-wain-d2e28.cloudfunctions.net/adminUpdateVenueVisibility","securityLevel":"SECURE_ALWAYS"},"status":"ACTIVE","entryPoint":"adminUpdateVenueVisibility","timeout":"60s","availableMemoryMb":256,"serviceAccountEmail":"wain-d2e28@appspot.gserviceaccount.com","updateTime":"2026-05-08T00:21:49.751Z","versionId":"6","labels":{"firebase-functions-hash":"76a7ce496e94360e2a7bd4ea290a9726bff82202","deployment-tool":"cli-firebase","deployment-callable":"true"},"sourceUploadUrl":"https://storage.googleapis.com/uploads-143215426130.us-central1.cloudfunctions.appspot.com/0dc5c37b-1dba-422e-94b6-81cf6e466e96.zip","environmentVariables":{"FIREBASE_CONFIG":"{\"projectId\":\"wain-d2e28\",\"storageBucket\":\"wain-d2e28.firebasestorage.app\"}","GCLOUD_PROJECT":"wain-d2e28","EVENTARC_CLOUD_EVENT_SOURCE":"projects/wain-d2e28/locations/REGION_TBD/functions/adminUpdateVenueVisibility"},"runtime":"nodejs22","ingressSettings":"ALLOW_ALL","buildId":"eaa14fe4-b3f0-4548-b8c3-1d1a7219289b","buildEnvironmentVariables":{"GOOGLE_NODE_RUN_SCRIPTS":""},"buildName":"projects/620614484841/locations/us-central1/builds/eaa14fe4-b3f0-4548-b8c3-1d1a7219289b","dockerRegistry":"ARTIFACT_REGISTRY","automaticUpdatePolicy":{},"buildServiceAccount":"projects/wain-d2e28/serviceAccounts/620614484841-compute@developer.gserviceaccount.com","satisfiesPzi":true},{"name":"projects/wain-d2e28/locations/us-central1/functions/validateToken","httpsTrigger":{"url":"https://us-central1-wain-d2e28.cloudfunctions.net/validateToken","securityLevel":"SECURE_ALWAYS"},"status":"ACTIVE","entryPoint":"validateToken","timeout":"60s","availableMemoryMb":256,"serviceAccountEmail":"wain-d2e28@appspot.gserviceaccount.com","updateTime":"2026-05-08T00:21:29.427Z","versionId":"43","labels":{"firebase-functions-hash":"76a7ce496e94360e2a7bd4ea290a9726bff82202","deployment-tool":"cli-firebase","deployment-callable":"true"},"sourceUploadUrl":"https://storage.googleapis.com/uploads-143215426130.us-central1.cloudfunctions.appspot.com/0dc5c37b-1dba-422e-94b6-81cf6e466e96.zip","environmentVariables":{"FIREBASE_CONFIG":"{\"projectId\":\"wain-d2e28\",\"storageBucket\":\"wain-d2e28.firebasestorage.app\"}","GCLOUD_PROJECT":"wain-d2e28","EVENTARC_CLOUD_EVENT_SOURCE":"projects/wain-d2e28/locations/REGION_TBD/functions/validateToken"},"runtime":"nodejs22","ingressSettings":"ALLOW_ALL","buildId":"eaa14fe4-b3f0-4548-b8c3-1d1a7219289b","buildEnvironmentVariables":{"GOOGLE_NODE_RUN_SCRIPTS":""},"buildName":"projects/620614484841/locations/us-central1/builds/eaa14fe4-b3f0-4548-b8c3-1d1a7219289b","dockerRegistry":"ARTIFACT_REGISTRY","automaticUpdatePolicy":{},"buildServiceAccount":"projects/wain-d2e28/serviceAccounts/620614484841-compute@developer.gserviceaccount.com","satisfiesPzi":true},{"name":"projects/wain-d2e28/locations/us-central1/functions/verifyWalletOperationalReadiness","httpsTrigger":{"url":"https://us-central1-wain-d2e28.cloudfunctions.net/verifyWalletOperationalReadiness","securityLevel":"SECURE_ALWAYS"},"status":"ACTIVE","entryPoint":"verifyWalletOperationalReadiness","timeout":"60s","availableMemoryMb":256,"serviceAccountEmail":"wain-d2e28@appspot.gserviceaccount.com","updateTime":"2026-05-08T00:21:31.105Z","versionId":"9","labels":{"deployment-tool":"cli-firebase","deployment-callable":"true","firebase-functions-hash":"76a7ce496e94360e2a7bd4ea290a9726bff82202"},"sourceUploadUrl":"https://storage.googleapis.com/uploads-143215426130.us-central1.cloudfunctions.appspot.com/0dc5c37b-1dba-422e-94b6-81cf6e466e96.zip","environmentVariables":{"FIREBASE_CONFIG":"{\"projectId\":\"wain-d2e28\",\"storageBucket\":\"wain-d2e28.firebasestorage.app\"}","GCLOUD_PROJECT":"wain-d2e28","EVENTARC_CLOUD_EVENT_SOURCE":"projects/wain-d2e28/locations/REGION_TBD/functions/verifyWalletOperationalReadiness"},"runtime":"nodejs22","ingressSettings":"ALLOW_ALL","buildId":"eaa14fe4-b3f0-4548-b8c3-1d1a7219289b","buildEnvironmentVariables":{"GOOGLE_NODE_RUN_SCRIPTS":""},"buildName":"projects/620614484841/locations/us-central1/builds/eaa14fe4-b3f0-4548-b8c3-1d1a7219289b","dockerRegistry":"ARTIFACT_REGISTRY","automaticUpdatePolicy":{},"buildServiceAccount":"projects/wain-d2e28/serviceAccounts/620614484841-compute@developer.gserviceaccount.com","satisfiesPzi":true},{"name":"projects/wain-d2e28/locations/us-central1/functions/redeemInviteCode","httpsTrigger":{"url":"https://us-central1-wain-d2e28.cloudfunctions.net/redeemInviteCode","securityLevel":"SECURE_ALWAYS"},"status":"ACTIVE","entryPoint":"redeemInviteCode","timeout":"60s","availableMemoryMb":256,"serviceAccountEmail":"wain-d2e28@appspot.gserviceaccount.com","updateTime":"2026-05-08T00:21:31.055Z","versionId":"37","labels":{"deployment-tool":"cli-firebase","deployment-callable":"true","firebase-functions-hash":"76a7ce496e94360e2a7bd4ea290a9726bff82202"},"sourceUploadUrl":"https://storage.googleapis.com/uploads-143215426130.us-central1.cloudfunctions.appspot.com/0dc5c37b-1dba-422e-94b6-81cf6e466e96.zip","environmentVariables":{"FIREBASE_CONFIG":"{\"projectId\":\"wain-d2e28\",\"storageBucket\":\"wain-d2e28.firebasestorage.app\"}","GCLOUD_PROJECT":"wain-d2e28","EVENTARC_CLOUD_EVENT_SOURCE":"projects/wain-d2e28/locations/REGION_TBD/functions/redeemInviteCode"},"runtime":"nodejs22","ingressSettings":"ALLOW_ALL","buildId":"eaa14fe4-b3f0-4548-b8c3-1d1a7219289b","buildEnvironmentVariables":{"GOOGLE_NODE_RUN_SCRIPTS":""},"buildName":"projects/620614484841/locations/us-central1/builds/eaa14fe4-b3f0-4548-b8c3-1d1a7219289b","dockerRegistry":"ARTIFACT_REGISTRY","automaticUpdatePolicy":{},"buildServiceAccount":"projects/wain-d2e28/serviceAccounts/620614484841-compute@developer.gserviceaccount.com","satisfiesPzi":true},{"name":"projects/wain-d2e28/locations/us-central1/functions/listMerchantWalletLedgerEntriesForAdmin","httpsTrigger":{"url":"https://us-central1-wain-d2e28.cloudfunctions.net/listMerchantWalletLedgerEntriesForAdmin","securityLevel":"SECURE_ALWAYS"},"status":"ACTIVE","entryPoint":"listMerchantWalletLedgerEntriesForAdmin","timeout":"60s","availableMemoryMb":256,"serviceAccountEmail":"wain-d2e28@appspot.gserviceaccount.com","updateTime":"2026-05-08T00:21:30.961Z","versionId":"8","labels":{"deployment-tool":"cli-firebase","deployment-callable":"true","firebase-functions-hash":"76a7ce496e94360e2a7bd4ea290a9726bff82202"},"sourceUploadUrl":"https://storage.googleapis.com/uploads-143215426130.us-central1.cloudfunctions.appspot.com/0dc5c37b-1dba-422e-94b6-81cf6e466e96.zip","environmentVariables":{"FIREBASE_CONFIG":"{\"projectId\":\"wain-d2e28\",\"storageBucket\":\"wain-d2e28.firebasestorage.app\"}","GCLOUD_PROJECT":"wain-d2e28","EVENTARC_CLOUD_EVENT_SOURCE":"projects/wain-d2e28/locations/REGION_TBD/functions/listMerchantWalletLedgerEntriesForAdmin"},"runtime":"nodejs22","ingressSettings":"ALLOW_ALL","buildId":"eaa14fe4-b3f0-4548-b8c3-1d1a7219289b","buildEnvironmentVariables":{"GOOGLE_NODE_RUN_SCRIPTS":""},"buildName":"projects/620614484841/locations/us-central1/builds/eaa14fe4-b3f0-4548-b8c3-1d1a7219289b","dockerRegistry":"ARTIFACT_REGISTRY","automaticUpdatePolicy":{},"buildServiceAccount":"projects/wain-d2e28/serviceAccounts/620614484841-compute@developer.gserviceaccount.com","satisfiesPzi":true},{"name":"projects/wain-d2e28/locations/us-central1/functions/pinOffer","httpsTrigger":{"url":"https://us-central1-wain-d2e28.cloudfunctions.net/pinOffer","securityLevel":"SECURE_ALWAYS"},"status":"ACTIVE","entryPoint":"pinOffer","timeout":"60s","availableMemoryMb":256,"serviceAccountEmail":"wain-d2e28@appspot.gserviceaccount.com","updateTime":"2026-05-08T00:21:29.888Z","versionId":"9","labels":{"firebase-functions-hash":"76a7ce496e94360e2a7bd4ea290a9726bff82202","deployment-tool":"cli-firebase","deployment-callable":"true"},"sourceUploadUrl":"https://storage.googleapis.com/uploads-143215426130.us-central1.cloudfunctions.appspot.com/0dc5c37b-1dba-422e-94b6-81cf6e466e96.zip","environmentVariables":{"FIREBASE_CONFIG":"{\"projectId\":\"wain-d2e28\",\"storageBucket\":\"wain-d2e28.firebasestorage.app\"}","GCLOUD_PROJECT":"wain-d2e28","EVENTARC_CLOUD_EVENT_SOURCE":"projects/wain-d2e28/locations/REGION_TBD/functions/pinOffer"},"runtime":"nodejs22","ingressSettings":"ALLOW_ALL","buildId":"eaa14fe4-b3f0-4548-b8c3-1d1a7219289b","buildEnvironmentVariables":{"GOOGLE_NODE_RUN_SCRIPTS":""},"buildName":"projects/620614484841/locations/us-central1/builds/eaa14fe4-b3f0-4548-b8c3-1d1a7219289b","dockerRegistry":"ARTIFACT_REGISTRY","automaticUpdatePolicy":{},"buildServiceAccount":"projects/wain-d2e28/serviceAccounts/620614484841-compute@developer.gserviceaccount.com","satisfiesPzi":true},{"name":"projects/wain-d2e28/locations/us-central1/functions/backfillVenueBusyTimes","httpsTrigger":{"url":"https://us-central1-wain-d2e28.cloudfunctions.net/backfillVenueBusyTimes","securityLevel":"SECURE_ALWAYS"},"status":"ACTIVE","entryPoint":"backfillVenueBusyTimes","timeout":"60s","availableMemoryMb":256,"serviceAccountEmail":"wain-d2e28@appspot.gserviceaccount.com","updateTime":"2026-05-08T00:21:29.542Z","versionId":"14","labels":{"firebase-functions-hash":"76a7ce496e94360e2a7bd4ea290a9726bff82202","deployment-tool":"cli-firebase","deployment-callable":"true"},"sourceUploadUrl":"https://storage.googleapis.com/uploads-143215426130.us-central1.cloudfunctions.appspot.com/0dc5c37b-1dba-422e-94b6-81cf6e466e96.zip","environmentVariables":{"FIREBASE_CONFIG":"{\"projectId\":\"wain-d2e28\",\"storageBucket\":\"wain-d2e28.firebasestorage.app\"}","GCLOUD_PROJECT":"wain-d2e28","EVENTARC_CLOUD_EVENT_SOURCE":"projects/wain-d2e28/locations/REGION_TBD/functions/backfillVenueBusyTimes"},"runtime":"nodejs22","ingressSettings":"ALLOW_ALL","buildId":"eaa14fe4-b3f0-4548-b8c3-1d1a7219289b","buildEnvironmentVariables":{"GOOGLE_NODE_RUN_SCRIPTS":""},"buildName":"projects/620614484841/locations/us-central1/builds/eaa14fe4-b3f0-4548-b8c3-1d1a7219289b","dockerRegistry":"ARTIFACT_REGISTRY","automaticUpdatePolicy":{},"buildServiceAccount":"projects/wain-d2e28/serviceAccounts/620614484841-compute@developer.gserviceaccount.com","satisfiesPzi":true},{"name":"projects/wain-d2e28/locations/us-central1/functions/onMenuImportTaskCreate","eventTrigger":{"eventType":"providers/cloud.firestore/eventTypes/document.create","resource":"projects/wain-d2e28/databases/(default)/documents/venues/{venueId}/menu_import_tasks/{taskId}","service":"firestore.googleapis.com","failurePolicy":{"retry":{}}},"status":"ACTIVE","entryPoint":"onMenuImportTaskCreate","timeout":"540s","availableMemoryMb":1024,"serviceAccountEmail":"wain-d2e28@appspot.gserviceaccount.com","updateTime":"2026-05-08T00:22:29.009Z","versionId":"21","labels":{"deployment-tool":"cli-firebase","firebase-functions-hash":"76a7ce496e94360e2a7bd4ea290a9726bff82202"},"sourceUploadUrl":"https://storage.googleapis.com/uploads-143215426130.us-central1.cloudfunctions.appspot.com/0dc5c37b-1dba-422e-94b6-81cf6e466e96.zip","environmentVariables":{"FIREBASE_CONFIG":"{\"projectId\":\"wain-d2e28\",\"storageBucket\":\"wain-d2e28.firebasestorage.app\"}","GCLOUD_PROJECT":"wain-d2e28","EVENTARC_CLOUD_EVENT_SOURCE":"projects/wain-d2e28/locations/REGION_TBD/functions/onMenuImportTaskCreate"},"runtime":"nodejs22","maxInstances":3000,"ingressSettings":"ALLOW_ALL","buildId":"987f303a-b000-4f0d-83bb-9057179a648e","buildEnvironmentVariables":{"GOOGLE_NODE_RUN_SCRIPTS":""},"buildName":"projects/620614484841/locations/us-central1/builds/987f303a-b000-4f0d-83bb-9057179a648e","dockerRegistry":"ARTIFACT_REGISTRY","automaticUpdatePolicy":{},"buildServiceAccount":"projects/wain-d2e28/serviceAccounts/620614484841-compute@developer.gserviceaccount.com","satisfiesPzi":true},{"name":"projects/wain-d2e28/locations/us-central1/functions/listVenuesForAdmin","httpsTrigger":{"url":"https://us-central1-wain-d2e28.cloudfunctions.net/listVenuesForAdmin","securityLevel":"SECURE_ALWAYS"},"status":"ACTIVE","entryPoint":"listVenuesForAdmin","timeout":"60s","availableMemoryMb":256,"serviceAccountEmail":"wain-d2e28@appspot.gserviceaccount.com","updateTime":"2026-05-08T00:21:51.922Z","versionId":"6","labels":{"deployment-tool":"cli-firebase","deployment-callable":"true","firebase-functions-hash":"76a7ce496e94360e2a7bd4ea290a9726bff82202"},"sourceUploadUrl":"https://storage.googleapis.com/uploads-143215426130.us-central1.cloudfunctions.appspot.com/0dc5c37b-1dba-422e-94b6-81cf6e466e96.zip","environmentVariables":{"FIREBASE_CONFIG":"{\"projectId\":\"wain-d2e28\",\"storageBucket\":\"wain-d2e28.firebasestorage.app\"}","GCLOUD_PROJECT":"wain-d2e28","EVENTARC_CLOUD_EVENT_SOURCE":"projects/wain-d2e28/locations/REGION_TBD/functions/listVenuesForAdmin"},"runtime":"nodejs22","ingressSettings":"ALLOW_ALL","buildId":"eaa14fe4-b3f0-4548-b8c3-1d1a7219289b","buildEnvironmentVariables":{"GOOGLE_NODE_RUN_SCRIPTS":""},"buildName":"projects/620614484841/locations/us-central1/builds/eaa14fe4-b3f0-4548-b8c3-1d1a7219289b","dockerRegistry":"ARTIFACT_REGISTRY","automaticUpdatePolicy":{},"buildServiceAccount":"projects/wain-d2e28/serviceAccounts/620614484841-compute@developer.gserviceaccount.com","satisfiesPzi":true},{"name":"projects/wain-d2e28/locations/us-central1/functions/mediaSoftDeleteAsset","httpsTrigger":{"url":"https://us-central1-wain-d2e28.cloudfunctions.net/mediaSoftDeleteAsset","securityLevel":"SECURE_ALWAYS"},"status":"ACTIVE","entryPoint":"mediaSoftDeleteAsset","timeout":"60s","availableMemoryMb":256,"serviceAccountEmail":"wain-d2e28@appspot.gserviceaccount.com","updateTime":"2026-05-08T00:21:30.186Z","versionId":"7","labels":{"deployment-tool":"cli-firebase","deployment-callable":"true","firebase-functions-hash":"76a7ce496e94360e2a7bd4ea290a9726bff82202"},"sourceUploadUrl":"https://storage.googleapis.com/uploads-143215426130.us-central1.cloudfunctions.appspot.com/0dc5c37b-1dba-422e-94b6-81cf6e466e96.zip","environmentVariables":{"FIREBASE_CONFIG":"{\"projectId\":\"wain-d2e28\",\"storageBucket\":\"wain-d2e28.firebasestorage.app\"}","GCLOUD_PROJECT":"wain-d2e28","EVENTARC_CLOUD_EVENT_SOURCE":"projects/wain-d2e28/locations/REGION_TBD/functions/mediaSoftDeleteAsset"},"runtime":"nodejs22","ingressSettings":"ALLOW_ALL","buildId":"eaa14fe4-b3f0-4548-b8c3-1d1a7219289b","buildEnvironmentVariables":{"GOOGLE_NODE_RUN_SCRIPTS":""},"buildName":"projects/620614484841/locations/us-central1/builds/eaa14fe4-b3f0-4548-b8c3-1d1a7219289b","dockerRegistry":"ARTIFACT_REGISTRY","automaticUpdatePolicy":{},"buildServiceAccount":"projects/wain-d2e28/serviceAccounts/620614484841-compute@developer.gserviceaccount.com","satisfiesPzi":true},{"name":"projects/wain-d2e28/locations/us-central1/functions/adminCreateVenue","httpsTrigger":{"url":"https://us-central1-wain-d2e28.cloudfunctions.net/adminCreateVenue","securityLevel":"SECURE_ALWAYS"},"status":"ACTIVE","entryPoint":"adminCreateVenue","timeout":"60s","availableMemoryMb":256,"serviceAccountEmail":"wain-d2e28@appspot.gserviceaccount.com","updateTime":"2026-05-08T00:21:52.960Z","versionId":"6","labels":{"deployment-tool":"cli-firebase","deployment-callable":"true","firebase-functions-hash":"76a7ce496e94360e2a7bd4ea290a9726bff82202"},"sourceUploadUrl":"https://storage.googleapis.com/uploads-143215426130.us-central1.cloudfunctions.appspot.com/0dc5c37b-1dba-422e-94b6-81cf6e466e96.zip","environmentVariables":{"FIREBASE_CONFIG":"{\"projectId\":\"wain-d2e28\",\"storageBucket\":\"wain-d2e28.firebasestorage.app\"}","GCLOUD_PROJECT":"wain-d2e28","EVENTARC_CLOUD_EVENT_SOURCE":"projects/wain-d2e28/locations/REGION_TBD/functions/adminCreateVenue"},"runtime":"nodejs22","ingressSettings":"ALLOW_ALL","buildId":"eaa14fe4-b3f0-4548-b8c3-1d1a7219289b","buildEnvironmentVariables":{"GOOGLE_NODE_RUN_SCRIPTS":""},"buildName":"projects/620614484841/locations/us-central1/builds/eaa14fe4-b3f0-4548-b8c3-1d1a7219289b","dockerRegistry":"ARTIFACT_REGISTRY","automaticUpdatePolicy":{},"buildServiceAccount":"projects/wain-d2e28/serviceAccounts/620614484841-compute@developer.gserviceaccount.com","satisfiesPzi":true},{"name":"projects/wain-d2e28/locations/us-central1/functions/listMerchantTopUpRequestsForAdmin","httpsTrigger":{"url":"https://us-central1-wain-d2e28.cloudfunctions.net/listMerchantTopUpRequestsForAdmin","securityLevel":"SECURE_ALWAYS"},"status":"ACTIVE","entryPoint":"listMerchantTopUpRequestsForAdmin","timeout":"60s","availableMemoryMb":256,"serviceAccountEmail":"wain-d2e28@appspot.gserviceaccount.com","updateTime":"2026-05-08T00:21:29.523Z","versionId":"8","labels":{"deployment-tool":"cli-firebase","deployment-callable":"true","firebase-functions-hash":"76a7ce496e94360e2a7bd4ea290a9726bff82202"},"sourceUploadUrl":"https://storage.googleapis.com/uploads-143215426130.us-central1.cloudfunctions.appspot.com/0dc5c37b-1dba-422e-94b6-81cf6e466e96.zip","environmentVariables":{"FIREBASE_CONFIG":"{\"projectId\":\"wain-d2e28\",\"storageBucket\":\"wain-d2e28.firebasestorage.app\"}","GCLOUD_PROJECT":"wain-d2e28","EVENTARC_CLOUD_EVENT_SOURCE":"projects/wain-d2e28/locations/REGION_TBD/functions/listMerchantTopUpRequestsForAdmin"},"runtime":"nodejs22","ingressSettings":"ALLOW_ALL","buildId":"eaa14fe4-b3f0-4548-b8c3-1d1a7219289b","buildEnvironmentVariables":{"GOOGLE_NODE_RUN_SCRIPTS":""},"buildName":"projects/620614484841/locations/us-central1/builds/eaa14fe4-b3f0-4548-b8c3-1d1a7219289b","dockerRegistry":"ARTIFACT_REGISTRY","automaticUpdatePolicy":{},"buildServiceAccount":"projects/wain-d2e28/serviceAccounts/620614484841-compute@developer.gserviceaccount.com","satisfiesPzi":true},{"name":"projects/wain-d2e28/locations/us-central1/functions/configRollbackVersion","httpsTrigger":{"url":"https://us-central1-wain-d2e28.cloudfunctions.net/configRollbackVersion","securityLevel":"SECURE_ALWAYS"},"status":"ACTIVE","entryPoint":"configRollbackVersion","timeout":"60s","availableMemoryMb":256,"serviceAccountEmail":"wain-d2e28@appspot.gserviceaccount.com","updateTime":"2026-05-08T00:21:52.724Z","versionId":"6","labels":{"deployment-tool":"cli-firebase","deployment-callable":"true","firebase-functions-hash":"76a7ce496e94360e2a7bd4ea290a9726bff82202"},"sourceUploadUrl":"https://storage.googleapis.com/uploads-143215426130.us-central1.cloudfunctions.appspot.com/0dc5c37b-1dba-422e-94b6-81cf6e466e96.zip","environmentVariables":{"FIREBASE_CONFIG":"{\"projectId\":\"wain-d2e28\",\"storageBucket\":\"wain-d2e28.firebasestorage.app\"}","GCLOUD_PROJECT":"wain-d2e28","EVENTARC_CLOUD_EVENT_SOURCE":"projects/wain-d2e28/locations/REGION_TBD/functions/configRollbackVersion"},"runtime":"nodejs22","ingressSettings":"ALLOW_ALL","buildId":"eaa14fe4-b3f0-4548-b8c3-1d1a7219289b","buildEnvironmentVariables":{"GOOGLE_NODE_RUN_SCRIPTS":""},"buildName":"projects/620614484841/locations/us-central1/builds/eaa14fe4-b3f0-4548-b8c3-1d1a7219289b","dockerRegistry":"ARTIFACT_REGISTRY","automaticUpdatePolicy":{},"buildServiceAccount":"projects/wain-d2e28/serviceAccounts/620614484841-compute@developer.gserviceaccount.com","satisfiesPzi":true},{"name":"projects/wain-d2e28/locations/us-central1/functions/onReviewWrite","eventTrigger":{"eventType":"providers/cloud.firestore/eventTypes/document.write","resource":"projects/wain-d2e28/databases/(default)/documents/venues/{venueId}/reviews/{reviewId}","service":"firestore.googleapis.com","failurePolicy":{}},"status":"ACTIVE","entryPoint":"onReviewWrite","timeout":"60s","availableMemoryMb":256,"serviceAccountEmail":"wain-d2e28@appspot.gserviceaccount.com","updateTime":"2026-05-08T00:21:30.551Z","versionId":"32","labels":{"deployment-tool":"cli-firebase","firebase-functions-hash":"76a7ce496e94360e2a7bd4ea290a9726bff82202"},"sourceUploadUrl":"https://storage.googleapis.com/uploads-143215426130.us-central1.cloudfunctions.appspot.com/0dc5c37b-1dba-422e-94b6-81cf6e466e96.zip","environmentVariables":{"FIREBASE_CONFIG":"{\"projectId\":\"wain-d2e28\",\"storageBucket\":\"wain-d2e28.firebasestorage.app\"}","GCLOUD_PROJECT":"wain-d2e28","EVENTARC_CLOUD_EVENT_SOURCE":"projects/wain-d2e28/locations/REGION_TBD/functions/onReviewWrite"},"runtime":"nodejs22","maxInstances":3000,"ingressSettings":"ALLOW_ALL","buildId":"eaa14fe4-b3f0-4548-b8c3-1d1a7219289b","buildEnvironmentVariables":{"GOOGLE_NODE_RUN_SCRIPTS":""},"buildName":"projects/620614484841/locations/us-central1/builds/eaa14fe4-b3f0-4548-b8c3-1d1a7219289b","dockerRegistry":"ARTIFACT_REGISTRY","automaticUpdatePolicy":{},"buildServiceAccount":"projects/wain-d2e28/serviceAccounts/620614484841-compute@developer.gserviceaccount.com","satisfiesPzi":true},{"name":"projects/wain-d2e28/locations/us-central1/functions/searchVenuesInBounds","httpsTrigger":{"url":"https://us-central1-wain-d2e28.cloudfunctions.net/searchVenuesInBounds","securityLevel":"SECURE_ALWAYS"},"status":"ACTIVE","entryPoint":"searchVenuesInBounds","timeout":"60s","availableMemoryMb":256,"serviceAccountEmail":"wain-d2e28@appspot.gserviceaccount.com","updateTime":"2026-05-08T00:21:30.823Z","versionId":"33","labels":{"deployment-callable":"true","firebase-functions-hash":"76a7ce496e94360e2a7bd4ea290a9726bff82202","deployment-tool":"cli-firebase"},"sourceUploadUrl":"https://storage.googleapis.com/uploads-143215426130.us-central1.cloudfunctions.appspot.com/0dc5c37b-1dba-422e-94b6-81cf6e466e96.zip","environmentVariables":{"FIREBASE_CONFIG":"{\"projectId\":\"wain-d2e28\",\"storageBucket\":\"wain-d2e28.firebasestorage.app\"}","GCLOUD_PROJECT":"wain-d2e28","EVENTARC_CLOUD_EVENT_SOURCE":"projects/wain-d2e28/locations/REGION_TBD/functions/searchVenuesInBounds"},"runtime":"nodejs22","ingressSettings":"ALLOW_ALL","buildId":"eaa14fe4-b3f0-4548-b8c3-1d1a7219289b","buildEnvironmentVariables":{"GOOGLE_NODE_RUN_SCRIPTS":""},"buildName":"projects/620614484841/locations/us-central1/builds/eaa14fe4-b3f0-4548-b8c3-1d1a7219289b","dockerRegistry":"ARTIFACT_REGISTRY","automaticUpdatePolicy":{},"buildServiceAccount":"projects/wain-d2e28/serviceAccounts/620614484841-compute@developer.gserviceaccount.com","satisfiesPzi":true},{"name":"projects/wain-d2e28/locations/us-central1/functions/getAdminVenueWorkspaceReadBundle","httpsTrigger":{"url":"https://us-central1-wain-d2e28.cloudfunctions.net/getAdminVenueWorkspaceReadBundle","securityLevel":"SECURE_ALWAYS"},"status":"ACTIVE","entryPoint":"getAdminVenueWorkspaceReadBundle","timeout":"60s","availableMemoryMb":256,"serviceAccountEmail":"wain-d2e28@appspot.gserviceaccount.com","updateTime":"2026-05-08T00:21:48.332Z","versionId":"6","labels":{"deployment-callable":"true","firebase-functions-hash":"76a7ce496e94360e2a7bd4ea290a9726bff82202","deployment-tool":"cli-firebase"},"sourceUploadUrl":"https://storage.googleapis.com/uploads-143215426130.us-central1.cloudfunctions.appspot.com/0dc5c37b-1dba-422e-94b6-81cf6e466e96.zip","environmentVariables":{"FIREBASE_CONFIG":"{\"projectId\":\"wain-d2e28\",\"storageBucket\":\"wain-d2e28.firebasestorage.app\"}","GCLOUD_PROJECT":"wain-d2e28","EVENTARC_CLOUD_EVENT_SOURCE":"projects/wain-d2e28/locations/REGION_TBD/functions/getAdminVenueWorkspaceReadBundle"},"runtime":"nodejs22","ingressSettings":"ALLOW_ALL","buildId":"eaa14fe4-b3f0-4548-b8c3-1d1a7219289b","buildEnvironmentVariables":{"GOOGLE_NODE_RUN_SCRIPTS":""},"buildName":"projects/620614484841/locations/us-central1/builds/eaa14fe4-b3f0-4548-b8c3-1d1a7219289b","dockerRegistry":"ARTIFACT_REGISTRY","automaticUpdatePolicy":{},"buildServiceAccount":"projects/wain-d2e28/serviceAccounts/620614484841-compute@developer.gserviceaccount.com","satisfiesPzi":true},{"name":"projects/wain-d2e28/locations/us-central1/functions/walletLifecycleMaintenance","eventTrigger":{"eventType":"google.pubsub.topic.publish","resource":"projects/wain-d2e28/topics/firebase-schedule-walletLifecycleMaintenance-us-central1","service":"pubsub.googleapis.com","failurePolicy":{}},"status":"ACTIVE","entryPoint":"walletLifecycleMaintenance","timeout":"60s","availableMemoryMb":256,"serviceAccountEmail":"wain-d2e28@appspot.gserviceaccount.com","updateTime":"2026-05-08T00:21:30.440Z","versionId":"9","labels":{"deployment-tool":"cli-firebase","deployment-scheduled":"true","firebase-functions-hash":"76a7ce496e94360e2a7bd4ea290a9726bff82202"},"sourceUploadUrl":"https://storage.googleapis.com/uploads-143215426130.us-central1.cloudfunctions.appspot.com/0dc5c37b-1dba-422e-94b6-81cf6e466e96.zip","environmentVariables":{"FIREBASE_CONFIG":"{\"projectId\":\"wain-d2e28\",\"storageBucket\":\"wain-d2e28.firebasestorage.app\"}","GCLOUD_PROJECT":"wain-d2e28","EVENTARC_CLOUD_EVENT_SOURCE":"projects/wain-d2e28/locations/REGION_TBD/functions/walletLifecycleMaintenance"},"runtime":"nodejs22","maxInstances":3000,"ingressSettings":"ALLOW_ALL","buildId":"eaa14fe4-b3f0-4548-b8c3-1d1a7219289b","buildEnvironmentVariables":{"GOOGLE_NODE_RUN_SCRIPTS":""},"buildName":"projects/620614484841/locations/us-central1/builds/eaa14fe4-b3f0-4548-b8c3-1d1a7219289b","dockerRegistry":"ARTIFACT_REGISTRY","automaticUpdatePolicy":{},"buildServiceAccount":"projects/wain-d2e28/serviceAccounts/620614484841-compute@developer.gserviceaccount.com","satisfiesPzi":true},{"name":"projects/wain-d2e28/locations/us-central1/functions/listOffersForAdmin","httpsTrigger":{"url":"https://us-central1-wain-d2e28.cloudfunctions.net/listOffersForAdmin","securityLevel":"SECURE_ALWAYS"},"status":"ACTIVE","entryPoint":"listOffersForAdmin","timeout":"60s","availableMemoryMb":256,"serviceAccountEmail":"wain-d2e28@appspot.gserviceaccount.com","updateTime":"2026-05-08T00:21:56.220Z","versionId":"7","labels":{"firebase-functions-hash":"76a7ce496e94360e2a7bd4ea290a9726bff82202","deployment-tool":"cli-firebase","deployment-callable":"true"},"sourceUploadUrl":"https://storage.googleapis.com/uploads-143215426130.us-central1.cloudfunctions.appspot.com/0dc5c37b-1dba-422e-94b6-81cf6e466e96.zip","environmentVariables":{"FIREBASE_CONFIG":"{\"projectId\":\"wain-d2e28\",\"storageBucket\":\"wain-d2e28.firebasestorage.app\"}","GCLOUD_PROJECT":"wain-d2e28","EVENTARC_CLOUD_EVENT_SOURCE":"projects/wain-d2e28/locations/REGION_TBD/functions/listOffersForAdmin"},"runtime":"nodejs22","ingressSettings":"ALLOW_ALL","buildId":"eaa14fe4-b3f0-4548-b8c3-1d1a7219289b","buildEnvironmentVariables":{"GOOGLE_NODE_RUN_SCRIPTS":""},"buildName":"projects/620614484841/locations/us-central1/builds/eaa14fe4-b3f0-4548-b8c3-1d1a7219289b","dockerRegistry":"ARTIFACT_REGISTRY","automaticUpdatePolicy":{},"buildServiceAccount":"projects/wain-d2e28/serviceAccounts/620614484841-compute@developer.gserviceaccount.com","satisfiesPzi":true},{"name":"projects/wain-d2e28/locations/us-central1/functions/createMerchantTopUpRequest","httpsTrigger":{"url":"https://us-central1-wain-d2e28.cloudfunctions.net/createMerchantTopUpRequest","securityLevel":"SECURE_ALWAYS"},"status":"ACTIVE","entryPoint":"createMerchantTopUpRequest","timeout":"60s","availableMemoryMb":256,"serviceAccountEmail":"wain-d2e28@appspot.gserviceaccount.com","updateTime":"2026-05-08T00:21:29.634Z","versionId":"9","labels":{"deployment-tool":"cli-firebase","deployment-callable":"true","firebase-functions-hash":"76a7ce496e94360e2a7bd4ea290a9726bff82202"},"sourceUploadUrl":"https://storage.googleapis.com/uploads-143215426130.us-central1.cloudfunctions.appspot.com/0dc5c37b-1dba-422e-94b6-81cf6e466e96.zip","environmentVariables":{"FIREBASE_CONFIG":"{\"projectId\":\"wain-d2e28\",\"storageBucket\":\"wain-d2e28.firebasestorage.app\"}","GCLOUD_PROJECT":"wain-d2e28","EVENTARC_CLOUD_EVENT_SOURCE":"projects/wain-d2e28/locations/REGION_TBD/functions/createMerchantTopUpRequest"},"runtime":"nodejs22","ingressSettings":"ALLOW_ALL","buildId":"eaa14fe4-b3f0-4548-b8c3-1d1a7219289b","buildEnvironmentVariables":{"GOOGLE_NODE_RUN_SCRIPTS":""},"buildName":"projects/620614484841/locations/us-central1/builds/eaa14fe4-b3f0-4548-b8c3-1d1a7219289b","dockerRegistry":"ARTIFACT_REGISTRY","automaticUpdatePolicy":{},"buildServiceAccount":"projects/wain-d2e28/serviceAccounts/620614484841-compute@developer.gserviceaccount.com","satisfiesPzi":true},{"name":"projects/wain-d2e28/locations/us-central1/functions/walletExpiryReminderMaintenance","eventTrigger":{"eventType":"google.pubsub.topic.publish","resource":"projects/wain-d2e28/topics/firebase-schedule-walletExpiryReminderMaintenance-us-central1","service":"pubsub.googleapis.com","failurePolicy":{}},"status":"ACTIVE","entryPoint":"walletExpiryReminderMaintenance","timeout":"60s","availableMemoryMb":256,"serviceAccountEmail":"wain-d2e28@appspot.gserviceaccount.com","updateTime":"2026-05-08T00:21:30.727Z","versionId":"9","labels":{"deployment-tool":"cli-firebase","deployment-scheduled":"true","firebase-functions-hash":"76a7ce496e94360e2a7bd4ea290a9726bff82202"},"sourceUploadUrl":"https://storage.googleapis.com/uploads-143215426130.us-central1.cloudfunctions.appspot.com/0dc5c37b-1dba-422e-94b6-81cf6e466e96.zip","environmentVariables":{"FIREBASE_CONFIG":"{\"projectId\":\"wain-d2e28\",\"storageBucket\":\"wain-d2e28.firebasestorage.app\"}","GCLOUD_PROJECT":"wain-d2e28","EVENTARC_CLOUD_EVENT_SOURCE":"projects/wain-d2e28/locations/REGION_TBD/functions/walletExpiryReminderMaintenance"},"runtime":"nodejs22","maxInstances":3000,"ingressSettings":"ALLOW_ALL","buildId":"eaa14fe4-b3f0-4548-b8c3-1d1a7219289b","buildEnvironmentVariables":{"GOOGLE_NODE_RUN_SCRIPTS":""},"buildName":"projects/620614484841/locations/us-central1/builds/eaa14fe4-b3f0-4548-b8c3-1d1a7219289b","dockerRegistry":"ARTIFACT_REGISTRY","automaticUpdatePolicy":{},"buildServiceAccount":"projects/wain-d2e28/serviceAccounts/620614484841-compute@developer.gserviceaccount.com","satisfiesPzi":true},{"name":"projects/wain-d2e28/locations/us-central1/functions/mediaPurgeAsset","httpsTrigger":{"url":"https://us-central1-wain-d2e28.cloudfunctions.net/mediaPurgeAsset","securityLevel":"SECURE_ALWAYS"},"status":"ACTIVE","entryPoint":"mediaPurgeAsset","timeout":"60s","availableMemoryMb":256,"serviceAccountEmail":"wain-d2e28@appspot.gserviceaccount.com","updateTime":"2026-05-08T00:21:49.976Z","versionId":"7","labels":{"deployment-tool":"cli-firebase","deployment-callable":"true","firebase-functions-hash":"76a7ce496e94360e2a7bd4ea290a9726bff82202"},"sourceUploadUrl":"https://storage.googleapis.com/uploads-143215426130.us-central1.cloudfunctions.appspot.com/0dc5c37b-1dba-422e-94b6-81cf6e466e96.zip","environmentVariables":{"FIREBASE_CONFIG":"{\"projectId\":\"wain-d2e28\",\"storageBucket\":\"wain-d2e28.firebasestorage.app\"}","GCLOUD_PROJECT":"wain-d2e28","EVENTARC_CLOUD_EVENT_SOURCE":"projects/wain-d2e28/locations/REGION_TBD/functions/mediaPurgeAsset"},"runtime":"nodejs22","ingressSettings":"ALLOW_ALL","buildId":"eaa14fe4-b3f0-4548-b8c3-1d1a7219289b","buildEnvironmentVariables":{"GOOGLE_NODE_RUN_SCRIPTS":""},"buildName":"projects/620614484841/locations/us-central1/builds/eaa14fe4-b3f0-4548-b8c3-1d1a7219289b","dockerRegistry":"ARTIFACT_REGISTRY","automaticUpdatePolicy":{},"buildServiceAccount":"projects/wain-d2e28/serviceAccounts/620614484841-compute@developer.gserviceaccount.com","satisfiesPzi":true},{"name":"projects/wain-d2e28/locations/us-central1/functions/contentModerateStory","httpsTrigger":{"url":"https://us-central1-wain-d2e28.cloudfunctions.net/contentModerateStory","securityLevel":"SECURE_ALWAYS"},"status":"ACTIVE","entryPoint":"contentModerateStory","timeout":"60s","availableMemoryMb":256,"serviceAccountEmail":"wain-d2e28@appspot.gserviceaccount.com","updateTime":"2026-05-08T00:21:57.359Z","versionId":"7","labels":{"deployment-tool":"cli-firebase","deployment-callable":"true","firebase-functions-hash":"76a7ce496e94360e2a7bd4ea290a9726bff82202"},"sourceUploadUrl":"https://storage.googleapis.com/uploads-143215426130.us-central1.cloudfunctions.appspot.com/0dc5c37b-1dba-422e-94b6-81cf6e466e96.zip","environmentVariables":{"FIREBASE_CONFIG":"{\"projectId\":\"wain-d2e28\",\"storageBucket\":\"wain-d2e28.firebasestorage.app\"}","GCLOUD_PROJECT":"wain-d2e28","EVENTARC_CLOUD_EVENT_SOURCE":"projects/wain-d2e28/locations/REGION_TBD/functions/contentModerateStory"},"runtime":"nodejs22","ingressSettings":"ALLOW_ALL","buildId":"eaa14fe4-b3f0-4548-b8c3-1d1a7219289b","buildEnvironmentVariables":{"GOOGLE_NODE_RUN_SCRIPTS":""},"buildName":"projects/620614484841/locations/us-central1/builds/eaa14fe4-b3f0-4548-b8c3-1d1a7219289b","dockerRegistry":"ARTIFACT_REGISTRY","automaticUpdatePolicy":{},"buildServiceAccount":"projects/wain-d2e28/serviceAccounts/620614484841-compute@developer.gserviceaccount.com","satisfiesPzi":true},{"name":"projects/wain-d2e28/locations/us-central1/functions/configReviewDraft","httpsTrigger":{"url":"https://us-central1-wain-d2e28.cloudfunctions.net/configReviewDraft","securityLevel":"SECURE_ALWAYS"},"status":"ACTIVE","entryPoint":"configReviewDraft","timeout":"60s","availableMemoryMb":256,"serviceAccountEmail":"wain-d2e28@appspot.gserviceaccount.com","updateTime":"2026-05-08T00:21:53.162Z","versionId":"6","labels":{"deployment-tool":"cli-firebase","deployment-callable":"true","firebase-functions-hash":"76a7ce496e94360e2a7bd4ea290a9726bff82202"},"sourceUploadUrl":"https://storage.googleapis.com/uploads-143215426130.us-central1.cloudfunctions.appspot.com/0dc5c37b-1dba-422e-94b6-81cf6e466e96.zip","environmentVariables":{"FIREBASE_CONFIG":"{\"projectId\":\"wain-d2e28\",\"storageBucket\":\"wain-d2e28.firebasestorage.app\"}","GCLOUD_PROJECT":"wain-d2e28","EVENTARC_CLOUD_EVENT_SOURCE":"projects/wain-d2e28/locations/REGION_TBD/functions/configReviewDraft"},"runtime":"nodejs22","ingressSettings":"ALLOW_ALL","buildId":"eaa14fe4-b3f0-4548-b8c3-1d1a7219289b","buildEnvironmentVariables":{"GOOGLE_NODE_RUN_SCRIPTS":""},"buildName":"projects/620614484841/locations/us-central1/builds/eaa14fe4-b3f0-4548-b8c3-1d1a7219289b","dockerRegistry":"ARTIFACT_REGISTRY","automaticUpdatePolicy":{},"buildServiceAccount":"projects/wain-d2e28/serviceAccounts/620614484841-compute@developer.gserviceaccount.com","satisfiesPzi":true},{"name":"projects/wain-d2e28/locations/us-central1/functions/createClaimToken","httpsTrigger":{"url":"https://us-central1-wain-d2e28.cloudfunctions.net/createClaimToken","securityLevel":"SECURE_ALWAYS"},"status":"ACTIVE","entryPoint":"createClaimToken","timeout":"60s","availableMemoryMb":256,"serviceAccountEmail":"wain-d2e28@appspot.gserviceaccount.com","updateTime":"2026-05-08T00:21:30.354Z","versionId":"47","labels":{"deployment-tool":"cli-firebase","deployment-callable":"true","firebase-functions-hash":"76a7ce496e94360e2a7bd4ea290a9726bff82202"},"sourceUploadUrl":"https://storage.googleapis.com/uploads-143215426130.us-central1.cloudfunctions.appspot.com/0dc5c37b-1dba-422e-94b6-81cf6e466e96.zip","environmentVariables":{"FIREBASE_CONFIG":"{\"projectId\":\"wain-d2e28\",\"storageBucket\":\"wain-d2e28.firebasestorage.app\"}","GCLOUD_PROJECT":"wain-d2e28","EVENTARC_CLOUD_EVENT_SOURCE":"projects/wain-d2e28/locations/REGION_TBD/functions/createClaimToken"},"runtime":"nodejs22","ingressSettings":"ALLOW_ALL","buildId":"eaa14fe4-b3f0-4548-b8c3-1d1a7219289b","buildEnvironmentVariables":{"GOOGLE_NODE_RUN_SCRIPTS":""},"buildName":"projects/620614484841/locations/us-central1/builds/eaa14fe4-b3f0-4548-b8c3-1d1a7219289b","dockerRegistry":"ARTIFACT_REGISTRY","automaticUpdatePolicy":{},"buildServiceAccount":"projects/wain-d2e28/serviceAccounts/620614484841-compute@developer.gserviceaccount.com","satisfiesPzi":true},{"name":"projects/wain-d2e28/locations/us-central1/functions/listVenueReviewsForAdmin","httpsTrigger":{"url":"https://us-central1-wain-d2e28.cloudfunctions.net/listVenueReviewsForAdmin","securityLevel":"SECURE_ALWAYS"},"status":"ACTIVE","entryPoint":"listVenueReviewsForAdmin","timeout":"60s","availableMemoryMb":256,"serviceAccountEmail":"wain-d2e28@appspot.gserviceaccount.com","updateTime":"2026-05-08T00:21:31.652Z","versionId":"7","labels":{"deployment-tool":"cli-firebase","deployment-callable":"true","firebase-functions-hash":"76a7ce496e94360e2a7bd4ea290a9726bff82202"},"sourceUploadUrl":"https://storage.googleapis.com/uploads-143215426130.us-central1.cloudfunctions.appspot.com/0dc5c37b-1dba-422e-94b6-81cf6e466e96.zip","environmentVariables":{"FIREBASE_CONFIG":"{\"projectId\":\"wain-d2e28\",\"storageBucket\":\"wain-d2e28.firebasestorage.app\"}","GCLOUD_PROJECT":"wain-d2e28","EVENTARC_CLOUD_EVENT_SOURCE":"projects/wain-d2e28/locations/REGION_TBD/functions/listVenueReviewsForAdmin"},"runtime":"nodejs22","ingressSettings":"ALLOW_ALL","buildId":"eaa14fe4-b3f0-4548-b8c3-1d1a7219289b","buildEnvironmentVariables":{"GOOGLE_NODE_RUN_SCRIPTS":""},"buildName":"projects/620614484841/locations/us-central1/builds/eaa14fe4-b3f0-4548-b8c3-1d1a7219289b","dockerRegistry":"ARTIFACT_REGISTRY","automaticUpdatePolicy":{},"buildServiceAccount":"projects/wain-d2e28/serviceAccounts/620614484841-compute@developer.gserviceaccount.com","satisfiesPzi":true},{"name":"projects/wain-d2e28/locations/us-central1/functions/getAdminMediaInventoryReadBundle","httpsTrigger":{"url":"https://us-central1-wain-d2e28.cloudfunctions.net/getAdminMediaInventoryReadBundle","securityLevel":"SECURE_ALWAYS"},"status":"ACTIVE","entryPoint":"getAdminMediaInventoryReadBundle","timeout":"60s","availableMemoryMb":256,"serviceAccountEmail":"wain-d2e28@appspot.gserviceaccount.com","updateTime":"2026-05-08T00:21:32.082Z","versionId":"7","labels":{"deployment-tool":"cli-firebase","deployment-callable":"true","firebase-functions-hash":"76a7ce496e94360e2a7bd4ea290a9726bff82202"},"sourceUploadUrl":"https://storage.googleapis.com/uploads-143215426130.us-central1.cloudfunctions.appspot.com/0dc5c37b-1dba-422e-94b6-81cf6e466e96.zip","environmentVariables":{"FIREBASE_CONFIG":"{\"projectId\":\"wain-d2e28\",\"storageBucket\":\"wain-d2e28.firebasestorage.app\"}","GCLOUD_PROJECT":"wain-d2e28","EVENTARC_CLOUD_EVENT_SOURCE":"projects/wain-d2e28/locations/REGION_TBD/functions/getAdminMediaInventoryReadBundle"},"runtime":"nodejs22","ingressSettings":"ALLOW_ALL","buildId":"eaa14fe4-b3f0-4548-b8c3-1d1a7219289b","buildEnvironmentVariables":{"GOOGLE_NODE_RUN_SCRIPTS":""},"buildName":"projects/620614484841/locations/us-central1/builds/eaa14fe4-b3f0-4548-b8c3-1d1a7219289b","dockerRegistry":"ARTIFACT_REGISTRY","automaticUpdatePolicy":{},"buildServiceAccount":"projects/wain-d2e28/serviceAccounts/620614484841-compute@developer.gserviceaccount.com","satisfiesPzi":true},{"name":"projects/wain-d2e28/locations/us-central1/functions/aggregateVenueAnalytics","eventTrigger":{"eventType":"google.pubsub.topic.publish","resource":"projects/wain-d2e28/topics/firebase-schedule-aggregateVenueAnalytics-us-central1","service":"pubsub.googleapis.com","failurePolicy":{}},"status":"ACTIVE","entryPoint":"aggregateVenueAnalytics","timeout":"60s","availableMemoryMb":256,"serviceAccountEmail":"wain-d2e28@appspot.gserviceaccount.com","updateTime":"2026-05-08T00:21:30.730Z","versionId":"30","labels":{"deployment-scheduled":"true","firebase-functions-hash":"76a7ce496e94360e2a7bd4ea290a9726bff82202","deployment-tool":"cli-firebase"},"sourceUploadUrl":"https://storage.googleapis.com/uploads-143215426130.us-central1.cloudfunctions.appspot.com/0dc5c37b-1dba-422e-94b6-81cf6e466e96.zip","environmentVariables":{"FIREBASE_CONFIG":"{\"projectId\":\"wain-d2e28\",\"storageBucket\":\"wain-d2e28.firebasestorage.app\"}","GCLOUD_PROJECT":"wain-d2e28","EVENTARC_CLOUD_EVENT_SOURCE":"projects/wain-d2e28/locations/REGION_TBD/functions/aggregateVenueAnalytics"},"runtime":"nodejs22","maxInstances":3000,"ingressSettings":"ALLOW_ALL","buildId":"eaa14fe4-b3f0-4548-b8c3-1d1a7219289b","buildEnvironmentVariables":{"GOOGLE_NODE_RUN_SCRIPTS":""},"buildName":"projects/620614484841/locations/us-central1/builds/eaa14fe4-b3f0-4548-b8c3-1d1a7219289b","dockerRegistry":"ARTIFACT_REGISTRY","automaticUpdatePolicy":{},"buildServiceAccount":"projects/wain-d2e28/serviceAccounts/620614484841-compute@developer.gserviceaccount.com","satisfiesPzi":true},{"name":"projects/wain-d2e28/locations/us-central1/functions/listStoriesForAdmin","httpsTrigger":{"url":"https://us-central1-wain-d2e28.cloudfunctions.net/listStoriesForAdmin","securityLevel":"SECURE_ALWAYS"},"status":"ACTIVE","entryPoint":"listStoriesForAdmin","timeout":"60s","availableMemoryMb":256,"serviceAccountEmail":"wain-d2e28@appspot.gserviceaccount.com","updateTime":"2026-05-08T00:21:55.537Z","versionId":"7","labels":{"deployment-callable":"true","firebase-functions-hash":"76a7ce496e94360e2a7bd4ea290a9726bff82202","deployment-tool":"cli-firebase"},"sourceUploadUrl":"https://storage.googleapis.com/uploads-143215426130.us-central1.cloudfunctions.appspot.com/0dc5c37b-1dba-422e-94b6-81cf6e466e96.zip","environmentVariables":{"FIREBASE_CONFIG":"{\"projectId\":\"wain-d2e28\",\"storageBucket\":\"wain-d2e28.firebasestorage.app\"}","GCLOUD_PROJECT":"wain-d2e28","EVENTARC_CLOUD_EVENT_SOURCE":"projects/wain-d2e28/locations/REGION_TBD/functions/listStoriesForAdmin"},"runtime":"nodejs22","ingressSettings":"ALLOW_ALL","buildId":"eaa14fe4-b3f0-4548-b8c3-1d1a7219289b","buildEnvironmentVariables":{"GOOGLE_NODE_RUN_SCRIPTS":""},"buildName":"projects/620614484841/locations/us-central1/builds/eaa14fe4-b3f0-4548-b8c3-1d1a7219289b","dockerRegistry":"ARTIFACT_REGISTRY","automaticUpdatePolicy":{},"buildServiceAccount":"projects/wain-d2e28/serviceAccounts/620614484841-compute@developer.gserviceaccount.com","satisfiesPzi":true},{"name":"projects/wain-d2e28/locations/us-central1/functions/adminUpdateVenueOperationalStatus","httpsTrigger":{"url":"https://us-central1-wain-d2e28.cloudfunctions.net/adminUpdateVenueOperationalStatus","securityLevel":"SECURE_ALWAYS"},"status":"ACTIVE","entryPoint":"adminUpdateVenueOperationalStatus","timeout":"60s","availableMemoryMb":256,"serviceAccountEmail":"wain-d2e28@appspot.gserviceaccount.com","updateTime":"2026-05-08T00:21:55.823Z","versionId":"6","labels":{"deployment-tool":"cli-firebase","deployment-callable":"true","firebase-functions-hash":"76a7ce496e94360e2a7bd4ea290a9726bff82202"},"sourceUploadUrl":"https://storage.googleapis.com/uploads-143215426130.us-central1.cloudfunctions.appspot.com/0dc5c37b-1dba-422e-94b6-81cf6e466e96.zip","environmentVariables":{"FIREBASE_CONFIG":"{\"projectId\":\"wain-d2e28\",\"storageBucket\":\"wain-d2e28.firebasestorage.app\"}","GCLOUD_PROJECT":"wain-d2e28","EVENTARC_CLOUD_EVENT_SOURCE":"projects/wain-d2e28/locations/REGION_TBD/functions/adminUpdateVenueOperationalStatus"},"runtime":"nodejs22","ingressSettings":"ALLOW_ALL","buildId":"eaa14fe4-b3f0-4548-b8c3-1d1a7219289b","buildEnvironmentVariables":{"GOOGLE_NODE_RUN_SCRIPTS":""},"buildName":"projects/620614484841/locations/us-central1/builds/eaa14fe4-b3f0-4548-b8c3-1d1a7219289b","dockerRegistry":"ARTIFACT_REGISTRY","automaticUpdatePolicy":{},"buildServiceAccount":"projects/wain-d2e28/serviceAccounts/620614484841-compute@developer.gserviceaccount.com","satisfiesPzi":true},{"name":"projects/wain-d2e28/locations/us-central1/functions/runMenuOcr","httpsTrigger":{"url":"https://us-central1-wain-d2e28.cloudfunctions.net/runMenuOcr","securityLevel":"SECURE_ALWAYS"},"status":"ACTIVE","entryPoint":"runMenuOcr","timeout":"60s","availableMemoryMb":256,"serviceAccountEmail":"wain-d2e28@appspot.gserviceaccount.com","updateTime":"2026-05-08T00:21:30.827Z","versionId":"28","labels":{"firebase-functions-hash":"76a7ce496e94360e2a7bd4ea290a9726bff82202","deployment-tool":"cli-firebase","deployment-callable":"true"},"sourceUploadUrl":"https://storage.googleapis.com/uploads-143215426130.us-central1.cloudfunctions.appspot.com/0dc5c37b-1dba-422e-94b6-81cf6e466e96.zip","environmentVariables":{"FIREBASE_CONFIG":"{\"projectId\":\"wain-d2e28\",\"storageBucket\":\"wain-d2e28.firebasestorage.app\"}","GCLOUD_PROJECT":"wain-d2e28","EVENTARC_CLOUD_EVENT_SOURCE":"projects/wain-d2e28/locations/REGION_TBD/functions/runMenuOcr"},"runtime":"nodejs22","ingressSettings":"ALLOW_ALL","buildId":"eaa14fe4-b3f0-4548-b8c3-1d1a7219289b","buildEnvironmentVariables":{"GOOGLE_NODE_RUN_SCRIPTS":""},"buildName":"projects/620614484841/locations/us-central1/builds/eaa14fe4-b3f0-4548-b8c3-1d1a7219289b","dockerRegistry":"ARTIFACT_REGISTRY","automaticUpdatePolicy":{},"buildServiceAccount":"projects/wain-d2e28/serviceAccounts/620614484841-compute@developer.gserviceaccount.com","satisfiesPzi":true},{"name":"projects/wain-d2e28/locations/us-central1/functions/backfillMerchantAnalytics","httpsTrigger":{"url":"https://us-central1-wain-d2e28.cloudfunctions.net/backfillMerchantAnalytics","securityLevel":"SECURE_ALWAYS"},"status":"ACTIVE","entryPoint":"backfillMerchantAnalytics","timeout":"60s","availableMemoryMb":256,"serviceAccountEmail":"wain-d2e28@appspot.gserviceaccount.com","updateTime":"2026-05-08T00:21:29.789Z","versionId":"38","labels":{"deployment-tool":"cli-firebase","deployment-callable":"true","firebase-functions-hash":"76a7ce496e94360e2a7bd4ea290a9726bff82202"},"sourceUploadUrl":"https://storage.googleapis.com/uploads-143215426130.us-central1.cloudfunctions.appspot.com/0dc5c37b-1dba-422e-94b6-81cf6e466e96.zip","environmentVariables":{"FIREBASE_CONFIG":"{\"projectId\":\"wain-d2e28\",\"storageBucket\":\"wain-d2e28.firebasestorage.app\"}","GCLOUD_PROJECT":"wain-d2e28","EVENTARC_CLOUD_EVENT_SOURCE":"projects/wain-d2e28/locations/REGION_TBD/functions/backfillMerchantAnalytics"},"runtime":"nodejs22","ingressSettings":"ALLOW_ALL","buildId":"eaa14fe4-b3f0-4548-b8c3-1d1a7219289b","buildEnvironmentVariables":{"GOOGLE_NODE_RUN_SCRIPTS":""},"buildName":"projects/620614484841/locations/us-central1/builds/eaa14fe4-b3f0-4548-b8c3-1d1a7219289b","dockerRegistry":"ARTIFACT_REGISTRY","automaticUpdatePolicy":{},"buildServiceAccount":"projects/wain-d2e28/serviceAccounts/620614484841-compute@developer.gserviceaccount.com","satisfiesPzi":true},{"name":"projects/wain-d2e28/locations/us-central1/functions/extractMenuCandidates","httpsTrigger":{"url":"https://us-central1-wain-d2e28.cloudfunctions.net/extractMenuCandidates","securityLevel":"SECURE_ALWAYS"},"status":"ACTIVE","entryPoint":"extractMenuCandidates","timeout":"60s","availableMemoryMb":256,"serviceAccountEmail":"wain-d2e28@appspot.gserviceaccount.com","updateTime":"2026-05-08T00:21:30.202Z","versionId":"28","labels":{"firebase-functions-hash":"76a7ce496e94360e2a7bd4ea290a9726bff82202","deployment-tool":"cli-firebase","deployment-callable":"true"},"sourceUploadUrl":"https://storage.googleapis.com/uploads-143215426130.us-central1.cloudfunctions.appspot.com/0dc5c37b-1dba-422e-94b6-81cf6e466e96.zip","environmentVariables":{"FIREBASE_CONFIG":"{\"projectId\":\"wain-d2e28\",\"storageBucket\":\"wain-d2e28.firebasestorage.app\"}","GCLOUD_PROJECT":"wain-d2e28","EVENTARC_CLOUD_EVENT_SOURCE":"projects/wain-d2e28/locations/REGION_TBD/functions/extractMenuCandidates"},"runtime":"nodejs22","ingressSettings":"ALLOW_ALL","buildId":"eaa14fe4-b3f0-4548-b8c3-1d1a7219289b","buildEnvironmentVariables":{"GOOGLE_NODE_RUN_SCRIPTS":""},"buildName":"projects/620614484841/locations/us-central1/builds/eaa14fe4-b3f0-4548-b8c3-1d1a7219289b","dockerRegistry":"ARTIFACT_REGISTRY","automaticUpdatePolicy":{},"buildServiceAccount":"projects/wain-d2e28/serviceAccounts/620614484841-compute@developer.gserviceaccount.com","satisfiesPzi":true},{"name":"projects/wain-d2e28/locations/us-central1/functions/updateVenueHasOffers","eventTrigger":{"eventType":"providers/cloud.firestore/eventTypes/document.write","resource":"projects/wain-d2e28/databases/(default)/documents/offers/{offerId}","service":"firestore.googleapis.com","failurePolicy":{}},"status":"ACTIVE","entryPoint":"updateVenueHasOffers","timeout":"60s","availableMemoryMb":256,"serviceAccountEmail":"wain-d2e28@appspot.gserviceaccount.com","updateTime":"2026-05-08T00:21:29.888Z","versionId":"32","labels":{"deployment-tool":"cli-firebase","firebase-functions-hash":"76a7ce496e94360e2a7bd4ea290a9726bff82202"},"sourceUploadUrl":"https://storage.googleapis.com/uploads-143215426130.us-central1.cloudfunctions.appspot.com/0dc5c37b-1dba-422e-94b6-81cf6e466e96.zip","environmentVariables":{"FIREBASE_CONFIG":"{\"projectId\":\"wain-d2e28\",\"storageBucket\":\"wain-d2e28.firebasestorage.app\"}","GCLOUD_PROJECT":"wain-d2e28","EVENTARC_CLOUD_EVENT_SOURCE":"projects/wain-d2e28/locations/REGION_TBD/functions/updateVenueHasOffers"},"runtime":"nodejs22","maxInstances":3000,"ingressSettings":"ALLOW_ALL","buildId":"eaa14fe4-b3f0-4548-b8c3-1d1a7219289b","buildEnvironmentVariables":{"GOOGLE_NODE_RUN_SCRIPTS":""},"buildName":"projects/620614484841/locations/us-central1/builds/eaa14fe4-b3f0-4548-b8c3-1d1a7219289b","dockerRegistry":"ARTIFACT_REGISTRY","automaticUpdatePolicy":{},"buildServiceAccount":"projects/wain-d2e28/serviceAccounts/620614484841-compute@developer.gserviceaccount.com","satisfiesPzi":true},{"name":"projects/wain-d2e28/locations/us-central1/functions/trackVenueEvent","httpsTrigger":{"url":"https://us-central1-wain-d2e28.cloudfunctions.net/trackVenueEvent","securityLevel":"SECURE_ALWAYS"},"status":"ACTIVE","entryPoint":"trackVenueEvent","timeout":"60s","availableMemoryMb":256,"serviceAccountEmail":"wain-d2e28@appspot.gserviceaccount.com","updateTime":"2026-05-08T00:21:30.816Z","versionId":"32","labels":{"deployment-tool":"cli-firebase","deployment-callable":"true","firebase-functions-hash":"76a7ce496e94360e2a7bd4ea290a9726bff82202"},"sourceUploadUrl":"https://storage.googleapis.com/uploads-143215426130.us-central1.cloudfunctions.appspot.com/0dc5c37b-1dba-422e-94b6-81cf6e466e96.zip","environmentVariables":{"FIREBASE_CONFIG":"{\"projectId\":\"wain-d2e28\",\"storageBucket\":\"wain-d2e28.firebasestorage.app\"}","GCLOUD_PROJECT":"wain-d2e28","EVENTARC_CLOUD_EVENT_SOURCE":"projects/wain-d2e28/locations/REGION_TBD/functions/trackVenueEvent"},"runtime":"nodejs22","ingressSettings":"ALLOW_ALL","buildId":"eaa14fe4-b3f0-4548-b8c3-1d1a7219289b","buildEnvironmentVariables":{"GOOGLE_NODE_RUN_SCRIPTS":""},"buildName":"projects/620614484841/locations/us-central1/builds/eaa14fe4-b3f0-4548-b8c3-1d1a7219289b","dockerRegistry":"ARTIFACT_REGISTRY","automaticUpdatePolicy":{},"buildServiceAccount":"projects/wain-d2e28/serviceAccounts/620614484841-compute@developer.gserviceaccount.com","satisfiesPzi":true},{"name":"projects/wain-d2e28/locations/us-central1/functions/promoteStory","httpsTrigger":{"url":"https://us-central1-wain-d2e28.cloudfunctions.net/promoteStory","securityLevel":"SECURE_ALWAYS"},"status":"ACTIVE","entryPoint":"promoteStory","timeout":"60s","availableMemoryMb":256,"serviceAccountEmail":"wain-d2e28@appspot.gserviceaccount.com","updateTime":"2026-05-08T00:21:30.253Z","versionId":"39","labels":{"deployment-tool":"cli-firebase","deployment-callable":"true","firebase-functions-hash":"76a7ce496e94360e2a7bd4ea290a9726bff82202"},"sourceUploadUrl":"https://storage.googleapis.com/uploads-143215426130.us-central1.cloudfunctions.appspot.com/0dc5c37b-1dba-422e-94b6-81cf6e466e96.zip","environmentVariables":{"FIREBASE_CONFIG":"{\"projectId\":\"wain-d2e28\",\"storageBucket\":\"wain-d2e28.firebasestorage.app\"}","GCLOUD_PROJECT":"wain-d2e28","EVENTARC_CLOUD_EVENT_SOURCE":"projects/wain-d2e28/locations/REGION_TBD/functions/promoteStory"},"runtime":"nodejs22","ingressSettings":"ALLOW_ALL","buildId":"eaa14fe4-b3f0-4548-b8c3-1d1a7219289b","buildEnvironmentVariables":{"GOOGLE_NODE_RUN_SCRIPTS":""},"buildName":"projects/620614484841/locations/us-central1/builds/eaa14fe4-b3f0-4548-b8c3-1d1a7219289b","dockerRegistry":"ARTIFACT_REGISTRY","automaticUpdatePolicy":{},"buildServiceAccount":"projects/wain-d2e28/serviceAccounts/620614484841-compute@developer.gserviceaccount.com","satisfiesPzi":true},{"name":"projects/wain-d2e28/locations/us-central1/functions/createTransportHandoff","httpsTrigger":{"url":"https://us-central1-wain-d2e28.cloudfunctions.net/createTransportHandoff","securityLevel":"SECURE_ALWAYS"},"status":"ACTIVE","entryPoint":"createTransportHandoff","timeout":"60s","availableMemoryMb":256,"serviceAccountEmail":"wain-d2e28@appspot.gserviceaccount.com","updateTime":"2026-05-08T11:49:56.206Z","versionId":"14","labels":{"deployment-tool":"cli-firebase","deployment-callable":"true","firebase-functions-hash":"76a7ce496e94360e2a7bd4ea290a9726bff82202"},"sourceUploadUrl":"https://storage.googleapis.com/uploads-143215426130.us-central1.cloudfunctions.appspot.com/0b64fdbf-46d2-4629-ab53-457230efd1d3.zip","environmentVariables":{"FIREBASE_CONFIG":"{\"projectId\":\"wain-d2e28\",\"storageBucket\":\"wain-d2e28.firebasestorage.app\"}","GCLOUD_PROJECT":"wain-d2e28","EVENTARC_CLOUD_EVENT_SOURCE":"projects/wain-d2e28/locations/REGION_TBD/functions/createTransportHandoff"},"runtime":"nodejs22","ingressSettings":"ALLOW_ALL","buildId":"c7e4798f-40e0-47f5-a22e-dbbbf01c76d4","buildEnvironmentVariables":{"GOOGLE_NODE_RUN_SCRIPTS":""},"buildName":"projects/620614484841/locations/us-central1/builds/c7e4798f-40e0-47f5-a22e-dbbbf01c76d4","dockerRegistry":"ARTIFACT_REGISTRY","automaticUpdatePolicy":{},"buildServiceAccount":"projects/wain-d2e28/serviceAccounts/620614484841-compute@developer.gserviceaccount.com","satisfiesPzi":true},{"name":"projects/wain-d2e28/locations/us-central1/functions/adminUpdateVenueSubscriptionStatus","httpsTrigger":{"url":"https://us-central1-wain-d2e28.cloudfunctions.net/adminUpdateVenueSubscriptionStatus","securityLevel":"SECURE_ALWAYS"},"status":"ACTIVE","entryPoint":"adminUpdateVenueSubscriptionStatus","timeout":"60s","availableMemoryMb":256,"serviceAccountEmail":"wain-d2e28@appspot.gserviceaccount.com","updateTime":"2026-05-08T00:21:50.627Z","versionId":"6","labels":{"deployment-tool":"cli-firebase","deployment-callable":"true","firebase-functions-hash":"76a7ce496e94360e2a7bd4ea290a9726bff82202"},"sourceUploadUrl":"https://storage.googleapis.com/uploads-143215426130.us-central1.cloudfunctions.appspot.com/0dc5c37b-1dba-422e-94b6-81cf6e466e96.zip","environmentVariables":{"FIREBASE_CONFIG":"{\"projectId\":\"wain-d2e28\",\"storageBucket\":\"wain-d2e28.firebasestorage.app\"}","GCLOUD_PROJECT":"wain-d2e28","EVENTARC_CLOUD_EVENT_SOURCE":"projects/wain-d2e28/locations/REGION_TBD/functions/adminUpdateVenueSubscriptionStatus"},"runtime":"nodejs22","ingressSettings":"ALLOW_ALL","buildId":"eaa14fe4-b3f0-4548-b8c3-1d1a7219289b","buildEnvironmentVariables":{"GOOGLE_NODE_RUN_SCRIPTS":""},"buildName":"projects/620614484841/locations/us-central1/builds/eaa14fe4-b3f0-4548-b8c3-1d1a7219289b","dockerRegistry":"ARTIFACT_REGISTRY","automaticUpdatePolicy":{},"buildServiceAccount":"projects/wain-d2e28/serviceAccounts/620614484841-compute@developer.gserviceaccount.com","satisfiesPzi":true},{"name":"projects/wain-d2e28/locations/us-central1/functions/configPublishDraft","httpsTrigger":{"url":"https://us-central1-wain-d2e28.cloudfunctions.net/configPublishDraft","securityLevel":"SECURE_ALWAYS"},"status":"ACTIVE","entryPoint":"configPublishDraft","timeout":"60s","availableMemoryMb":256,"serviceAccountEmail":"wain-d2e28@appspot.gserviceaccount.com","updateTime":"2026-05-08T00:21:49.682Z","versionId":"6","labels":{"firebase-functions-hash":"76a7ce496e94360e2a7bd4ea290a9726bff82202","deployment-tool":"cli-firebase","deployment-callable":"true"},"sourceUploadUrl":"https://storage.googleapis.com/uploads-143215426130.us-central1.cloudfunctions.appspot.com/0dc5c37b-1dba-422e-94b6-81cf6e466e96.zip","environmentVariables":{"FIREBASE_CONFIG":"{\"projectId\":\"wain-d2e28\",\"storageBucket\":\"wain-d2e28.firebasestorage.app\"}","GCLOUD_PROJECT":"wain-d2e28","EVENTARC_CLOUD_EVENT_SOURCE":"projects/wain-d2e28/locations/REGION_TBD/functions/configPublishDraft"},"runtime":"nodejs22","ingressSettings":"ALLOW_ALL","buildId":"eaa14fe4-b3f0-4548-b8c3-1d1a7219289b","buildEnvironmentVariables":{"GOOGLE_NODE_RUN_SCRIPTS":""},"buildName":"projects/620614484841/locations/us-central1/builds/eaa14fe4-b3f0-4548-b8c3-1d1a7219289b","dockerRegistry":"ARTIFACT_REGISTRY","automaticUpdatePolicy":{},"buildServiceAccount":"projects/wain-d2e28/serviceAccounts/620614484841-compute@developer.gserviceaccount.com","satisfiesPzi":true},{"name":"projects/wain-d2e28/locations/us-central1/functions/createMenuImportJob","httpsTrigger":{"url":"https://us-central1-wain-d2e28.cloudfunctions.net/createMenuImportJob","securityLevel":"SECURE_ALWAYS"},"status":"ACTIVE","entryPoint":"createMenuImportJob","timeout":"60s","availableMemoryMb":256,"serviceAccountEmail":"wain-d2e28@appspot.gserviceaccount.com","updateTime":"2026-05-08T00:21:32.708Z","versionId":"28","labels":{"deployment-tool":"cli-firebase","deployment-callable":"true","firebase-functions-hash":"76a7ce496e94360e2a7bd4ea290a9726bff82202"},"sourceUploadUrl":"https://storage.googleapis.com/uploads-143215426130.us-central1.cloudfunctions.appspot.com/0dc5c37b-1dba-422e-94b6-81cf6e466e96.zip","environmentVariables":{"FIREBASE_CONFIG":"{\"projectId\":\"wain-d2e28\",\"storageBucket\":\"wain-d2e28.firebasestorage.app\"}","GCLOUD_PROJECT":"wain-d2e28","EVENTARC_CLOUD_EVENT_SOURCE":"projects/wain-d2e28/locations/REGION_TBD/functions/createMenuImportJob"},"runtime":"nodejs22","ingressSettings":"ALLOW_ALL","buildId":"eaa14fe4-b3f0-4548-b8c3-1d1a7219289b","buildEnvironmentVariables":{"GOOGLE_NODE_RUN_SCRIPTS":""},"buildName":"projects/620614484841/locations/us-central1/builds/eaa14fe4-b3f0-4548-b8c3-1d1a7219289b","dockerRegistry":"ARTIFACT_REGISTRY","automaticUpdatePolicy":{},"buildServiceAccount":"projects/wain-d2e28/serviceAccounts/620614484841-compute@developer.gserviceaccount.com","satisfiesPzi":true},{"name":"projects/wain-d2e28/locations/us-central1/functions/mapExtractedMenu","httpsTrigger":{"url":"https://us-central1-wain-d2e28.cloudfunctions.net/mapExtractedMenu","securityLevel":"SECURE_ALWAYS"},"status":"ACTIVE","entryPoint":"mapExtractedMenu","timeout":"60s","availableMemoryMb":256,"serviceAccountEmail":"wain-d2e28@appspot.gserviceaccount.com","updateTime":"2026-05-08T00:21:30.616Z","versionId":"28","labels":{"deployment-tool":"cli-firebase","deployment-callable":"true","firebase-functions-hash":"76a7ce496e94360e2a7bd4ea290a9726bff82202"},"sourceUploadUrl":"https://storage.googleapis.com/uploads-143215426130.us-central1.cloudfunctions.appspot.com/0dc5c37b-1dba-422e-94b6-81cf6e466e96.zip","environmentVariables":{"FIREBASE_CONFIG":"{\"projectId\":\"wain-d2e28\",\"storageBucket\":\"wain-d2e28.firebasestorage.app\"}","GCLOUD_PROJECT":"wain-d2e28","EVENTARC_CLOUD_EVENT_SOURCE":"projects/wain-d2e28/locations/REGION_TBD/functions/mapExtractedMenu"},"runtime":"nodejs22","ingressSettings":"ALLOW_ALL","buildId":"eaa14fe4-b3f0-4548-b8c3-1d1a7219289b","buildEnvironmentVariables":{"GOOGLE_NODE_RUN_SCRIPTS":""},"buildName":"projects/620614484841/locations/us-central1/builds/eaa14fe4-b3f0-4548-b8c3-1d1a7219289b","dockerRegistry":"ARTIFACT_REGISTRY","automaticUpdatePolicy":{},"buildServiceAccount":"projects/wain-d2e28/serviceAccounts/620614484841-compute@developer.gserviceaccount.com","satisfiesPzi":true},{"name":"projects/wain-d2e28/locations/us-central1/functions/mediaReferenceCheckAsset","httpsTrigger":{"url":"https://us-central1-wain-d2e28.cloudfunctions.net/mediaReferenceCheckAsset","securityLevel":"SECURE_ALWAYS"},"status":"ACTIVE","entryPoint":"mediaReferenceCheckAsset","timeout":"60s","availableMemoryMb":256,"serviceAccountEmail":"wain-d2e28@appspot.gserviceaccount.com","updateTime":"2026-05-08T00:21:53.427Z","versionId":"7","labels":{"firebase-functions-hash":"76a7ce496e94360e2a7bd4ea290a9726bff82202","deployment-tool":"cli-firebase","deployment-callable":"true"},"sourceUploadUrl":"https://storage.googleapis.com/uploads-143215426130.us-central1.cloudfunctions.appspot.com/0dc5c37b-1dba-422e-94b6-81cf6e466e96.zip","environmentVariables":{"FIREBASE_CONFIG":"{\"projectId\":\"wain-d2e28\",\"storageBucket\":\"wain-d2e28.firebasestorage.app\"}","GCLOUD_PROJECT":"wain-d2e28","EVENTARC_CLOUD_EVENT_SOURCE":"projects/wain-d2e28/locations/REGION_TBD/functions/mediaReferenceCheckAsset"},"runtime":"nodejs22","ingressSettings":"ALLOW_ALL","buildId":"eaa14fe4-b3f0-4548-b8c3-1d1a7219289b","buildEnvironmentVariables":{"GOOGLE_NODE_RUN_SCRIPTS":""},"buildName":"projects/620614484841/locations/us-central1/builds/eaa14fe4-b3f0-4548-b8c3-1d1a7219289b","dockerRegistry":"ARTIFACT_REGISTRY","automaticUpdatePolicy":{},"buildServiceAccount":"projects/wain-d2e28/serviceAccounts/620614484841-compute@developer.gserviceaccount.com","satisfiesPzi":true},{"name":"projects/wain-d2e28/locations/us-central1/functions/adminUpdateVenueProfile","httpsTrigger":{"url":"https://us-central1-wain-d2e28.cloudfunctions.net/adminUpdateVenueProfile","securityLevel":"SECURE_ALWAYS"},"status":"ACTIVE","entryPoint":"adminUpdateVenueProfile","timeout":"60s","availableMemoryMb":256,"serviceAccountEmail":"wain-d2e28@appspot.gserviceaccount.com","updateTime":"2026-05-08T00:21:59.323Z","versionId":"6","labels":{"deployment-tool":"cli-firebase","deployment-callable":"true","firebase-functions-hash":"76a7ce496e94360e2a7bd4ea290a9726bff82202"},"sourceUploadUrl":"https://storage.googleapis.com/uploads-143215426130.us-central1.cloudfunctions.appspot.com/0dc5c37b-1dba-422e-94b6-81cf6e466e96.zip","environmentVariables":{"FIREBASE_CONFIG":"{\"projectId\":\"wain-d2e28\",\"storageBucket\":\"wain-d2e28.firebasestorage.app\"}","GCLOUD_PROJECT":"wain-d2e28","EVENTARC_CLOUD_EVENT_SOURCE":"projects/wain-d2e28/locations/REGION_TBD/functions/adminUpdateVenueProfile"},"runtime":"nodejs22","ingressSettings":"ALLOW_ALL","buildId":"eaa14fe4-b3f0-4548-b8c3-1d1a7219289b","buildEnvironmentVariables":{"GOOGLE_NODE_RUN_SCRIPTS":""},"buildName":"projects/620614484841/locations/us-central1/builds/eaa14fe4-b3f0-4548-b8c3-1d1a7219289b","dockerRegistry":"ARTIFACT_REGISTRY","automaticUpdatePolicy":{},"buildServiceAccount":"projects/wain-d2e28/serviceAccounts/620614484841-compute@developer.gserviceaccount.com","satisfiesPzi":true},{"name":"projects/wain-d2e28/locations/us-central1/functions/configUpsertDraft","httpsTrigger":{"url":"https://us-central1-wain-d2e28.cloudfunctions.net/configUpsertDraft","securityLevel":"SECURE_ALWAYS"},"status":"ACTIVE","entryPoint":"configUpsertDraft","timeout":"60s","availableMemoryMb":256,"serviceAccountEmail":"wain-d2e28@appspot.gserviceaccount.com","updateTime":"2026-05-08T00:21:51.464Z","versionId":"6","labels":{"deployment-tool":"cli-firebase","deployment-callable":"true","firebase-functions-hash":"76a7ce496e94360e2a7bd4ea290a9726bff82202"},"sourceUploadUrl":"https://storage.googleapis.com/uploads-143215426130.us-central1.cloudfunctions.appspot.com/0dc5c37b-1dba-422e-94b6-81cf6e466e96.zip","environmentVariables":{"FIREBASE_CONFIG":"{\"projectId\":\"wain-d2e28\",\"storageBucket\":\"wain-d2e28.firebasestorage.app\"}","GCLOUD_PROJECT":"wain-d2e28","EVENTARC_CLOUD_EVENT_SOURCE":"projects/wain-d2e28/locations/REGION_TBD/functions/configUpsertDraft"},"runtime":"nodejs22","ingressSettings":"ALLOW_ALL","buildId":"eaa14fe4-b3f0-4548-b8c3-1d1a7219289b","buildEnvironmentVariables":{"GOOGLE_NODE_RUN_SCRIPTS":""},"buildName":"projects/620614484841/locations/us-central1/builds/eaa14fe4-b3f0-4548-b8c3-1d1a7219289b","dockerRegistry":"ARTIFACT_REGISTRY","automaticUpdatePolicy":{},"buildServiceAccount":"projects/wain-d2e28/serviceAccounts/620614484841-compute@developer.gserviceaccount.com","satisfiesPzi":true},{"name":"projects/wain-d2e28/locations/us-central1/functions/approveWalletReversalRequest","httpsTrigger":{"url":"https://us-central1-wain-d2e28.cloudfunctions.net/approveWalletReversalRequest","securityLevel":"SECURE_ALWAYS"},"status":"ACTIVE","entryPoint":"approveWalletReversalRequest","timeout":"60s","availableMemoryMb":256,"serviceAccountEmail":"wain-d2e28@appspot.gserviceaccount.com","updateTime":"2026-05-08T00:21:30.608Z","versionId":"8","labels":{"firebase-functions-hash":"76a7ce496e94360e2a7bd4ea290a9726bff82202","deployment-tool":"cli-firebase","deployment-callable":"true"},"sourceUploadUrl":"https://storage.googleapis.com/uploads-143215426130.us-central1.cloudfunctions.appspot.com/0dc5c37b-1dba-422e-94b6-81cf6e466e96.zip","environmentVariables":{"FIREBASE_CONFIG":"{\"projectId\":\"wain-d2e28\",\"storageBucket\":\"wain-d2e28.firebasestorage.app\"}","GCLOUD_PROJECT":"wain-d2e28","EVENTARC_CLOUD_EVENT_SOURCE":"projects/wain-d2e28/locations/REGION_TBD/functions/approveWalletReversalRequest"},"runtime":"nodejs22","ingressSettings":"ALLOW_ALL","buildId":"eaa14fe4-b3f0-4548-b8c3-1d1a7219289b","buildEnvironmentVariables":{"GOOGLE_NODE_RUN_SCRIPTS":""},"buildName":"projects/620614484841/locations/us-central1/builds/eaa14fe4-b3f0-4548-b8c3-1d1a7219289b","dockerRegistry":"ARTIFACT_REGISTRY","automaticUpdatePolicy":{},"buildServiceAccount":"projects/wain-d2e28/serviceAccounts/620614484841-compute@developer.gserviceaccount.com","satisfiesPzi":true},{"name":"projects/wain-d2e28/locations/us-central1/functions/mediaQuarantineAsset","httpsTrigger":{"url":"https://us-central1-wain-d2e28.cloudfunctions.net/mediaQuarantineAsset","securityLevel":"SECURE_ALWAYS"},"status":"ACTIVE","entryPoint":"mediaQuarantineAsset","timeout":"60s","availableMemoryMb":256,"serviceAccountEmail":"wain-d2e28@appspot.gserviceaccount.com","updateTime":"2026-05-08T00:21:30.656Z","versionId":"7","labels":{"deployment-tool":"cli-firebase","deployment-callable":"true","firebase-functions-hash":"76a7ce496e94360e2a7bd4ea290a9726bff82202"},"sourceUploadUrl":"https://storage.googleapis.com/uploads-143215426130.us-central1.cloudfunctions.appspot.com/0dc5c37b-1dba-422e-94b6-81cf6e466e96.zip","environmentVariables":{"FIREBASE_CONFIG":"{\"projectId\":\"wain-d2e28\",\"storageBucket\":\"wain-d2e28.firebasestorage.app\"}","GCLOUD_PROJECT":"wain-d2e28","EVENTARC_CLOUD_EVENT_SOURCE":"projects/wain-d2e28/locations/REGION_TBD/functions/mediaQuarantineAsset"},"runtime":"nodejs22","ingressSettings":"ALLOW_ALL","buildId":"eaa14fe4-b3f0-4548-b8c3-1d1a7219289b","buildEnvironmentVariables":{"GOOGLE_NODE_RUN_SCRIPTS":""},"buildName":"projects/620614484841/locations/us-central1/builds/eaa14fe4-b3f0-4548-b8c3-1d1a7219289b","dockerRegistry":"ARTIFACT_REGISTRY","automaticUpdatePolicy":{},"buildServiceAccount":"projects/wain-d2e28/serviceAccounts/620614484841-compute@developer.gserviceaccount.com","satisfiesPzi":true},{"name":"projects/wain-d2e28/locations/us-central1/functions/getAdminConfigGovernanceBundle","httpsTrigger":{"url":"https://us-central1-wain-d2e28.cloudfunctions.net/getAdminConfigGovernanceBundle","securityLevel":"SECURE_ALWAYS"},"status":"ACTIVE","entryPoint":"getAdminConfigGovernanceBundle","timeout":"60s","availableMemoryMb":256,"serviceAccountEmail":"wain-d2e28@appspot.gserviceaccount.com","updateTime":"2026-05-08T00:21:52.336Z","versionId":"7","labels":{"deployment-tool":"cli-firebase","deployment-callable":"true","firebase-functions-hash":"76a7ce496e94360e2a7bd4ea290a9726bff82202"},"sourceUploadUrl":"https://storage.googleapis.com/uploads-143215426130.us-central1.cloudfunctions.appspot.com/0dc5c37b-1dba-422e-94b6-81cf6e466e96.zip","environmentVariables":{"FIREBASE_CONFIG":"{\"projectId\":\"wain-d2e28\",\"storageBucket\":\"wain-d2e28.firebasestorage.app\"}","GCLOUD_PROJECT":"wain-d2e28","EVENTARC_CLOUD_EVENT_SOURCE":"projects/wain-d2e28/locations/REGION_TBD/functions/getAdminConfigGovernanceBundle"},"runtime":"nodejs22","ingressSettings":"ALLOW_ALL","buildId":"eaa14fe4-b3f0-4548-b8c3-1d1a7219289b","buildEnvironmentVariables":{"GOOGLE_NODE_RUN_SCRIPTS":""},"buildName":"projects/620614484841/locations/us-central1/builds/eaa14fe4-b3f0-4548-b8c3-1d1a7219289b","dockerRegistry":"ARTIFACT_REGISTRY","automaticUpdatePolicy":{},"buildServiceAccount":"projects/wain-d2e28/serviceAccounts/620614484841-compute@developer.gserviceaccount.com","satisfiesPzi":true},{"name":"projects/wain-d2e28/locations/us-central1/functions/rebuildWalletReportsDaily","eventTrigger":{"eventType":"google.pubsub.topic.publish","resource":"projects/wain-d2e28/topics/firebase-schedule-rebuildWalletReportsDaily-us-central1","service":"pubsub.googleapis.com","failurePolicy":{}},"status":"ACTIVE","entryPoint":"rebuildWalletReportsDaily","timeout":"60s","availableMemoryMb":256,"serviceAccountEmail":"wain-d2e28@appspot.gserviceaccount.com","updateTime":"2026-05-08T00:21:30.430Z","versionId":"9","labels":{"deployment-tool":"cli-firebase","deployment-scheduled":"true","firebase-functions-hash":"76a7ce496e94360e2a7bd4ea290a9726bff82202"},"sourceUploadUrl":"https://storage.googleapis.com/uploads-143215426130.us-central1.cloudfunctions.appspot.com/0dc5c37b-1dba-422e-94b6-81cf6e466e96.zip","environmentVariables":{"FIREBASE_CONFIG":"{\"projectId\":\"wain-d2e28\",\"storageBucket\":\"wain-d2e28.firebasestorage.app\"}","GCLOUD_PROJECT":"wain-d2e28","EVENTARC_CLOUD_EVENT_SOURCE":"projects/wain-d2e28/locations/REGION_TBD/functions/rebuildWalletReportsDaily"},"runtime":"nodejs22","maxInstances":3000,"ingressSettings":"ALLOW_ALL","buildId":"eaa14fe4-b3f0-4548-b8c3-1d1a7219289b","buildEnvironmentVariables":{"GOOGLE_NODE_RUN_SCRIPTS":""},"buildName":"projects/620614484841/locations/us-central1/builds/eaa14fe4-b3f0-4548-b8c3-1d1a7219289b","dockerRegistry":"ARTIFACT_REGISTRY","automaticUpdatePolicy":{},"buildServiceAccount":"projects/wain-d2e28/serviceAccounts/620614484841-compute@developer.gserviceaccount.com","satisfiesPzi":true},{"name":"projects/wain-d2e28/locations/us-central1/functions/aggregateVenueBusyTimes","eventTrigger":{"eventType":"google.pubsub.topic.publish","resource":"projects/wain-d2e28/topics/firebase-schedule-aggregateVenueBusyTimes-us-central1","service":"pubsub.googleapis.com","failurePolicy":{}},"status":"ACTIVE","entryPoint":"aggregateVenueBusyTimes","timeout":"60s","availableMemoryMb":256,"serviceAccountEmail":"wain-d2e28@appspot.gserviceaccount.com","updateTime":"2026-05-08T00:21:31.144Z","versionId":"12","labels":{"deployment-tool":"cli-firebase","deployment-scheduled":"true","firebase-functions-hash":"76a7ce496e94360e2a7bd4ea290a9726bff82202"},"sourceUploadUrl":"https://storage.googleapis.com/uploads-143215426130.us-central1.cloudfunctions.appspot.com/0dc5c37b-1dba-422e-94b6-81cf6e466e96.zip","environmentVariables":{"FIREBASE_CONFIG":"{\"projectId\":\"wain-d2e28\",\"storageBucket\":\"wain-d2e28.firebasestorage.app\"}","GCLOUD_PROJECT":"wain-d2e28","EVENTARC_CLOUD_EVENT_SOURCE":"projects/wain-d2e28/locations/REGION_TBD/functions/aggregateVenueBusyTimes"},"runtime":"nodejs22","maxInstances":3000,"ingressSettings":"ALLOW_ALL","buildId":"eaa14fe4-b3f0-4548-b8c3-1d1a7219289b","buildEnvironmentVariables":{"GOOGLE_NODE_RUN_SCRIPTS":""},"buildName":"projects/620614484841/locations/us-central1/builds/eaa14fe4-b3f0-4548-b8c3-1d1a7219289b","dockerRegistry":"ARTIFACT_REGISTRY","automaticUpdatePolicy":{},"buildServiceAccount":"projects/wain-d2e28/serviceAccounts/620614484841-compute@developer.gserviceaccount.com","satisfiesPzi":true},{"name":"projects/wain-d2e28/locations/us-central1/functions/reverseWalletEntry","httpsTrigger":{"url":"https://us-central1-wain-d2e28.cloudfunctions.net/reverseWalletEntry","securityLevel":"SECURE_ALWAYS"},"status":"ACTIVE","entryPoint":"reverseWalletEntry","timeout":"60s","availableMemoryMb":256,"serviceAccountEmail":"wain-d2e28@appspot.gserviceaccount.com","updateTime":"2026-05-08T00:21:30.685Z","versionId":"9","labels":{"deployment-tool":"cli-firebase","deployment-callable":"true","firebase-functions-hash":"76a7ce496e94360e2a7bd4ea290a9726bff82202"},"sourceUploadUrl":"https://storage.googleapis.com/uploads-143215426130.us-central1.cloudfunctions.appspot.com/0dc5c37b-1dba-422e-94b6-81cf6e466e96.zip","environmentVariables":{"FIREBASE_CONFIG":"{\"projectId\":\"wain-d2e28\",\"storageBucket\":\"wain-d2e28.firebasestorage.app\"}","GCLOUD_PROJECT":"wain-d2e28","EVENTARC_CLOUD_EVENT_SOURCE":"projects/wain-d2e28/locations/REGION_TBD/functions/reverseWalletEntry"},"runtime":"nodejs22","ingressSettings":"ALLOW_ALL","buildId":"eaa14fe4-b3f0-4548-b8c3-1d1a7219289b","buildEnvironmentVariables":{"GOOGLE_NODE_RUN_SCRIPTS":""},"buildName":"projects/620614484841/locations/us-central1/builds/eaa14fe4-b3f0-4548-b8c3-1d1a7219289b","dockerRegistry":"ARTIFACT_REGISTRY","automaticUpdatePolicy":{},"buildServiceAccount":"projects/wain-d2e28/serviceAccounts/620614484841-compute@developer.gserviceaccount.com","satisfiesPzi":true},{"name":"projects/wain-d2e28/locations/us-central1/functions/processMenuImport","httpsTrigger":{"url":"https://us-central1-wain-d2e28.cloudfunctions.net/processMenuImport","securityLevel":"SECURE_ALWAYS"},"status":"ACTIVE","entryPoint":"processMenuImport","timeout":"60s","availableMemoryMb":256,"serviceAccountEmail":"wain-d2e28@appspot.gserviceaccount.com","updateTime":"2026-05-08T00:21:30.730Z","versionId":"28","labels":{"deployment-tool":"cli-firebase","deployment-callable":"true","firebase-functions-hash":"76a7ce496e94360e2a7bd4ea290a9726bff82202"},"sourceUploadUrl":"https://storage.googleapis.com/uploads-143215426130.us-central1.cloudfunctions.appspot.com/0dc5c37b-1dba-422e-94b6-81cf6e466e96.zip","environmentVariables":{"FIREBASE_CONFIG":"{\"projectId\":\"wain-d2e28\",\"storageBucket\":\"wain-d2e28.firebasestorage.app\"}","GCLOUD_PROJECT":"wain-d2e28","EVENTARC_CLOUD_EVENT_SOURCE":"projects/wain-d2e28/locations/REGION_TBD/functions/processMenuImport"},"runtime":"nodejs22","ingressSettings":"ALLOW_ALL","buildId":"eaa14fe4-b3f0-4548-b8c3-1d1a7219289b","buildEnvironmentVariables":{"GOOGLE_NODE_RUN_SCRIPTS":""},"buildName":"projects/620614484841/locations/us-central1/builds/eaa14fe4-b3f0-4548-b8c3-1d1a7219289b","dockerRegistry":"ARTIFACT_REGISTRY","automaticUpdatePolicy":{},"buildServiceAccount":"projects/wain-d2e28/serviceAccounts/620614484841-compute@developer.gserviceaccount.com","satisfiesPzi":true},{"name":"projects/wain-d2e28/locations/us-central1/functions/getTransportQuotes","httpsTrigger":{"url":"https://us-central1-wain-d2e28.cloudfunctions.net/getTransportQuotes","securityLevel":"SECURE_ALWAYS"},"status":"ACTIVE","entryPoint":"getTransportQuotes","timeout":"60s","availableMemoryMb":256,"serviceAccountEmail":"wain-d2e28@appspot.gserviceaccount.com","updateTime":"2026-05-08T11:49:57.334Z","versionId":"14","labels":{"deployment-tool":"cli-firebase","deployment-callable":"true","firebase-functions-hash":"76a7ce496e94360e2a7bd4ea290a9726bff82202"},"sourceUploadUrl":"https://storage.googleapis.com/uploads-143215426130.us-central1.cloudfunctions.appspot.com/0b64fdbf-46d2-4629-ab53-457230efd1d3.zip","environmentVariables":{"FIREBASE_CONFIG":"{\"projectId\":\"wain-d2e28\",\"storageBucket\":\"wain-d2e28.firebasestorage.app\"}","GCLOUD_PROJECT":"wain-d2e28","EVENTARC_CLOUD_EVENT_SOURCE":"projects/wain-d2e28/locations/REGION_TBD/functions/getTransportQuotes"},"runtime":"nodejs22","ingressSettings":"ALLOW_ALL","buildId":"c7e4798f-40e0-47f5-a22e-dbbbf01c76d4","buildEnvironmentVariables":{"GOOGLE_NODE_RUN_SCRIPTS":""},"buildName":"projects/620614484841/locations/us-central1/builds/c7e4798f-40e0-47f5-a22e-dbbbf01c76d4","dockerRegistry":"ARTIFACT_REGISTRY","automaticUpdatePolicy":{},"buildServiceAccount":"projects/wain-d2e28/serviceAccounts/620614484841-compute@developer.gserviceaccount.com","satisfiesPzi":true},{"name":"projects/wain-d2e28/locations/us-central1/functions/contentModerateOffer","httpsTrigger":{"url":"https://us-central1-wain-d2e28.cloudfunctions.net/contentModerateOffer","securityLevel":"SECURE_ALWAYS"},"status":"ACTIVE","entryPoint":"contentModerateOffer","timeout":"60s","availableMemoryMb":256,"serviceAccountEmail":"wain-d2e28@appspot.gserviceaccount.com","updateTime":"2026-05-08T00:21:48.559Z","versionId":"7","labels":{"deployment-tool":"cli-firebase","deployment-callable":"true","firebase-functions-hash":"76a7ce496e94360e2a7bd4ea290a9726bff82202"},"sourceUploadUrl":"https://storage.googleapis.com/uploads-143215426130.us-central1.cloudfunctions.appspot.com/0dc5c37b-1dba-422e-94b6-81cf6e466e96.zip","environmentVariables":{"FIREBASE_CONFIG":"{\"projectId\":\"wain-d2e28\",\"storageBucket\":\"wain-d2e28.firebasestorage.app\"}","GCLOUD_PROJECT":"wain-d2e28","EVENTARC_CLOUD_EVENT_SOURCE":"projects/wain-d2e28/locations/REGION_TBD/functions/contentModerateOffer"},"runtime":"nodejs22","ingressSettings":"ALLOW_ALL","buildId":"eaa14fe4-b3f0-4548-b8c3-1d1a7219289b","buildEnvironmentVariables":{"GOOGLE_NODE_RUN_SCRIPTS":""},"buildName":"projects/620614484841/locations/us-central1/builds/eaa14fe4-b3f0-4548-b8c3-1d1a7219289b","dockerRegistry":"ARTIFACT_REGISTRY","automaticUpdatePolicy":{},"buildServiceAccount":"projects/wain-d2e28/serviceAccounts/620614484841-compute@developer.gserviceaccount.com","satisfiesPzi":true},{"name":"projects/wain-d2e28/locations/us-central1/functions/moderateVenueReviewForAdmin","httpsTrigger":{"url":"https://us-central1-wain-d2e28.cloudfunctions.net/moderateVenueReviewForAdmin","securityLevel":"SECURE_ALWAYS"},"status":"ACTIVE","entryPoint":"moderateVenueReviewForAdmin","timeout":"60s","availableMemoryMb":256,"serviceAccountEmail":"wain-d2e28@appspot.gserviceaccount.com","updateTime":"2026-05-08T00:21:31.205Z","versionId":"7","labels":{"deployment-tool":"cli-firebase","deployment-callable":"true","firebase-functions-hash":"76a7ce496e94360e2a7bd4ea290a9726bff82202"},"sourceUploadUrl":"https://storage.googleapis.com/uploads-143215426130.us-central1.cloudfunctions.appspot.com/0dc5c37b-1dba-422e-94b6-81cf6e466e96.zip","environmentVariables":{"FIREBASE_CONFIG":"{\"projectId\":\"wain-d2e28\",\"storageBucket\":\"wain-d2e28.firebasestorage.app\"}","GCLOUD_PROJECT":"wain-d2e28","EVENTARC_CLOUD_EVENT_SOURCE":"projects/wain-d2e28/locations/REGION_TBD/functions/moderateVenueReviewForAdmin"},"runtime":"nodejs22","ingressSettings":"ALLOW_ALL","buildId":"eaa14fe4-b3f0-4548-b8c3-1d1a7219289b","buildEnvironmentVariables":{"GOOGLE_NODE_RUN_SCRIPTS":""},"buildName":"projects/620614484841/locations/us-central1/builds/eaa14fe4-b3f0-4548-b8c3-1d1a7219289b","dockerRegistry":"ARTIFACT_REGISTRY","automaticUpdatePolicy":{},"buildServiceAccount":"projects/wain-d2e28/serviceAccounts/620614484841-compute@developer.gserviceaccount.com","satisfiesPzi":true},{"name":"projects/wain-d2e28/locations/us-central1/functions/reviewMerchantTopUpRequest","httpsTrigger":{"url":"https://us-central1-wain-d2e28.cloudfunctions.net/reviewMerchantTopUpRequest","securityLevel":"SECURE_ALWAYS"},"status":"ACTIVE","entryPoint":"reviewMerchantTopUpRequest","timeout":"60s","availableMemoryMb":256,"serviceAccountEmail":"wain-d2e28@appspot.gserviceaccount.com","updateTime":"2026-05-08T00:21:31.436Z","versionId":"9","labels":{"deployment-tool":"cli-firebase","deployment-callable":"true","firebase-functions-hash":"76a7ce496e94360e2a7bd4ea290a9726bff82202"},"sourceUploadUrl":"https://storage.googleapis.com/uploads-143215426130.us-central1.cloudfunctions.appspot.com/0dc5c37b-1dba-422e-94b6-81cf6e466e96.zip","environmentVariables":{"FIREBASE_CONFIG":"{\"projectId\":\"wain-d2e28\",\"storageBucket\":\"wain-d2e28.firebasestorage.app\"}","GCLOUD_PROJECT":"wain-d2e28","EVENTARC_CLOUD_EVENT_SOURCE":"projects/wain-d2e28/locations/REGION_TBD/functions/reviewMerchantTopUpRequest"},"runtime":"nodejs22","ingressSettings":"ALLOW_ALL","buildId":"eaa14fe4-b3f0-4548-b8c3-1d1a7219289b","buildEnvironmentVariables":{"GOOGLE_NODE_RUN_SCRIPTS":""},"buildName":"projects/620614484841/locations/us-central1/builds/eaa14fe4-b3f0-4548-b8c3-1d1a7219289b","dockerRegistry":"ARTIFACT_REGISTRY","automaticUpdatePolicy":{},"buildServiceAccount":"projects/wain-d2e28/serviceAccounts/620614484841-compute@developer.gserviceaccount.com","satisfiesPzi":true},{"name":"projects/wain-d2e28/locations/us-central1/functions/onWalletEntryWrite","eventTrigger":{"eventType":"providers/cloud.firestore/eventTypes/document.write","resource":"projects/wain-d2e28/databases/(default)/documents/merchant_wallets/{venueId}/entries/{entryId}","service":"firestore.googleapis.com","failurePolicy":{}},"status":"ACTIVE","entryPoint":"onWalletEntryWrite","timeout":"60s","availableMemoryMb":256,"serviceAccountEmail":"wain-d2e28@appspot.gserviceaccount.com","updateTime":"2026-05-08T00:21:30.591Z","versionId":"9","labels":{"deployment-tool":"cli-firebase","firebase-functions-hash":"76a7ce496e94360e2a7bd4ea290a9726bff82202"},"sourceUploadUrl":"https://storage.googleapis.com/uploads-143215426130.us-central1.cloudfunctions.appspot.com/0dc5c37b-1dba-422e-94b6-81cf6e466e96.zip","environmentVariables":{"FIREBASE_CONFIG":"{\"projectId\":\"wain-d2e28\",\"storageBucket\":\"wain-d2e28.firebasestorage.app\"}","GCLOUD_PROJECT":"wain-d2e28","EVENTARC_CLOUD_EVENT_SOURCE":"projects/wain-d2e28/locations/REGION_TBD/functions/onWalletEntryWrite"},"runtime":"nodejs22","maxInstances":3000,"ingressSettings":"ALLOW_ALL","buildId":"eaa14fe4-b3f0-4548-b8c3-1d1a7219289b","buildEnvironmentVariables":{"GOOGLE_NODE_RUN_SCRIPTS":""},"buildName":"projects/620614484841/locations/us-central1/builds/eaa14fe4-b3f0-4548-b8c3-1d1a7219289b","dockerRegistry":"ARTIFACT_REGISTRY","automaticUpdatePolicy":{},"buildServiceAccount":"projects/wain-d2e28/serviceAccounts/620614484841-compute@developer.gserviceaccount.com","satisfiesPzi":true},{"name":"projects/wain-d2e28/locations/us-central1/functions/redeemToken","httpsTrigger":{"url":"https://us-central1-wain-d2e28.cloudfunctions.net/redeemToken","securityLevel":"SECURE_ALWAYS"},"status":"ACTIVE","entryPoint":"redeemToken","timeout":"60s","availableMemoryMb":256,"serviceAccountEmail":"wain-d2e28@appspot.gserviceaccount.com","updateTime":"2026-05-08T00:21:30.466Z","versionId":"48","labels":{"deployment-tool":"cli-firebase","deployment-callable":"true","firebase-functions-hash":"76a7ce496e94360e2a7bd4ea290a9726bff82202"},"sourceUploadUrl":"https://storage.googleapis.com/uploads-143215426130.us-central1.cloudfunctions.appspot.com/0dc5c37b-1dba-422e-94b6-81cf6e466e96.zip","environmentVariables":{"FIREBASE_CONFIG":"{\"projectId\":\"wain-d2e28\",\"storageBucket\":\"wain-d2e28.firebasestorage.app\"}","GCLOUD_PROJECT":"wain-d2e28","EVENTARC_CLOUD_EVENT_SOURCE":"projects/wain-d2e28/locations/REGION_TBD/functions/redeemToken"},"runtime":"nodejs22","ingressSettings":"ALLOW_ALL","buildId":"eaa14fe4-b3f0-4548-b8c3-1d1a7219289b","buildEnvironmentVariables":{"GOOGLE_NODE_RUN_SCRIPTS":""},"buildName":"projects/620614484841/locations/us-central1/builds/eaa14fe4-b3f0-4548-b8c3-1d1a7219289b","dockerRegistry":"ARTIFACT_REGISTRY","automaticUpdatePolicy":{},"buildServiceAccount":"projects/wain-d2e28/serviceAccounts/620614484841-compute@developer.gserviceaccount.com","satisfiesPzi":true},{"name":"projects/wain-d2e28/locations/us-central1/functions/isCurrentUserAdmin","httpsTrigger":{"url":"https://us-central1-wain-d2e28.cloudfunctions.net/isCurrentUserAdmin","securityLevel":"SECURE_ALWAYS"},"status":"ACTIVE","entryPoint":"isCurrentUserAdmin","timeout":"60s","availableMemoryMb":256,"serviceAccountEmail":"wain-d2e28@appspot.gserviceaccount.com","updateTime":"2026-05-08T00:21:30.423Z","versionId":"9","labels":{"deployment-tool":"cli-firebase","deployment-callable":"true","firebase-functions-hash":"76a7ce496e94360e2a7bd4ea290a9726bff82202"},"sourceUploadUrl":"https://storage.googleapis.com/uploads-143215426130.us-central1.cloudfunctions.appspot.com/0dc5c37b-1dba-422e-94b6-81cf6e466e96.zip","environmentVariables":{"FIREBASE_CONFIG":"{\"projectId\":\"wain-d2e28\",\"storageBucket\":\"wain-d2e28.firebasestorage.app\"}","GCLOUD_PROJECT":"wain-d2e28","EVENTARC_CLOUD_EVENT_SOURCE":"projects/wain-d2e28/locations/REGION_TBD/functions/isCurrentUserAdmin"},"runtime":"nodejs22","ingressSettings":"ALLOW_ALL","buildId":"eaa14fe4-b3f0-4548-b8c3-1d1a7219289b","buildEnvironmentVariables":{"GOOGLE_NODE_RUN_SCRIPTS":""},"buildName":"projects/620614484841/locations/us-central1/builds/eaa14fe4-b3f0-4548-b8c3-1d1a7219289b","dockerRegistry":"ARTIFACT_REGISTRY","automaticUpdatePolicy":{},"buildServiceAccount":"projects/wain-d2e28/serviceAccounts/620614484841-compute@developer.gserviceaccount.com","satisfiesPzi":true},{"name":"projects/wain-d2e28/locations/us-central1/functions/checkExpiringOffers","eventTrigger":{"eventType":"google.pubsub.topic.publish","resource":"projects/wain-d2e28/topics/firebase-schedule-checkExpiringOffers-us-central1","service":"pubsub.googleapis.com","failurePolicy":{}},"status":"ACTIVE","entryPoint":"checkExpiringOffers","timeout":"60s","availableMemoryMb":256,"serviceAccountEmail":"wain-d2e28@appspot.gserviceaccount.com","updateTime":"2026-05-08T00:21:29.802Z","versionId":"32","labels":{"deployment-tool":"cli-firebase","deployment-scheduled":"true","firebase-functions-hash":"76a7ce496e94360e2a7bd4ea290a9726bff82202"},"sourceUploadUrl":"https://storage.googleapis.com/uploads-143215426130.us-central1.cloudfunctions.appspot.com/0dc5c37b-1dba-422e-94b6-81cf6e466e96.zip","environmentVariables":{"FIREBASE_CONFIG":"{\"projectId\":\"wain-d2e28\",\"storageBucket\":\"wain-d2e28.firebasestorage.app\"}","GCLOUD_PROJECT":"wain-d2e28","EVENTARC_CLOUD_EVENT_SOURCE":"projects/wain-d2e28/locations/REGION_TBD/functions/checkExpiringOffers"},"runtime":"nodejs22","maxInstances":3000,"ingressSettings":"ALLOW_ALL","buildId":"eaa14fe4-b3f0-4548-b8c3-1d1a7219289b","buildEnvironmentVariables":{"GOOGLE_NODE_RUN_SCRIPTS":""},"buildName":"projects/620614484841/locations/us-central1/builds/eaa14fe4-b3f0-4548-b8c3-1d1a7219289b","dockerRegistry":"ARTIFACT_REGISTRY","automaticUpdatePolicy":{},"buildServiceAccount":"projects/wain-d2e28/serviceAccounts/620614484841-compute@developer.gserviceaccount.com","satisfiesPzi":true},{"name":"projects/wain-d2e28/locations/us-central1/functions/enqueueMenuImport","httpsTrigger":{"url":"https://us-central1-wain-d2e28.cloudfunctions.net/enqueueMenuImport","securityLevel":"SECURE_ALWAYS"},"status":"ACTIVE","entryPoint":"enqueueMenuImport","timeout":"60s","availableMemoryMb":256,"serviceAccountEmail":"wain-d2e28@appspot.gserviceaccount.com","updateTime":"2026-05-08T00:21:30.066Z","versionId":"21","labels":{"deployment-callable":"true","firebase-functions-hash":"76a7ce496e94360e2a7bd4ea290a9726bff82202","deployment-tool":"cli-firebase"},"sourceUploadUrl":"https://storage.googleapis.com/uploads-143215426130.us-central1.cloudfunctions.appspot.com/0dc5c37b-1dba-422e-94b6-81cf6e466e96.zip","environmentVariables":{"FIREBASE_CONFIG":"{\"projectId\":\"wain-d2e28\",\"storageBucket\":\"wain-d2e28.firebasestorage.app\"}","GCLOUD_PROJECT":"wain-d2e28","EVENTARC_CLOUD_EVENT_SOURCE":"projects/wain-d2e28/locations/REGION_TBD/functions/enqueueMenuImport"},"runtime":"nodejs22","ingressSettings":"ALLOW_ALL","buildId":"eaa14fe4-b3f0-4548-b8c3-1d1a7219289b","buildEnvironmentVariables":{"GOOGLE_NODE_RUN_SCRIPTS":""},"buildName":"projects/620614484841/locations/us-central1/builds/eaa14fe4-b3f0-4548-b8c3-1d1a7219289b","dockerRegistry":"ARTIFACT_REGISTRY","automaticUpdatePolicy":{},"buildServiceAccount":"projects/wain-d2e28/serviceAccounts/620614484841-compute@developer.gserviceaccount.com","satisfiesPzi":true}]}
[2026-05-08T12:28:15.349Z] Checked if tokens are valid: true, expires at: 1778244413413
[2026-05-08T12:28:15.349Z] Checked if tokens are valid: true, expires at: 1778244413413
[2026-05-08T12:28:15.349Z] >>> [apiv2][query] GET https://cloudfunctions.googleapis.com/v2/projects/wain-d2e28/locations/-/functions filter=environment%3D%22GEN_2%22
[2026-05-08T12:28:16.462Z] <<< [apiv2][status] GET https://cloudfunctions.googleapis.com/v2/projects/wain-d2e28/locations/-/functions 200
[2026-05-08T12:28:16.462Z] <<< [apiv2][body] GET https://cloudfunctions.googleapis.com/v2/projects/wain-d2e28/locations/-/functions {"functions":[{"name":"projects/wain-d2e28/locations/us-central1/functions/ssrwainadmin","buildConfig":{"build":"projects/620614484841/locations/us-central1/builds/207450f3-d456-4ebb-95bd-314c6b779baf","runtime":"nodejs24","entryPoint":"ssrwainadmin","source":{"storageSource":{"bucket":"gcf-v2-sources-620614484841-us-central1","object":"ssrwainadmin/function-source.zip","generation":"1778192908363790"}},"environmentVariables":{"GOOGLE_NODE_RUN_SCRIPTS":""},"dockerRepository":"projects/wain-d2e28/locations/us-central1/repositories/gcf-artifacts","sourceProvenance":{"resolvedStorageSource":{"bucket":"gcf-v2-sources-620614484841-us-central1","object":"ssrwainadmin/function-source.zip","generation":"1778192908363790"}},"dockerRegistry":"ARTIFACT_REGISTRY","serviceAccount":"projects/wain-d2e28/serviceAccounts/620614484841-compute@developer.gserviceaccount.com","automaticUpdatePolicy":{}},"serviceConfig":{"service":"projects/wain-d2e28/locations/us-central1/services/ssrwainadmin","timeoutSeconds":60,"environmentVariables":{"VERCEL_URL":"wain-d2e28.web.app","__FIREBASE_FRAMEWORKS_ENTRY__":"next.js","__FIREBASE_DEFAULTS__":"{\"config\":{\"projectId\":\"wain-d2e28\",\"appId\":\"1:620614484841:web:ac86320829e764bc41b3f8\",\"storageBucket\":\"wain-d2e28.firebasestorage.app\",\"apiKey\":\"AIzaSyC9YKkNcRIbFkVeiO-sBbA2zgJxEzm6rlM\",\"authDomain\":\"wain-d2e28.firebaseapp.com\",\"messagingSenderId\":\"620614484841\",\"measurementId\":\"G-EV5MVJZX2R\",\"projectNumber\":\"620614484841\",\"version\":\"2\"},\"_authTokenSyncURL\":\"/__session\"}","FIREBASE_CONFIG":"{\"projectId\":\"wain-d2e28\",\"storageBucket\":\"wain-d2e28.firebasestorage.app\"}","GCLOUD_PROJECT":"wain-d2e28","EVENTARC_CLOUD_EVENT_SOURCE":"projects/wain-d2e28/locations/us-central1/services/ssrwainadmin","FUNCTION_TARGET":"ssrwainadmin","LOG_EXECUTION_ID":"true"},"maxInstanceCount":20,"ingressSettings":"ALLOW_ALL","uri":"https://ssrwainadmin-wvn5fhzfsq-uc.a.run.app","serviceAccountEmail":"620614484841-compute@developer.gserviceaccount.com","availableMemory":"512Mi","allTrafficOnLatestRevision":true,"revision":"ssrwainadmin-00067-xig","maxInstanceRequestConcurrency":80,"availableCpu":"1"},"state":"ACTIVE","updateTime":"2026-05-07T22:31:10.265684988Z","labels":{"deployment-tool":"cli-firebase","firebase-functions-codebase":"firebase-frameworks-wain-admin","firebase-functions-hash":"14e7746e13cd7b52d74d0a4cd0d441cdb01dcc9b"},"environment":"GEN_2","url":"https://us-central1-wain-d2e28.cloudfunctions.net/ssrwainadmin","createTime":"2026-04-19T15:34:01.002358269Z","satisfiesPzi":true}]}
i  hosting: The following function(s) are pinned to site wain-admin and will be deployed as well: ssrwainadmin 

=== Deploying to 'wain-d2e28'...

i  deploying functions, hosting 
[2026-05-08T12:28:16.464Z] Checked if tokens are valid: true, expires at: 1778244413413
[2026-05-08T12:28:16.464Z] Checked if tokens are valid: true, expires at: 1778244413413
[2026-05-08T12:28:16.464Z] >>> [apiv2][query] GET https://cloudresourcemanager.googleapis.com/v1/projects/wain-d2e28 [none]
[2026-05-08T12:28:17.380Z] <<< [apiv2][status] GET https://cloudresourcemanager.googleapis.com/v1/projects/wain-d2e28 200
[2026-05-08T12:28:17.380Z] <<< [apiv2][body] GET https://cloudresourcemanager.googleapis.com/v1/projects/wain-d2e28 {"projectNumber":"620614484841","projectId":"wain-d2e28","lifecycleState":"ACTIVE","name":"wain","labels":{"firebase":"enabled","firebase-core":"disabled"},"createTime":"2026-02-04T02:43:09.330680Z"}
i  functions: preparing codebase firebase-frameworks-wain-admin for deployment 
i  functions: ensuring required API cloudfunctions.googleapis.com is enabled... 
i  functions: ensuring required API cloudbuild.googleapis.com is enabled... 
i  artifactregistry: ensuring required API artifactregistry.googleapis.com is enabled... 
[2026-05-08T12:28:17.382Z] Checked if tokens are valid: true, expires at: 1778244413413
[2026-05-08T12:28:17.382Z] Checked if tokens are valid: true, expires at: 1778244413413
[2026-05-08T12:28:17.382Z] >>> [apiv2][query] GET https://firebase.googleapis.com/v1beta1/projects/wain-d2e28/adminSdkConfig [none]
[2026-05-08T12:28:18.025Z] <<< [apiv2][status] GET https://firebase.googleapis.com/v1beta1/projects/wain-d2e28/adminSdkConfig 200
[2026-05-08T12:28:18.025Z] <<< [apiv2][body] GET https://firebase.googleapis.com/v1beta1/projects/wain-d2e28/adminSdkConfig {"projectId":"wain-d2e28","storageBucket":"wain-d2e28.firebasestorage.app"}
[2026-05-08T12:28:18.026Z] Checked if tokens are valid: true, expires at: 1778244413413
[2026-05-08T12:28:18.026Z] Checked if tokens are valid: true, expires at: 1778244413413
[2026-05-08T12:28:18.026Z] >>> [apiv2][query] GET https://runtimeconfig.googleapis.com/v1beta1/projects/wain-d2e28/configs [none]
[2026-05-08T12:28:18.528Z] <<< [apiv2][status] GET https://runtimeconfig.googleapis.com/v1beta1/projects/wain-d2e28/configs 200
[2026-05-08T12:28:18.528Z] <<< [apiv2][body] GET https://runtimeconfig.googleapis.com/v1beta1/projects/wain-d2e28/configs {}
[2026-05-08T12:28:18.529Z] Validating nodejs source
!  functions: package.json indicates an outdated version of firebase-functions. Please upgrade using npm install --save firebase-functions@latest in your functions directory. 
!  functions: Please note that there will be breaking changes when you upgrade. 
[2026-05-08T12:28:19.504Z] > [functions] package.json contents: {
  "name": "wain-admin-web-console",
  "version": "0.1.0",
  "private": true,
  "dependencies": {
    "@opentelemetry/api": "^1.9.1",
    "firebase": "^12.12.0",
    "firebase-admin": "^13.8.0",
    "lucide-react": "0.469.0",
    "next": "14.2.35",
    "react": "18.3.1",
    "react-dom": "18.3.1",
    "firebase-frameworks": "^0.11.0",
    "firebase-functions": "^6.0.1"
  },
  "main": "server.js",
  "engines": {
    "node": "22"
  }
}
[2026-05-08T12:28:19.504Z] Building nodejs source
i  functions: Loading and analyzing source code for codebase firebase-frameworks-wain-admin to determine what to deploy 
[2026-05-08T12:28:19.505Z] Could not find functions.yaml. Must use http discovery
[2026-05-08T12:28:19.511Z] Found firebase-functions binary at 'C:\Users\a-z\OneDrive\Desktop\googleAITest\WAIN APP\wain_app\.firebase\wain-admin\functions\node_modules\.bin\firebase-functions'
Serving at port 8628

[2026-05-08T12:28:26.109Z] Got response from /__/functions.yaml {"endpoints":{"ssrwainadmin":{"availableMemoryMb":512,"timeoutSeconds":null,"minInstances":null,"maxInstances":null,"ingressSettings":null,"concurrency":null,"serviceAccountEmail":null,"vpc":null,"platform":"gcfv2","region":["us-central1"],"labels":{},"httpsTrigger":{},"entryPoint":"ssrwainadmin"}},"specVersion":"v1alpha1","requiredAPIs":[],"extensions":{}}
i  extensions: ensuring required API firebaseextensions.googleapis.com is enabled... 
[2026-05-08T12:28:30.153Z] > command requires scopes: ["email","openid","https://www.googleapis.com/auth/cloudplatformprojects.readonly","https://www.googleapis.com/auth/firebase","https://www.googleapis.com/auth/cloud-platform"]
[2026-05-08T12:28:30.153Z] > authorizing via signed-in user (basil1222038@gmail.com)
[2026-05-08T12:28:30.153Z] [iam] checking project wain-d2e28 for permissions ["firebase.projects.get","firebaseextensions.instances.list"]
[2026-05-08T12:28:30.153Z] Checked if tokens are valid: true, expires at: 1778244413413
[2026-05-08T12:28:30.153Z] Checked if tokens are valid: true, expires at: 1778244413413
[2026-05-08T12:28:30.153Z] >>> [apiv2][query] POST https://cloudresourcemanager.googleapis.com/v1/projects/wain-d2e28:testIamPermissions [none]
[2026-05-08T12:28:30.153Z] >>> [apiv2][(partial)header] POST https://cloudresourcemanager.googleapis.com/v1/projects/wain-d2e28:testIamPermissions  x-goog-user-project=wain-d2e28
[2026-05-08T12:28:30.153Z] >>> [apiv2][body] POST https://cloudresourcemanager.googleapis.com/v1/projects/wain-d2e28:testIamPermissions {"permissions":["firebase.projects.get","firebaseextensions.instances.list"]}
[2026-05-08T12:28:31.117Z] <<< [apiv2][status] POST https://cloudresourcemanager.googleapis.com/v1/projects/wain-d2e28:testIamPermissions 200
[2026-05-08T12:28:31.118Z] <<< [apiv2][body] POST https://cloudresourcemanager.googleapis.com/v1/projects/wain-d2e28:testIamPermissions {"permissions":["firebase.projects.get","firebaseextensions.instances.list"]}
[2026-05-08T12:28:31.118Z] Checked if tokens are valid: true, expires at: 1778244413413
[2026-05-08T12:28:31.118Z] Checked if tokens are valid: true, expires at: 1778244413413
[2026-05-08T12:28:31.118Z] >>> [apiv2][query] GET https://firebaseextensions.googleapis.com/v1beta/projects/wain-d2e28/instances pageSize=100&pageToken=
[2026-05-08T12:28:32.309Z] <<< [apiv2][status] GET https://firebaseextensions.googleapis.com/v1beta/projects/wain-d2e28/instances 200
[2026-05-08T12:28:32.310Z] <<< [apiv2][body] GET https://firebaseextensions.googleapis.com/v1beta/projects/wain-d2e28/instances {}
i  functions: Loaded environment variables from .env. 
i  functions: preparing .firebase\wain-admin\functions directory for uploading... 
i  functions: packaged C:\Users\a-z\OneDrive\Desktop\googleAITest\WAIN APP\wain_app\.firebase\wain-admin\functions (101.73 MB) for uploading 
i  functions: ensuring required API run.googleapis.com is enabled... 
i  functions: ensuring required API eventarc.googleapis.com is enabled... 
i  functions: ensuring required API pubsub.googleapis.com is enabled... 
i  functions: ensuring required API storage.googleapis.com is enabled... 
i  functions: generating the service identity for pubsub.googleapis.com... 
[2026-05-08T12:28:39.311Z] Checked if tokens are valid: true, expires at: 1778244413413
[2026-05-08T12:28:39.311Z] Checked if tokens are valid: true, expires at: 1778244413413
i  functions: generating the service identity for eventarc.googleapis.com... 
[2026-05-08T12:28:39.312Z] Checked if tokens are valid: true, expires at: 1778244413413
[2026-05-08T12:28:39.312Z] Checked if tokens are valid: true, expires at: 1778244413413
[2026-05-08T12:28:39.312Z] >>> [apiv2][query] POST https://serviceusage.googleapis.com/v1beta1/projects/620614484841/services/pubsub.googleapis.com:generateServiceIdentity [none]
[2026-05-08T12:28:39.312Z] >>> [apiv2][(partial)header] POST https://serviceusage.googleapis.com/v1beta1/projects/620614484841/services/pubsub.googleapis.com:generateServiceIdentity  x-goog-user-project=620614484841
[2026-05-08T12:28:39.312Z] >>> [apiv2][body] POST https://serviceusage.googleapis.com/v1beta1/projects/620614484841/services/pubsub.googleapis.com:generateServiceIdentity {}
[2026-05-08T12:28:39.314Z] >>> [apiv2][query] POST https://serviceusage.googleapis.com/v1beta1/projects/620614484841/services/eventarc.googleapis.com:generateServiceIdentity [none]
[2026-05-08T12:28:39.314Z] >>> [apiv2][(partial)header] POST https://serviceusage.googleapis.com/v1beta1/projects/620614484841/services/eventarc.googleapis.com:generateServiceIdentity  x-goog-user-project=620614484841
[2026-05-08T12:28:39.314Z] >>> [apiv2][body] POST https://serviceusage.googleapis.com/v1beta1/projects/620614484841/services/eventarc.googleapis.com:generateServiceIdentity {}
[2026-05-08T12:28:40.678Z] <<< [apiv2][status] POST https://serviceusage.googleapis.com/v1beta1/projects/620614484841/services/pubsub.googleapis.com:generateServiceIdentity 200
[2026-05-08T12:28:40.678Z] <<< [apiv2][body] POST https://serviceusage.googleapis.com/v1beta1/projects/620614484841/services/pubsub.googleapis.com:generateServiceIdentity {"name":"operations/finished.DONE_OPERATION","done":true,"response":{"@type":"type.googleapis.com/google.api.serviceusage.v1beta1.ServiceIdentity","email":"service-620614484841@gcp-sa-pubsub.iam.gserviceaccount.com","uniqueId":"102822466195109060269"}}
[2026-05-08T12:28:40.732Z] <<< [apiv2][status] POST https://serviceusage.googleapis.com/v1beta1/projects/620614484841/services/eventarc.googleapis.com:generateServiceIdentity 200
[2026-05-08T12:28:40.732Z] <<< [apiv2][body] POST https://serviceusage.googleapis.com/v1beta1/projects/620614484841/services/eventarc.googleapis.com:generateServiceIdentity {"name":"operations/finished.DONE_OPERATION","done":true,"response":{"@type":"type.googleapis.com/google.api.serviceusage.v1beta1.ServiceIdentity","email":"service-620614484841@gcp-sa-eventarc.iam.gserviceaccount.com","uniqueId":"114155144753487320045"}}
[2026-05-08T12:28:40.734Z] Checked if tokens are valid: true, expires at: 1778244413413
[2026-05-08T12:28:40.734Z] Checked if tokens are valid: true, expires at: 1778244413413
[2026-05-08T12:28:40.734Z] >>> [apiv2][query] GET https://cloudresourcemanager.googleapis.com/v1/projects/wain-d2e28 [none]
[2026-05-08T12:28:41.733Z] <<< [apiv2][status] GET https://cloudresourcemanager.googleapis.com/v1/projects/wain-d2e28 200
[2026-05-08T12:28:41.733Z] <<< [apiv2][body] GET https://cloudresourcemanager.googleapis.com/v1/projects/wain-d2e28 {"projectNumber":"620614484841","projectId":"wain-d2e28","lifecycleState":"ACTIVE","name":"wain","labels":{"firebase":"enabled","firebase-core":"disabled"},"createTime":"2026-02-04T02:43:09.330680Z"}
[2026-05-08T12:28:41.733Z] Checked if tokens are valid: true, expires at: 1778244413413
[2026-05-08T12:28:41.733Z] Checked if tokens are valid: true, expires at: 1778244413413
[2026-05-08T12:28:41.734Z] >>> [apiv2][query] GET https://compute.googleapis.com/compute/v1/projects/620614484841 [none]
[2026-05-08T12:28:42.090Z] <<< [apiv2][status] GET https://compute.googleapis.com/compute/v1/projects/620614484841 403
[2026-05-08T12:28:42.091Z] <<< [apiv2][body] GET https://compute.googleapis.com/compute/v1/projects/620614484841 {"error":{"code":403,"message":"Compute Engine API has not been used in project 620614484841 before or it is disabled. Enable it by visiting https://console.developers.google.com/apis/api/compute.googleapis.com/overview?project=620614484841 then retry. If you enabled this API recently, wait a few minutes for the action to propagate to our systems and retry.","errors":[{"message":"Compute Engine API has not been used in project 620614484841 before or it is disabled. Enable it by visiting https://console.developers.google.com/apis/api/compute.googleapis.com/overview?project=620614484841 then retry. If you enabled this API recently, wait a few minutes for the action to propagate to our systems and retry.","domain":"usageLimits","reason":"accessNotConfigured","extendedHelp":"https://console.developers.google.com"}],"status":"PERMISSION_DENIED","details":[{"@type":"type.googleapis.com/google.rpc.ErrorInfo","reason":"SERVICE_DISABLED","domain":"googleapis.com","metadata":{"activationUrl":"https://console.developers.google.com/apis/api/compute.googleapis.com/overview?project=620614484841","service":"compute.googleapis.com","consumer":"projects/620614484841","serviceTitle":"Compute Engine API","containerInfo":"620614484841"}},{"@type":"type.googleapis.com/google.rpc.LocalizedMessage","locale":"en-US","message":"Compute Engine API has not been used in project 620614484841 before or it is disabled. Enable it by visiting https://console.developers.google.com/apis/api/compute.googleapis.com/overview?project=620614484841 then retry. If you enabled this API recently, wait a few minutes for the action to propagate to our systems and retry."},{"@type":"type.googleapis.com/google.rpc.Help","links":[{"description":"Google developers console API activation","url":"https://console.developers.google.com/apis/api/compute.googleapis.com/overview?project=620614484841"}]}]}}
[2026-05-08T12:28:42.091Z] unable to look up default compute service account. Falling back to 620614484841-compute@developer.gserviceaccount.com. Error: {"name":"FirebaseError","children":[],"context":{"body":{"error":{"code":403,"message":"Compute Engine API has not been used in project 620614484841 before or it is disabled. Enable it by visiting https://console.developers.google.com/apis/api/compute.googleapis.com/overview?project=620614484841 then retry. If you enabled this API recently, wait a few minutes for the action to propagate to our systems and retry.","errors":[{"message":"Compute Engine API has not been used in project 620614484841 before or it is disabled. Enable it by visiting https://console.developers.google.com/apis/api/compute.googleapis.com/overview?project=620614484841 then retry. If you enabled this API recently, wait a few minutes for the action to propagate to our systems and retry.","domain":"usageLimits","reason":"accessNotConfigured","extendedHelp":"https://console.developers.google.com"}],"status":"PERMISSION_DENIED","details":[{"@type":"type.googleapis.com/google.rpc.ErrorInfo","reason":"SERVICE_DISABLED","domain":"googleapis.com","metadata":{"activationUrl":"https://console.developers.google.com/apis/api/compute.googleapis.com/overview?project=620614484841","service":"compute.googleapis.com","consumer":"projects/620614484841","serviceTitle":"Compute Engine API","containerInfo":"620614484841"}},{"@type":"type.googleapis.com/google.rpc.LocalizedMessage","locale":"en-US","message":"Compute Engine API has not been used in project 620614484841 before or it is disabled. Enable it by visiting https://console.developers.google.com/apis/api/compute.googleapis.com/overview?project=620614484841 then retry. If you enabled this API recently, wait a few minutes for the action to propagate to our systems and retry."},{"@type":"type.googleapis.com/google.rpc.Help","links":[{"description":"Google developers console API activation","url":"https://console.developers.google.com/apis/api/compute.googleapis.com/overview?project=620614484841"}]}]}},"response":{"statusCode":403}},"exit":1,"message":"Request to https://compute.googleapis.com/compute/v1/projects/620614484841 had HTTP Error: 403, Compute Engine API has not been used in project 620614484841 before or it is disabled. Enable it by visiting https://console.developers.google.com/apis/api/compute.googleapis.com/overview?project=620614484841 then retry. If you enabled this API recently, wait a few minutes for the action to propagate to our systems and retry.","status":403}
[2026-05-08T12:28:42.092Z] Checked if tokens are valid: true, expires at: 1778244413413
[2026-05-08T12:28:42.092Z] Checked if tokens are valid: true, expires at: 1778244413413
[2026-05-08T12:28:42.092Z] Checked if tokens are valid: true, expires at: 1778244413413
[2026-05-08T12:28:42.092Z] Checked if tokens are valid: true, expires at: 1778244413413
[2026-05-08T12:28:42.092Z] >>> [apiv2][query] GET https://firebasehosting.googleapis.com/v1beta1/projects/wain-d2e28/sites/wain-d2e28 [none]
[2026-05-08T12:28:42.093Z] >>> [apiv2][query] GET https://firebasehosting.googleapis.com/v1beta1/projects/wain-d2e28/sites/wain-admin [none]
[2026-05-08T12:28:43.347Z] <<< [apiv2][status] GET https://firebasehosting.googleapis.com/v1beta1/projects/wain-d2e28/sites/wain-d2e28 200
[2026-05-08T12:28:43.347Z] <<< [apiv2][body] GET https://firebasehosting.googleapis.com/v1beta1/projects/wain-d2e28/sites/wain-d2e28 {"name":"projects/wain-d2e28/sites/wain-d2e28","defaultUrl":"https://wain-d2e28.web.app","type":"DEFAULT_SITE"}
[2026-05-08T12:28:43.349Z] Checked if tokens are valid: true, expires at: 1778244413413
[2026-05-08T12:28:43.349Z] Checked if tokens are valid: true, expires at: 1778244413413
[2026-05-08T12:28:43.349Z] >>> [apiv2][query] POST https://firebasehosting.googleapis.com/v1beta1/projects/-/sites/wain-d2e28/versions [none]
[2026-05-08T12:28:43.349Z] >>> [apiv2][body] POST https://firebasehosting.googleapis.com/v1beta1/projects/-/sites/wain-d2e28/versions {"status":"CREATED","labels":{"deployment-tool":"cli-firebase"}}
[2026-05-08T12:28:43.352Z] <<< [apiv2][status] GET https://firebasehosting.googleapis.com/v1beta1/projects/wain-d2e28/sites/wain-admin 200
[2026-05-08T12:28:43.352Z] <<< [apiv2][body] GET https://firebasehosting.googleapis.com/v1beta1/projects/wain-d2e28/sites/wain-admin {"name":"projects/wain-d2e28/sites/wain-admin","defaultUrl":"https://wain-admin.web.app","type":"USER_SITE"}
[2026-05-08T12:28:43.353Z] Checked if tokens are valid: true, expires at: 1778244413413
[2026-05-08T12:28:43.353Z] Checked if tokens are valid: true, expires at: 1778244413413
[2026-05-08T12:28:43.353Z] >>> [apiv2][query] POST https://firebasehosting.googleapis.com/v1beta1/projects/-/sites/wain-admin/versions [none]
[2026-05-08T12:28:43.353Z] >>> [apiv2][body] POST https://firebasehosting.googleapis.com/v1beta1/projects/-/sites/wain-admin/versions {"status":"CREATED","labels":{"deployment-tool":"cli-firebase","firebase-web-framework":"next_ssr"}}
[2026-05-08T12:28:44.759Z] <<< [apiv2][status] POST https://firebasehosting.googleapis.com/v1beta1/projects/-/sites/wain-admin/versions 200
[2026-05-08T12:28:44.759Z] <<< [apiv2][body] POST https://firebasehosting.googleapis.com/v1beta1/projects/-/sites/wain-admin/versions {"name":"projects/620614484841/sites/wain-admin/versions/e1fbe438e21c1ef0","status":"CREATED","config":{},"labels":{"firebase-web-framework":"next_ssr","deployment-tool":"cli-firebase"}}
[2026-05-08T12:28:44.999Z] <<< [apiv2][status] POST https://firebasehosting.googleapis.com/v1beta1/projects/-/sites/wain-d2e28/versions 200
[2026-05-08T12:28:44.999Z] <<< [apiv2][body] POST https://firebasehosting.googleapis.com/v1beta1/projects/-/sites/wain-d2e28/versions {"name":"projects/620614484841/sites/wain-d2e28/versions/62c10f342e2d3c6f","status":"CREATED","config":{},"labels":{"deployment-tool":"cli-firebase"}}
[2026-05-08T12:28:45.000Z] Checked if tokens are valid: true, expires at: 1778244413413
[2026-05-08T12:28:45.000Z] Checked if tokens are valid: true, expires at: 1778244413413
[2026-05-08T12:28:45.000Z] >>> [apiv2][query] GET https://cloudbilling.googleapis.com/v1/projects/wain-d2e28/billingInfo [none]
[2026-05-08T12:28:45.390Z] <<< [apiv2][status] GET https://cloudbilling.googleapis.com/v1/projects/wain-d2e28/billingInfo 200
[2026-05-08T12:28:45.390Z] <<< [apiv2][body] GET https://cloudbilling.googleapis.com/v1/projects/wain-d2e28/billingInfo {"name":"projects/wain-d2e28/billingInfo","projectId":"wain-d2e28","billingAccountName":"billingAccounts/01ABFF-2BEBC0-19C4E7","billingEnabled":true}
[2026-05-08T12:28:45.391Z] Checked if tokens are valid: true, expires at: 1778244413413
[2026-05-08T12:28:45.391Z] Checked if tokens are valid: true, expires at: 1778244413413
[2026-05-08T12:28:45.391Z] >>> [apiv2][query] POST https://cloudfunctions.googleapis.com/v2/projects/wain-d2e28/locations/us-central1/functions:generateUploadUrl [none]
[2026-05-08T12:28:45.793Z] <<< [apiv2][status] POST https://cloudfunctions.googleapis.com/v2/projects/wain-d2e28/locations/us-central1/functions:generateUploadUrl 200
[2026-05-08T12:28:45.793Z] <<< [apiv2][body] POST https://cloudfunctions.googleapis.com/v2/projects/wain-d2e28/locations/us-central1/functions:generateUploadUrl {"uploadUrl":"https://storage.googleapis.com/gcf-v2-uploads-620614484841.us-central1.cloudfunctions.appspot.com/2398911a-0cdc-4815-9ea6-f7e12413af04.zip?GoogleAccessId=service-620614484841@gcf-admin-robot.iam.gserviceaccount.com&Expires=1778245126&Signature=tl6GbT7bLW4P39O7d685zWQi%2BX%2BWDHY0%2FY5%2F34DNfqhGORIGKqS7s9ns3%2BMiBRyLJLrvUVFRgCuLxR4V6n89zcIH7Jpg9%2FVk%2FuYV%2FMZQxx1ZNyimIZjr7kfPBe8iWh7DbHstgzw73FYas%2FszLykblpkASeXLipec9ZywNwu7QFhLPGsSKCCgKFxxURy%2FbvmZJCud3aLAKrBL5GnI6g4KT5tNDez5IqwO7JvUhIajRRI7uJQFigVhOGV761hWENvGZlLn%2B6ybkKq6%2FhgMo51gl3KpFEpNJJYhJiqJ%2Bq%2F68Vl3sOojZ1YptCFMLZldf%2FTOyMd2%2FbkKZ10xRdCpQuxkSQ%3D%3D","storageSource":{"bucket":"gcf-v2-uploads-620614484841.us-central1.cloudfunctions.appspot.com","object":"2398911a-0cdc-4815-9ea6-f7e12413af04.zip"}}
[2026-05-08T12:28:45.793Z] >>> [apiv2][query] PUT https://storage.googleapis.com/gcf-v2-uploads-620614484841.us-central1.cloudfunctions.appspot.com/2398911a-0cdc-4815-9ea6-f7e12413af04.zip GoogleAccessId=service-620614484841%40gcf-admin-robot.iam.gserviceaccount.com&Expires=1778245126&Signature=tl6GbT7bLW4P39O7d685zWQi%2BX%2BWDHY0%2FY5%2F34DNfqhGORIGKqS7s9ns3%2BMiBRyLJLrvUVFRgCuLxR4V6n89zcIH7Jpg9%2FVk%2FuYV%2FMZQxx1ZNyimIZjr7kfPBe8iWh7DbHstgzw73FYas%2FszLykblpkASeXLipec9ZywNwu7QFhLPGsSKCCgKFxxURy%2FbvmZJCud3aLAKrBL5GnI6g4KT5tNDez5IqwO7JvUhIajRRI7uJQFigVhOGV761hWENvGZlLn%2B6ybkKq6%2FhgMo51gl3KpFEpNJJYhJiqJ%2Bq%2F68Vl3sOojZ1YptCFMLZldf%2FTOyMd2%2FbkKZ10xRdCpQuxkSQ%3D%3D
[2026-05-08T12:28:45.793Z] >>> [apiv2][body] PUT https://storage.googleapis.com/gcf-v2-uploads-620614484841.us-central1.cloudfunctions.appspot.com/2398911a-0cdc-4815-9ea6-f7e12413af04.zip [stream]
[2026-05-08T12:29:02.810Z] <<< [apiv2][status] PUT https://storage.googleapis.com/gcf-v2-uploads-620614484841.us-central1.cloudfunctions.appspot.com/2398911a-0cdc-4815-9ea6-f7e12413af04.zip 200
[2026-05-08T12:29:02.810Z] <<< [apiv2][body] PUT https://storage.googleapis.com/gcf-v2-uploads-620614484841.us-central1.cloudfunctions.appspot.com/2398911a-0cdc-4815-9ea6-f7e12413af04.zip [omitted]
+  functions: .firebase\wain-admin\functions source uploaded successfully 
i  hosting[wain-d2e28]: beginning deploy... 
i  hosting[wain-d2e28]: found 5 files in public 
[2026-05-08T12:29:02.820Z] [hosting] uploading with 200 concurrency
[2026-05-08T12:29:02.832Z] Checked if tokens are valid: true, expires at: 1778244413413
[2026-05-08T12:29:02.832Z] Checked if tokens are valid: true, expires at: 1778244413413
[2026-05-08T12:29:02.833Z] [hosting] hash cache [cHVibGlj] stored for 5 files
[2026-05-08T12:29:02.833Z] [hosting][hash queue][FINAL] {"max":4,"min":0,"avg":0,"active":0,"complete":5,"success":5,"errored":0,"retried":0,"total":5,"elapsed":5}
[2026-05-08T12:29:02.834Z] >>> [apiv2][query] POST https://firebasehosting.googleapis.com/v1beta1/projects/620614484841/sites/wain-d2e28/versions/62c10f342e2d3c6f:populateFiles [none]
[2026-05-08T12:29:02.834Z] >>> [apiv2][body] POST https://firebasehosting.googleapis.com/v1beta1/projects/620614484841/sites/wain-d2e28/versions/62c10f342e2d3c6f:populateFiles {"files":{"/terms.html":"593045dde4f3b596798e889e7fc3819d93b8bc29137e072f2df8520c7aa9698e\r","/privacy.html":"50bdd9d6086482068d96e5c4343406439aeb7d0f1356cbb2a8bcc9c2c3d1df38\r","/index.html":"7633c3efb67deaaa0678fa4902dffba915b00ac6934e9d49dab8b62d4d26b815\r","/google35c44e0bb516bc53.html":"83465094b2b28ac6eb713a1ea26fd3347b84b62847e862d64850477f43933799\r","/venue/index.html":"b6479bd013661b413806b4b9378e3e7b741837fe5432d36b3ff7f9e424d34db4"}}
[2026-05-08T12:29:03.909Z] <<< [apiv2][status] POST https://firebasehosting.googleapis.com/v1beta1/projects/620614484841/sites/wain-d2e28/versions/62c10f342e2d3c6f:populateFiles 200
[2026-05-08T12:29:03.909Z] <<< [apiv2][body] POST https://firebasehosting.googleapis.com/v1beta1/projects/620614484841/sites/wain-d2e28/versions/62c10f342e2d3c6f:populateFiles {"uploadUrl":"https://upload-firebasehosting.googleapis.com/upload/sites/wain-d2e28/versions/62c10f342e2d3c6f/files"}
[2026-05-08T12:29:03.909Z] [hosting][populate queue][FINAL] {"max":1077,"min":1077,"avg":1077,"active":0,"complete":1,"success":1,"errored":0,"retried":0,"total":1,"elapsed":1077}
[2026-05-08T12:29:03.909Z] [hosting] uploads queued: 0
[2026-05-08T12:29:03.909Z] [hosting][upload queue][FINAL] {"max":0,"min":9999999999,"avg":0,"active":0,"complete":0,"success":0,"errored":0,"retried":0,"total":0,"elapsed":1778243343909}
i  hosting: upload complete 
+  hosting[wain-d2e28]: file upload complete 
[2026-05-08T12:29:03.909Z] [hosting] deploy completed after 1096ms
i  hosting[wain-admin]: beginning deploy... 
i  hosting[wain-admin]: found 64 files in .firebase\wain-admin\hosting 
[2026-05-08T12:29:03.916Z] [hosting] uploading with 200 concurrency
[2026-05-08T12:29:04.313Z] Checked if tokens are valid: true, expires at: 1778244413413
[2026-05-08T12:29:04.313Z] Checked if tokens are valid: true, expires at: 1778244413413
[2026-05-08T12:29:04.314Z] [hosting] hash cache [LmZpcmViYXNlXHdhaW4tYWRtaW5caG9zdGluZw] stored for 64 files
[2026-05-08T12:29:04.315Z] [hosting][hash queue][FINAL] {"max":385,"min":0,"avg":159.890625,"active":0,"complete":64,"success":64,"errored":0,"retried":0,"total":64,"elapsed":388}
[2026-05-08T12:29:04.315Z] >>> [apiv2][query] POST https://firebasehosting.googleapis.com/v1beta1/projects/620614484841/sites/wain-admin/versions/e1fbe438e21c1ef0:populateFiles [none]
[2026-05-08T12:29:04.315Z] >>> [apiv2][body] POST https://firebasehosting.googleapis.com/v1beta1/projects/620614484841/sites/wain-admin/versions/e1fbe438e21c1ef0:populateFiles {"files":{"/favicon.ico":"93c7a8c4d81f275f8779e5eb0672819d092a70358835660494704ed46741cb10","/_next/static/nKwahfiSinUV3bLtgYhNP/_buildManifest.js":"55dede7675b2fb7b9103a899a493b1f6ec0032c6426fbe3a2d0c5d433d734f65","/_next/static/nKwahfiSinUV3bLtgYhNP/_ssgManifest.js":"dc28a4dc92fe352ed5d2201bd3972ce47691bc8e89e0400a68d1541d0567c6d5","/_next/static/chunks/main-app-a4cbbe27ece30754.js":"a9e2be66ad0267b82e993c14619969b98d30ff11ac8f3a45a4b092187a561e8a","/_next/static/chunks/webpack-8017a06f322899e8.js":"778a3a613f3f57892e501ef38c92ad6694c2db59c4267b035d7bc004a8b0a986","/_next/static/chunks/8669.53c2913c67f0cc81.js":"dfc9131f917b7099b60ff260e5519ffa8e3a07726d6b0c7aa748eecd7e876cd3","/_next/static/chunks/7965-eba78896a4bbfb17.js":"4ed0265a1797bde9a4716f53084b97272b5627bb4efd7bb5a47f7ac7aedb0b99","/_next/static/chunks/6010-39f7664aa00a4663.js":"cc3c9a115fe93c1d86dea73b54a954692a4a6f76f0b8b52f03ef0b719fb9bca3","/_next/static/chunks/4753-f9c105ae5c53fc1a.js":"51a03f317d1a42b3d1f5951393d80068da36ea1beeddfd841af4b83b5da8043c","/_next/static/chunks/6116-f22ed671ebb12f0d.js":"bfe8f2358648d4cc360f5805e8fc01e75c0827dda4fc4cf3baed093b7f53a5cc","/_next/static/chunks/368-315f2525164be858.js":"6b8b850968fc7404fb9e08528032691b32c824161dbfbfba9d6d79a11f5cdc1b","/_next/static/chunks/2288-c63a2dd09c35cb7b.js":"dabfcf1648610c5c700d4a8614046b34e774a55c1aa55617ab049afc55ebc606","/.well-known/aws/securityagent-domain-verification.json":"36c9d81199b520fe56fe9f058af4193c2c925be37d862d5566f76dade64f0027","/.well-known/aws/security-agent-domain-verification.json":"36c9d81199b520fe56fe9f058af4193c2c925be37d862d5566f76dade64f0027","/.well-known/appspecific/com.chrome.devtools.json":"126665b3261b522e804ae3b034dce42c018ce08d55752fc5d9b2a7ed88203f86","/_next/static/chunks/2972-af824fe164b17c63.js":"d06d0ca1e061728a84ea067329cb424ca26801b6aa003031a4709d5900c7b8cf","/_next/static/chunks/pages/_error-7ce03bcf1df914ce.js":"1c77f6c0cdf448fc5f354790d8210b8e6d87d735821578e31b0016ad4ff66020","/_next/static/chunks/pages/_app-78ddf957b9a9b996.js":"580fe7a88d3eb8991a74b537c28d9fa29a611ec898c6d2f106c3f08fc73d84aa","/_next/static/chunks/app/page-b81429842acc8ba5.js":"bcbb82a2dd0ebda588735e6098d9061a6c3e0dfbcbb2403c3e5dc8677bcfa4ab","/_next/static/chunks/1498-1b40d04fc302b173.js":"3ba9b22e9cf95cb8051ef5b48525ab597a474d1a16564a72d955411bba1197b8","/_next/static/chunks/101-6a8221522c5abbd9.js":"a0f613d237f84963e0ea41c6bad3244c8815d3d96e66d25e50bb4ee4f9b7be79","/_next/static/chunks/app/not-found-78a3b49c3e51362f.js":"6808046414bd589b637affe249defe10c1882822bd5fa47763f0fb2b706b3cfa","/_next/static/chunks/app/layout-569bfa06ceecf219.js":"eb10a536b22da0dac32c3d9b91360adbab4d53174acb221b476022ddf3680e5d","/_next/static/chunks/app/(public)/admin/access-denied/page-4de9f440fdae91db.js":"c22556dd47b376264b0b58ac9a56fecc04081cecc0092af344636bcd8b35d36d","/_next/static/chunks/app/_not-found/page-62d3174901b6674e.js":"b9fe859df18761831da0cbd29d9ff01a29ed93138e67027bf6092e42c9a60c75","/_next/static/chunks/app/(protected)/admin/page-d6f672a0a675553d.js":"90abed82caf8cca2709bd2f2ec3e69ead0d80a90fc5a8a1fdcfe539c285d746b","/_next/static/chunks/app/(protected)/admin/loading-b4a1c408bbf0aafb.js":"e984aa5afc13d06ae9511d7fd451d8623fcc39215485912bc1b8306d363924cf","/_next/static/chunks/app/(public)/admin/sign-in/page-8bcce3689f6b9e5f.js":"fa1a2585b121ea14c0e65c908ae0291e18b79fed8a81488a78b6b1144a0f4585","/_next/static/chunks/app/(protected)/admin/error-895b717949ba736c.js":"1f3ddc4080cc89a34d9a4dd0bbafb49f8716f8e12ce5b91e0e1ad29b6ce125b0","/_next/static/chunks/app/(protected)/admin/wallet-audit/loading-bfed7983831072d6.js":"ed7b96df6bfbef854a496211b6786935a7632bdeed1cdbeeae65d082ec3c6f0b","/_next/static/chunks/app/(protected)/admin/venues/loading-f45390074b7d7c46.js":"c151e11d3575d902f5516bcaf73d79c1a8cba8d547f93adf69adf83ea520a67b","/_next/static/chunks/app/(protected)/admin/wallet-audit/page-9a7245b51519d8aa.js":"fa51b8955b9508138dead6d7ddb8f6afa5455b96b6c0b6b590ba6462422b981b","/_next/static/chunks/app/(protected)/admin/venues/[venueId]/loading-4a5d6251d1353fdb.js":"8e6d6664dace4af38e82971f45da20c4aff62aa6bf7a10bd1fe2768917179d72","/_next/static/chunks/app/(protected)/admin/venues/[venueId]/error-df0100196f7d3a26.js":"a557c1d94314839a0d532216aa368681c7883a95f798b1354eb9b8600460521e","/_next/static/chunks/app/(protected)/admin/layout-296bb737ee1cfc78.js":"68c721a2033f89dc7b759449b64fc8c66d2eb0feb740fea17bf0f54cb47cf683","/_next/static/chunks/app/(protected)/admin/venues/page-8c667e0e722150c9.js":"3fa4bf58b012c4aedf93c0236023dd15fd6ac94600fbb82b950e1eb8a92d6283","/_next/static/chunks/app/(protected)/admin/topups/loading-c89527076f1e77ba.js":"dfb7fe7e790313e44925aae439757360a5f112fdebc8ae708fa5f42366aa34ec","/_next/static/chunks/app/(protected)/admin/topups/error-57f6f0612635cba1.js":"34b4c39facfca02af28d882b3114a5ca3e24b2f2d5d33a61f6a58c849c8ac186","/_next/static/chunks/app/(protected)/admin/venues/[venueId]/page-90160241d6980722.js":"94b8b87ec4ad37c3a6ee791a6a314d5a3ee4d07ae2c3061672a307b1df3755d7","/_next/static/chunks/app/(protected)/admin/reversals/loading-7bffeeebbbfc5302.js":"a9515eab2f7fac069533755a74ef214a9d66a807a74fa2210250c38048bb366c","/_next/static/chunks/app/(protected)/admin/readiness/loading-7f1e23ea8813e0b9.js":"79537488ce2e5453bbc7e069660684174b94c3bf21a3cc19c7c0e081c4039bf8","/_next/static/chunks/app/(protected)/admin/topups/page-cba5d04fda5880a0.js":"b19804b3032f079d9a1ee45ce05e4498a6fa6c93fb6a6fda132b520aa3ed516e","/_next/static/chunks/app/(protected)/admin/media/loading-91cfd54a9f7f3bd3.js":"1faec5fbc9b1f6292c6b935640e6715af05bb89a18518088e05b1c2563a3f849","/_next/static/chunks/app/(protected)/admin/readiness/page-6c0d569f2687d3a0.js":"abddab27e1f8c36f46bb41a7b23719c797fb549ea5632e587178af8ebb367fdf","/_next/static/chunks/app/(protected)/admin/reversals/page-5c115806e7ce5774.js":"ffad3b72676e6d79d7f19bf97ca6639583b04f235ad660e8083a6b66402bec4e","/_next/static/css/d1e3b77a017f8b2a.css":"85ca89b8492cc6ddc51f1fb157e990c56164f3cce4e3d699528a5e9f2f11f9f1","/_next/static/chunks/app/(protected)/admin/dashboard/page-edc2f8bd741b71af.js":"ec8df5c0c02b53848b111a4c3ea2f0739f5d0c3c2849547f972e4236ef73b81d","/_next/static/chunks/4ea34a6d-bbefa1514672cd30.js":"1c5f6c41476fb9c77eadd1dda9af8e112896c4b40b92b5fa05bdf6b4a973e8e5","/_next/static/chunks/2117-aeeac4618dc8ed91.js":"92cb5585cc8eb904af53a95d2b9e5461be9f133374174165c5071edea5d57440","/_next/static/chunks/main-bdce458395bc5369.js":"9d1bd78180e4e2bdcecd1b8efacd3035be23e21e0f8d49e39dc7ebe513a029e4","/_next/static/chunks/app/(protected)/admin/dashboard/loading-a1adbd4dd6a62fd1.js":"415ff7f5b63f249591265336ace3f51155861ddc4b6205f3c6527657cc77ff4e","/_next/static/chunks/app/(protected)/admin/content/stories/loading-a504227fbf132033.js":"c54a03b7f8b459893457fa6652e35ecd5c85246cbfa9573495124de785c5676b","/_next/static/chunks/app/(protected)/admin/content/stories/page-14841c359900a9d3.js":"4d62ee09b2eea661807cc8b28537cc5662ab82d40af41f5976eb28dd1671f5d3","/_next/static/chunks/app/(protected)/admin/content/reviews/loading-a5da60475b73eaad.js":"7f4d83b86108c5fe6e87e82bac0d75a802fda158235f9d1f2f04c895778802e8","/_next/static/chunks/app/(protected)/admin/content/offers/page-1a7b83336c2277e7.js":"8b208eb8dd9f03ad7fb0fec638ab59d89df39bad26a8250e83780e30f1c03b26","/_next/static/chunks/app/(protected)/admin/media/page-b754eceb40a7d0e0.js":"7d969a71aa1355a8e018fa13b81671ef0d2100900c41376f299aea9ab9ea35c7","/_next/static/chunks/app/(protected)/admin/content/offers/loading-abea39d1b11dde45.js":"e3be179c12845485273563740cfe652655fef237b82b38a1a1cd5edb6e86fd21","/_next/static/chunks/app/(protected)/admin/config/loading-ec905af9d3c92bc1.js":"7cfe62d686c8934a819585a08f724aba40b341b7cdefb59a16371d601fa959d5","/_next/static/chunks/app/(protected)/admin/config/error-270abeffec660721.js":"12069678e13d67c85a99d4cc79dcc6fb1e6f681afae60144df343f10fac4ef41","/_next/static/chunks/framework-a63c59c368572696.js":"17eeaa77ef3d8023a2785c0e65bd8a191b303ab5544779f2b5435fac04eec76c","/_next/static/chunks/fd9d1056-441e595c98aece7a.js":"8a30346ffd48443fa44fab737805c02e717625d88baa80a01d80943c5f5d9b1e","/_next/static/chunks/app/(protected)/admin/content/reviews/page-89e230df37a0872c.js":"7689d4d431ed1bbd3b062ceee795bea6d8a0a66d72bf0b44cfa04a184bcfbe80","/_next/static/chunks/app/(protected)/admin/config/page-9f1056bf117cef52.js":"1fce65b2fe1f55de62f14b989ce13603375b7905a12e45d577a552ba3398011b","/_next/static/chunks/polyfills-42372ed130431b0a.js":"18e28d3214eda45048d80d3925ea7627b809e69ad2e95f7f98459e9146a61c3d"}}
[2026-05-08T12:29:05.252Z] <<< [apiv2][status] POST https://firebasehosting.googleapis.com/v1beta1/projects/620614484841/sites/wain-admin/versions/e1fbe438e21c1ef0:populateFiles 200
[2026-05-08T12:29:05.252Z] <<< [apiv2][body] POST https://firebasehosting.googleapis.com/v1beta1/projects/620614484841/sites/wain-admin/versions/e1fbe438e21c1ef0:populateFiles {"uploadRequiredHashes":["bcbb82a2dd0ebda588735e6098d9061a6c3e0dfbcbb2403c3e5dc8677bcfa4ab","415ff7f5b63f249591265336ace3f51155861ddc4b6205f3c6527657cc77ff4e","7cfe62d686c8934a819585a08f724aba40b341b7cdefb59a16371d601fa959d5","ed7b96df6bfbef854a496211b6786935a7632bdeed1cdbeeae65d082ec3c6f0b","e984aa5afc13d06ae9511d7fd451d8623fcc39215485912bc1b8306d363924cf","90abed82caf8cca2709bd2f2ec3e69ead0d80a90fc5a8a1fdcfe539c285d746b","8e6d6664dace4af38e82971f45da20c4aff62aa6bf7a10bd1fe2768917179d72","dfb7fe7e790313e44925aae439757360a5f112fdebc8ae708fa5f42366aa34ec","79537488ce2e5453bbc7e069660684174b94c3bf21a3cc19c7c0e081c4039bf8","e3be179c12845485273563740cfe652655fef237b82b38a1a1cd5edb6e86fd21","1faec5fbc9b1f6292c6b935640e6715af05bb89a18518088e05b1c2563a3f849","7f4d83b86108c5fe6e87e82bac0d75a802fda158235f9d1f2f04c895778802e8","c54a03b7f8b459893457fa6652e35ecd5c85246cbfa9573495124de785c5676b","c151e11d3575d902f5516bcaf73d79c1a8cba8d547f93adf69adf83ea520a67b","a9515eab2f7fac069533755a74ef214a9d66a807a74fa2210250c38048bb366c","b9fe859df18761831da0cbd29d9ff01a29ed93138e67027bf6092e42c9a60c75"],"uploadUrl":"https://upload-firebasehosting.googleapis.com/upload/sites/wain-admin/versions/e1fbe438e21c1ef0/files"}
[2026-05-08T12:29:05.252Z] Checked if tokens are valid: true, expires at: 1778244413413
[2026-05-08T12:29:05.252Z] Checked if tokens are valid: true, expires at: 1778244413413
[2026-05-08T12:29:05.252Z] Checked if tokens are valid: true, expires at: 1778244413413
[2026-05-08T12:29:05.252Z] Checked if tokens are valid: true, expires at: 1778244413413
[2026-05-08T12:29:05.252Z] Checked if tokens are valid: true, expires at: 1778244413413
[2026-05-08T12:29:05.252Z] Checked if tokens are valid: true, expires at: 1778244413413
[2026-05-08T12:29:05.252Z] Checked if tokens are valid: true, expires at: 1778244413413
[2026-05-08T12:29:05.252Z] Checked if tokens are valid: true, expires at: 1778244413413
[2026-05-08T12:29:05.253Z] Checked if tokens are valid: true, expires at: 1778244413413
[2026-05-08T12:29:05.253Z] Checked if tokens are valid: true, expires at: 1778244413413
[2026-05-08T12:29:05.253Z] Checked if tokens are valid: true, expires at: 1778244413413
[2026-05-08T12:29:05.253Z] Checked if tokens are valid: true, expires at: 1778244413413
[2026-05-08T12:29:05.253Z] Checked if tokens are valid: true, expires at: 1778244413413
[2026-05-08T12:29:05.253Z] Checked if tokens are valid: true, expires at: 1778244413413
[2026-05-08T12:29:05.253Z] Checked if tokens are valid: true, expires at: 1778244413413
[2026-05-08T12:29:05.253Z] Checked if tokens are valid: true, expires at: 1778244413413
[2026-05-08T12:29:05.253Z] Checked if tokens are valid: true, expires at: 1778244413413
[2026-05-08T12:29:05.253Z] Checked if tokens are valid: true, expires at: 1778244413413
[2026-05-08T12:29:05.253Z] Checked if tokens are valid: true, expires at: 1778244413413
[2026-05-08T12:29:05.253Z] Checked if tokens are valid: true, expires at: 1778244413413
[2026-05-08T12:29:05.253Z] Checked if tokens are valid: true, expires at: 1778244413413
[2026-05-08T12:29:05.253Z] Checked if tokens are valid: true, expires at: 1778244413413
[2026-05-08T12:29:05.253Z] Checked if tokens are valid: true, expires at: 1778244413413
[2026-05-08T12:29:05.253Z] Checked if tokens are valid: true, expires at: 1778244413413
[2026-05-08T12:29:05.253Z] Checked if tokens are valid: true, expires at: 1778244413413
[2026-05-08T12:29:05.253Z] Checked if tokens are valid: true, expires at: 1778244413413
[2026-05-08T12:29:05.253Z] Checked if tokens are valid: true, expires at: 1778244413413
[2026-05-08T12:29:05.253Z] Checked if tokens are valid: true, expires at: 1778244413413
[2026-05-08T12:29:05.253Z] Checked if tokens are valid: true, expires at: 1778244413413
[2026-05-08T12:29:05.253Z] Checked if tokens are valid: true, expires at: 1778244413413
[2026-05-08T12:29:05.253Z] Checked if tokens are valid: true, expires at: 1778244413413
[2026-05-08T12:29:05.253Z] Checked if tokens are valid: true, expires at: 1778244413413
[2026-05-08T12:29:05.253Z] >>> [apiv2][query] POST https://upload-firebasehosting.googleapis.com/upload/sites/wain-admin/versions/e1fbe438e21c1ef0/files/bcbb82a2dd0ebda588735e6098d9061a6c3e0dfbcbb2403c3e5dc8677bcfa4ab [none]
[2026-05-08T12:29:05.253Z] >>> [apiv2][body] POST https://upload-firebasehosting.googleapis.com/upload/sites/wain-admin/versions/e1fbe438e21c1ef0/files/bcbb82a2dd0ebda588735e6098d9061a6c3e0dfbcbb2403c3e5dc8677bcfa4ab [stream]
[2026-05-08T12:29:05.254Z] >>> [apiv2][query] POST https://upload-firebasehosting.googleapis.com/upload/sites/wain-admin/versions/e1fbe438e21c1ef0/files/415ff7f5b63f249591265336ace3f51155861ddc4b6205f3c6527657cc77ff4e [none]
[2026-05-08T12:29:05.254Z] >>> [apiv2][body] POST https://upload-firebasehosting.googleapis.com/upload/sites/wain-admin/versions/e1fbe438e21c1ef0/files/415ff7f5b63f249591265336ace3f51155861ddc4b6205f3c6527657cc77ff4e [stream]
[2026-05-08T12:29:05.255Z] >>> [apiv2][query] POST https://upload-firebasehosting.googleapis.com/upload/sites/wain-admin/versions/e1fbe438e21c1ef0/files/7cfe62d686c8934a819585a08f724aba40b341b7cdefb59a16371d601fa959d5 [none]
[2026-05-08T12:29:05.255Z] >>> [apiv2][body] POST https://upload-firebasehosting.googleapis.com/upload/sites/wain-admin/versions/e1fbe438e21c1ef0/files/7cfe62d686c8934a819585a08f724aba40b341b7cdefb59a16371d601fa959d5 [stream]
[2026-05-08T12:29:05.255Z] >>> [apiv2][query] POST https://upload-firebasehosting.googleapis.com/upload/sites/wain-admin/versions/e1fbe438e21c1ef0/files/ed7b96df6bfbef854a496211b6786935a7632bdeed1cdbeeae65d082ec3c6f0b [none]
[2026-05-08T12:29:05.255Z] >>> [apiv2][body] POST https://upload-firebasehosting.googleapis.com/upload/sites/wain-admin/versions/e1fbe438e21c1ef0/files/ed7b96df6bfbef854a496211b6786935a7632bdeed1cdbeeae65d082ec3c6f0b [stream]
[2026-05-08T12:29:05.256Z] >>> [apiv2][query] POST https://upload-firebasehosting.googleapis.com/upload/sites/wain-admin/versions/e1fbe438e21c1ef0/files/e984aa5afc13d06ae9511d7fd451d8623fcc39215485912bc1b8306d363924cf [none]
[2026-05-08T12:29:05.256Z] >>> [apiv2][body] POST https://upload-firebasehosting.googleapis.com/upload/sites/wain-admin/versions/e1fbe438e21c1ef0/files/e984aa5afc13d06ae9511d7fd451d8623fcc39215485912bc1b8306d363924cf [stream]
[2026-05-08T12:29:05.256Z] >>> [apiv2][query] POST https://upload-firebasehosting.googleapis.com/upload/sites/wain-admin/versions/e1fbe438e21c1ef0/files/90abed82caf8cca2709bd2f2ec3e69ead0d80a90fc5a8a1fdcfe539c285d746b [none]
[2026-05-08T12:29:05.256Z] >>> [apiv2][body] POST https://upload-firebasehosting.googleapis.com/upload/sites/wain-admin/versions/e1fbe438e21c1ef0/files/90abed82caf8cca2709bd2f2ec3e69ead0d80a90fc5a8a1fdcfe539c285d746b [stream]
[2026-05-08T12:29:05.257Z] >>> [apiv2][query] POST https://upload-firebasehosting.googleapis.com/upload/sites/wain-admin/versions/e1fbe438e21c1ef0/files/8e6d6664dace4af38e82971f45da20c4aff62aa6bf7a10bd1fe2768917179d72 [none]
[2026-05-08T12:29:05.257Z] >>> [apiv2][body] POST https://upload-firebasehosting.googleapis.com/upload/sites/wain-admin/versions/e1fbe438e21c1ef0/files/8e6d6664dace4af38e82971f45da20c4aff62aa6bf7a10bd1fe2768917179d72 [stream]
[2026-05-08T12:29:05.257Z] >>> [apiv2][query] POST https://upload-firebasehosting.googleapis.com/upload/sites/wain-admin/versions/e1fbe438e21c1ef0/files/dfb7fe7e790313e44925aae439757360a5f112fdebc8ae708fa5f42366aa34ec [none]
[2026-05-08T12:29:05.257Z] >>> [apiv2][body] POST https://upload-firebasehosting.googleapis.com/upload/sites/wain-admin/versions/e1fbe438e21c1ef0/files/dfb7fe7e790313e44925aae439757360a5f112fdebc8ae708fa5f42366aa34ec [stream]
[2026-05-08T12:29:05.258Z] >>> [apiv2][query] POST https://upload-firebasehosting.googleapis.com/upload/sites/wain-admin/versions/e1fbe438e21c1ef0/files/79537488ce2e5453bbc7e069660684174b94c3bf21a3cc19c7c0e081c4039bf8 [none]
[2026-05-08T12:29:05.258Z] >>> [apiv2][body] POST https://upload-firebasehosting.googleapis.com/upload/sites/wain-admin/versions/e1fbe438e21c1ef0/files/79537488ce2e5453bbc7e069660684174b94c3bf21a3cc19c7c0e081c4039bf8 [stream]
[2026-05-08T12:29:05.259Z] >>> [apiv2][query] POST https://upload-firebasehosting.googleapis.com/upload/sites/wain-admin/versions/e1fbe438e21c1ef0/files/e3be179c12845485273563740cfe652655fef237b82b38a1a1cd5edb6e86fd21 [none]
[2026-05-08T12:29:05.259Z] >>> [apiv2][body] POST https://upload-firebasehosting.googleapis.com/upload/sites/wain-admin/versions/e1fbe438e21c1ef0/files/e3be179c12845485273563740cfe652655fef237b82b38a1a1cd5edb6e86fd21 [stream]
[2026-05-08T12:29:05.259Z] >>> [apiv2][query] POST https://upload-firebasehosting.googleapis.com/upload/sites/wain-admin/versions/e1fbe438e21c1ef0/files/1faec5fbc9b1f6292c6b935640e6715af05bb89a18518088e05b1c2563a3f849 [none]
[2026-05-08T12:29:05.259Z] >>> [apiv2][body] POST https://upload-firebasehosting.googleapis.com/upload/sites/wain-admin/versions/e1fbe438e21c1ef0/files/1faec5fbc9b1f6292c6b935640e6715af05bb89a18518088e05b1c2563a3f849 [stream]
[2026-05-08T12:29:05.260Z] >>> [apiv2][query] POST https://upload-firebasehosting.googleapis.com/upload/sites/wain-admin/versions/e1fbe438e21c1ef0/files/7f4d83b86108c5fe6e87e82bac0d75a802fda158235f9d1f2f04c895778802e8 [none]
[2026-05-08T12:29:05.260Z] >>> [apiv2][body] POST https://upload-firebasehosting.googleapis.com/upload/sites/wain-admin/versions/e1fbe438e21c1ef0/files/7f4d83b86108c5fe6e87e82bac0d75a802fda158235f9d1f2f04c895778802e8 [stream]
[2026-05-08T12:29:05.261Z] >>> [apiv2][query] POST https://upload-firebasehosting.googleapis.com/upload/sites/wain-admin/versions/e1fbe438e21c1ef0/files/c54a03b7f8b459893457fa6652e35ecd5c85246cbfa9573495124de785c5676b [none]
[2026-05-08T12:29:05.261Z] >>> [apiv2][body] POST https://upload-firebasehosting.googleapis.com/upload/sites/wain-admin/versions/e1fbe438e21c1ef0/files/c54a03b7f8b459893457fa6652e35ecd5c85246cbfa9573495124de785c5676b [stream]
[2026-05-08T12:29:05.262Z] >>> [apiv2][query] POST https://upload-firebasehosting.googleapis.com/upload/sites/wain-admin/versions/e1fbe438e21c1ef0/files/c151e11d3575d902f5516bcaf73d79c1a8cba8d547f93adf69adf83ea520a67b [none]
[2026-05-08T12:29:05.262Z] >>> [apiv2][body] POST https://upload-firebasehosting.googleapis.com/upload/sites/wain-admin/versions/e1fbe438e21c1ef0/files/c151e11d3575d902f5516bcaf73d79c1a8cba8d547f93adf69adf83ea520a67b [stream]
[2026-05-08T12:29:05.262Z] >>> [apiv2][query] POST https://upload-firebasehosting.googleapis.com/upload/sites/wain-admin/versions/e1fbe438e21c1ef0/files/a9515eab2f7fac069533755a74ef214a9d66a807a74fa2210250c38048bb366c [none]
[2026-05-08T12:29:05.262Z] >>> [apiv2][body] POST https://upload-firebasehosting.googleapis.com/upload/sites/wain-admin/versions/e1fbe438e21c1ef0/files/a9515eab2f7fac069533755a74ef214a9d66a807a74fa2210250c38048bb366c [stream]
[2026-05-08T12:29:05.263Z] >>> [apiv2][query] POST https://upload-firebasehosting.googleapis.com/upload/sites/wain-admin/versions/e1fbe438e21c1ef0/files/b9fe859df18761831da0cbd29d9ff01a29ed93138e67027bf6092e42c9a60c75 [none]
[2026-05-08T12:29:05.263Z] >>> [apiv2][body] POST https://upload-firebasehosting.googleapis.com/upload/sites/wain-admin/versions/e1fbe438e21c1ef0/files/b9fe859df18761831da0cbd29d9ff01a29ed93138e67027bf6092e42c9a60c75 [stream]
[2026-05-08T12:29:05.263Z] [hosting][populate queue][FINAL] {"max":940,"min":940,"avg":940,"active":0,"complete":1,"success":1,"errored":0,"retried":0,"total":1,"elapsed":950}
[2026-05-08T12:29:05.264Z] [hosting] uploads queued: 16
i  hosting: uploading new files [0/16] (0%) 
[2026-05-08T12:29:06.236Z] <<< [apiv2][status] POST https://upload-firebasehosting.googleapis.com/upload/sites/wain-admin/versions/e1fbe438e21c1ef0/files/8e6d6664dace4af38e82971f45da20c4aff62aa6bf7a10bd1fe2768917179d72 200
[2026-05-08T12:29:06.236Z] <<< [apiv2][body] POST https://upload-firebasehosting.googleapis.com/upload/sites/wain-admin/versions/e1fbe438e21c1ef0/files/8e6d6664dace4af38e82971f45da20c4aff62aa6bf7a10bd1fe2768917179d72 [stream]
[2026-05-08T12:29:06.315Z] <<< [apiv2][status] POST https://upload-firebasehosting.googleapis.com/upload/sites/wain-admin/versions/e1fbe438e21c1ef0/files/c54a03b7f8b459893457fa6652e35ecd5c85246cbfa9573495124de785c5676b 200
[2026-05-08T12:29:06.315Z] <<< [apiv2][body] POST https://upload-firebasehosting.googleapis.com/upload/sites/wain-admin/versions/e1fbe438e21c1ef0/files/c54a03b7f8b459893457fa6652e35ecd5c85246cbfa9573495124de785c5676b [stream]
[2026-05-08T12:29:06.316Z] <<< [apiv2][status] POST https://upload-firebasehosting.googleapis.com/upload/sites/wain-admin/versions/e1fbe438e21c1ef0/files/1faec5fbc9b1f6292c6b935640e6715af05bb89a18518088e05b1c2563a3f849 200
[2026-05-08T12:29:06.317Z] <<< [apiv2][body] POST https://upload-firebasehosting.googleapis.com/upload/sites/wain-admin/versions/e1fbe438e21c1ef0/files/1faec5fbc9b1f6292c6b935640e6715af05bb89a18518088e05b1c2563a3f849 [stream]
[2026-05-08T12:29:06.324Z] <<< [apiv2][status] POST https://upload-firebasehosting.googleapis.com/upload/sites/wain-admin/versions/e1fbe438e21c1ef0/files/e984aa5afc13d06ae9511d7fd451d8623fcc39215485912bc1b8306d363924cf 200
[2026-05-08T12:29:06.324Z] <<< [apiv2][body] POST https://upload-firebasehosting.googleapis.com/upload/sites/wain-admin/versions/e1fbe438e21c1ef0/files/e984aa5afc13d06ae9511d7fd451d8623fcc39215485912bc1b8306d363924cf [stream]
[2026-05-08T12:29:06.341Z] <<< [apiv2][status] POST https://upload-firebasehosting.googleapis.com/upload/sites/wain-admin/versions/e1fbe438e21c1ef0/files/79537488ce2e5453bbc7e069660684174b94c3bf21a3cc19c7c0e081c4039bf8 200
[2026-05-08T12:29:06.341Z] <<< [apiv2][body] POST https://upload-firebasehosting.googleapis.com/upload/sites/wain-admin/versions/e1fbe438e21c1ef0/files/79537488ce2e5453bbc7e069660684174b94c3bf21a3cc19c7c0e081c4039bf8 [stream]
[2026-05-08T12:29:06.348Z] <<< [apiv2][status] POST https://upload-firebasehosting.googleapis.com/upload/sites/wain-admin/versions/e1fbe438e21c1ef0/files/e3be179c12845485273563740cfe652655fef237b82b38a1a1cd5edb6e86fd21 200
[2026-05-08T12:29:06.348Z] <<< [apiv2][body] POST https://upload-firebasehosting.googleapis.com/upload/sites/wain-admin/versions/e1fbe438e21c1ef0/files/e3be179c12845485273563740cfe652655fef237b82b38a1a1cd5edb6e86fd21 [stream]
[2026-05-08T12:29:06.359Z] <<< [apiv2][status] POST https://upload-firebasehosting.googleapis.com/upload/sites/wain-admin/versions/e1fbe438e21c1ef0/files/90abed82caf8cca2709bd2f2ec3e69ead0d80a90fc5a8a1fdcfe539c285d746b 200
[2026-05-08T12:29:06.359Z] <<< [apiv2][body] POST https://upload-firebasehosting.googleapis.com/upload/sites/wain-admin/versions/e1fbe438e21c1ef0/files/90abed82caf8cca2709bd2f2ec3e69ead0d80a90fc5a8a1fdcfe539c285d746b [stream]
[2026-05-08T12:29:06.386Z] <<< [apiv2][status] POST https://upload-firebasehosting.googleapis.com/upload/sites/wain-admin/versions/e1fbe438e21c1ef0/files/dfb7fe7e790313e44925aae439757360a5f112fdebc8ae708fa5f42366aa34ec 200
[2026-05-08T12:29:06.386Z] <<< [apiv2][body] POST https://upload-firebasehosting.googleapis.com/upload/sites/wain-admin/versions/e1fbe438e21c1ef0/files/dfb7fe7e790313e44925aae439757360a5f112fdebc8ae708fa5f42366aa34ec [stream]
[2026-05-08T12:29:06.394Z] <<< [apiv2][status] POST https://upload-firebasehosting.googleapis.com/upload/sites/wain-admin/versions/e1fbe438e21c1ef0/files/ed7b96df6bfbef854a496211b6786935a7632bdeed1cdbeeae65d082ec3c6f0b 200
[2026-05-08T12:29:06.394Z] <<< [apiv2][body] POST https://upload-firebasehosting.googleapis.com/upload/sites/wain-admin/versions/e1fbe438e21c1ef0/files/ed7b96df6bfbef854a496211b6786935a7632bdeed1cdbeeae65d082ec3c6f0b [stream]
[2026-05-08T12:29:06.397Z] <<< [apiv2][status] POST https://upload-firebasehosting.googleapis.com/upload/sites/wain-admin/versions/e1fbe438e21c1ef0/files/a9515eab2f7fac069533755a74ef214a9d66a807a74fa2210250c38048bb366c 200
[2026-05-08T12:29:06.397Z] <<< [apiv2][body] POST https://upload-firebasehosting.googleapis.com/upload/sites/wain-admin/versions/e1fbe438e21c1ef0/files/a9515eab2f7fac069533755a74ef214a9d66a807a74fa2210250c38048bb366c [stream]
[2026-05-08T12:29:06.413Z] <<< [apiv2][status] POST https://upload-firebasehosting.googleapis.com/upload/sites/wain-admin/versions/e1fbe438e21c1ef0/files/415ff7f5b63f249591265336ace3f51155861ddc4b6205f3c6527657cc77ff4e 200
[2026-05-08T12:29:06.413Z] <<< [apiv2][body] POST https://upload-firebasehosting.googleapis.com/upload/sites/wain-admin/versions/e1fbe438e21c1ef0/files/415ff7f5b63f249591265336ace3f51155861ddc4b6205f3c6527657cc77ff4e [stream]
[2026-05-08T12:29:06.419Z] <<< [apiv2][status] POST https://upload-firebasehosting.googleapis.com/upload/sites/wain-admin/versions/e1fbe438e21c1ef0/files/b9fe859df18761831da0cbd29d9ff01a29ed93138e67027bf6092e42c9a60c75 200
[2026-05-08T12:29:06.419Z] <<< [apiv2][body] POST https://upload-firebasehosting.googleapis.com/upload/sites/wain-admin/versions/e1fbe438e21c1ef0/files/b9fe859df18761831da0cbd29d9ff01a29ed93138e67027bf6092e42c9a60c75 [stream]
[2026-05-08T12:29:06.420Z] <<< [apiv2][status] POST https://upload-firebasehosting.googleapis.com/upload/sites/wain-admin/versions/e1fbe438e21c1ef0/files/c151e11d3575d902f5516bcaf73d79c1a8cba8d547f93adf69adf83ea520a67b 200
[2026-05-08T12:29:06.420Z] <<< [apiv2][body] POST https://upload-firebasehosting.googleapis.com/upload/sites/wain-admin/versions/e1fbe438e21c1ef0/files/c151e11d3575d902f5516bcaf73d79c1a8cba8d547f93adf69adf83ea520a67b [stream]
[2026-05-08T12:29:06.425Z] <<< [apiv2][status] POST https://upload-firebasehosting.googleapis.com/upload/sites/wain-admin/versions/e1fbe438e21c1ef0/files/7cfe62d686c8934a819585a08f724aba40b341b7cdefb59a16371d601fa959d5 200
[2026-05-08T12:29:06.425Z] <<< [apiv2][body] POST https://upload-firebasehosting.googleapis.com/upload/sites/wain-admin/versions/e1fbe438e21c1ef0/files/7cfe62d686c8934a819585a08f724aba40b341b7cdefb59a16371d601fa959d5 [stream]
[2026-05-08T12:29:06.577Z] <<< [apiv2][status] POST https://upload-firebasehosting.googleapis.com/upload/sites/wain-admin/versions/e1fbe438e21c1ef0/files/7f4d83b86108c5fe6e87e82bac0d75a802fda158235f9d1f2f04c895778802e8 200
[2026-05-08T12:29:06.577Z] <<< [apiv2][body] POST https://upload-firebasehosting.googleapis.com/upload/sites/wain-admin/versions/e1fbe438e21c1ef0/files/7f4d83b86108c5fe6e87e82bac0d75a802fda158235f9d1f2f04c895778802e8 [stream]
[2026-05-08T12:29:06.747Z] <<< [apiv2][status] POST https://upload-firebasehosting.googleapis.com/upload/sites/wain-admin/versions/e1fbe438e21c1ef0/files/bcbb82a2dd0ebda588735e6098d9061a6c3e0dfbcbb2403c3e5dc8677bcfa4ab 200
[2026-05-08T12:29:06.747Z] <<< [apiv2][body] POST https://upload-firebasehosting.googleapis.com/upload/sites/wain-admin/versions/e1fbe438e21c1ef0/files/bcbb82a2dd0ebda588735e6098d9061a6c3e0dfbcbb2403c3e5dc8677bcfa4ab [stream]
[2026-05-08T12:29:06.748Z] [hosting][upload queue][FINAL] {"max":1496,"min":983,"avg":1148.4374999999995,"active":0,"complete":16,"success":16,"errored":0,"retried":0,"total":16,"elapsed":1496}
i  hosting: upload complete 
+  hosting[wain-admin]: file upload complete 
[2026-05-08T12:29:06.748Z] [hosting] deploy completed after 2839ms
i  functions: updating Node.js 22 (2nd Gen) function firebase-frameworks-wain-admin:ssrwainadmin(us-central1)... 
[2026-05-08T12:29:06.750Z] Checked if tokens are valid: true, expires at: 1778244413413
[2026-05-08T12:29:06.750Z] Checked if tokens are valid: true, expires at: 1778244413413
[2026-05-08T12:29:06.750Z] >>> [apiv2][query] PATCH https://cloudfunctions.googleapis.com/v2/projects/wain-d2e28/locations/us-central1/functions/ssrwainadmin updateMask=name%2CbuildConfig.runtime%2CbuildConfig.entryPoint%2CbuildConfig.source.storageSource.bucket%2CbuildConfig.source.storageSource.object%2CbuildConfig.environmentVariables%2CbuildConfig.sourceToken%2CserviceConfig.environmentVariables%2CserviceConfig.ingressSettings%2CserviceConfig.timeoutSeconds%2CserviceConfig.serviceAccountEmail%2CserviceConfig.availableMemory%2CserviceConfig.minInstanceCount%2CserviceConfig.maxInstanceCount%2CserviceConfig.maxInstanceRequestConcurrency%2CserviceConfig.availableCpu%2CserviceConfig.vpcConnector%2CserviceConfig.vpcConnectorEgressSettings%2CserviceConfig.directVpcNetworkInterface%2CserviceConfig.directVpcEgress%2Clabels
[2026-05-08T12:29:06.750Z] >>> [apiv2][body] PATCH https://cloudfunctions.googleapis.com/v2/projects/wain-d2e28/locations/us-central1/functions/ssrwainadmin {"name":"projects/wain-d2e28/locations/us-central1/functions/ssrwainadmin","buildConfig":{"runtime":"nodejs22","entryPoint":"ssrwainadmin","source":{"storageSource":{"bucket":"gcf-v2-uploads-620614484841.us-central1.cloudfunctions.appspot.com","object":"2398911a-0cdc-4815-9ea6-f7e12413af04.zip"}},"environmentVariables":{"GOOGLE_NODE_RUN_SCRIPTS":""}},"serviceConfig":{"environmentVariables":{"VERCEL_URL":"wain-d2e28.web.app","__FIREBASE_FRAMEWORKS_ENTRY__":"next.js","__FIREBASE_DEFAULTS__":"{\"config\":{\"projectId\":\"wain-d2e28\",\"appId\":\"1:620614484841:web:ac86320829e764bc41b3f8\",\"storageBucket\":\"wain-d2e28.firebasestorage.app\",\"apiKey\":\"AIzaSyC9YKkNcRIbFkVeiO-sBbA2zgJxEzm6rlM\",\"authDomain\":\"wain-d2e28.firebaseapp.com\",\"messagingSenderId\":\"620614484841\",\"measurementId\":\"G-EV5MVJZX2R\",\"projectNumber\":\"620614484841\",\"version\":\"2\"},\"_authTokenSyncURL\":\"/__session\"}","FIREBASE_CONFIG":"{\"projectId\":\"wain-d2e28\",\"storageBucket\":\"wain-d2e28.firebasestorage.app\"}","GCLOUD_PROJECT":"wain-d2e28","EVENTARC_CLOUD_EVENT_SOURCE":"projects/wain-d2e28/locations/us-central1/services/ssrwainadmin","FUNCTION_TARGET":"ssrwainadmin","LOG_EXECUTION_ID":"true"},"ingressSettings":null,"timeoutSeconds":null,"serviceAccountEmail":null,"availableMemory":"512Mi","minInstanceCount":null,"maxInstanceCount":null,"maxInstanceRequestConcurrency":80,"availableCpu":"1","vpcConnector":null,"vpcConnectorEgressSettings":null,"directVpcNetworkInterface":null,"directVpcEgress":null},"labels":{"deployment-tool":"cli-firebase","firebase-functions-codebase":"firebase-frameworks-wain-admin","firebase-functions-hash":"7ad3330b49780db3985730d1b7cdf5554bbe5744"}}
[2026-05-08T12:29:08.603Z] <<< [apiv2][status] PATCH https://cloudfunctions.googleapis.com/v2/projects/wain-d2e28/locations/us-central1/functions/ssrwainadmin 200
[2026-05-08T12:29:08.603Z] <<< [apiv2][body] PATCH https://cloudfunctions.googleapis.com/v2/projects/wain-d2e28/locations/us-central1/functions/ssrwainadmin {"name":"projects/wain-d2e28/locations/us-central1/operations/operation-1778243348384-6514d8b1acb9a-c02542b6-cd42f34f","metadata":{"@type":"type.googleapis.com/google.cloud.functions.v2.OperationMetadata","createTime":"2026-05-08T12:29:09.379776872Z","target":"projects/wain-d2e28/locations/us-central1/functions/ssrwainadmin","verb":"update","cancelRequested":false,"apiVersion":"v2"},"done":false}
[2026-05-08T12:29:08.603Z] Checked if tokens are valid: true, expires at: 1778244413413
[2026-05-08T12:29:08.603Z] Checked if tokens are valid: true, expires at: 1778244413413
[2026-05-08T12:29:08.603Z] >>> [apiv2][query] GET https://cloudfunctions.googleapis.com/v2/projects/wain-d2e28/locations/us-central1/operations/operation-1778243348384-6514d8b1acb9a-c02542b6-cd42f34f [none]
[2026-05-08T12:29:08.815Z] <<< [apiv2][status] GET https://cloudfunctions.googleapis.com/v2/projects/wain-d2e28/locations/us-central1/operations/operation-1778243348384-6514d8b1acb9a-c02542b6-cd42f34f 200
[2026-05-08T12:29:08.815Z] <<< [apiv2][body] GET https://cloudfunctions.googleapis.com/v2/projects/wain-d2e28/locations/us-central1/operations/operation-1778243348384-6514d8b1acb9a-c02542b6-cd42f34f {"name":"projects/wain-d2e28/locations/us-central1/operations/operation-1778243348384-6514d8b1acb9a-c02542b6-cd42f34f","metadata":{"@type":"type.googleapis.com/google.cloud.functions.v2.OperationMetadata","createTime":"2026-05-08T12:29:09.379776872Z","target":"projects/wain-d2e28/locations/us-central1/functions/ssrwainadmin","verb":"update","cancelRequested":false,"apiVersion":"v2","requestResource":{"@type":"type.googleapis.com/google.cloud.functions.v2.Function","name":"projects/wain-d2e28/locations/us-central1/functions/ssrwainadmin","buildConfig":{"runtime":"nodejs22","entryPoint":"ssrwainadmin","source":{"storageSource":{"bucket":"gcf-v2-sources-620614484841-us-central1","object":"ssrwainadmin/function-source.zip","generation":"1778243349311945"}},"environmentVariables":{"GOOGLE_NODE_RUN_SCRIPTS":""},"dockerRepository":"projects/wain-d2e28/locations/us-central1/repositories/gcf-artifacts","sourceProvenance":{"resolvedStorageSource":{"bucket":"gcf-v2-sources-620614484841-us-central1","object":"ssrwainadmin/function-source.zip","generation":"1778192908363790"}},"dockerRegistry":"ARTIFACT_REGISTRY","serviceAccount":"projects/wain-d2e28/serviceAccounts/620614484841-compute@developer.gserviceaccount.com","automaticUpdatePolicy":{}},"serviceConfig":{"service":"projects/wain-d2e28/locations/us-central1/services/ssrwainadmin","timeoutSeconds":60,"environmentVariables":{"VERCEL_URL":"wain-d2e28.web.app","__FIREBASE_FRAMEWORKS_ENTRY__":"next.js","__FIREBASE_DEFAULTS__":"{\"config\":{\"projectId\":\"wain-d2e28\",\"appId\":\"1:620614484841:web:ac86320829e764bc41b3f8\",\"storageBucket\":\"wain-d2e28.firebasestorage.app\",\"apiKey\":\"AIzaSyC9YKkNcRIbFkVeiO-sBbA2zgJxEzm6rlM\",\"authDomain\":\"wain-d2e28.firebaseapp.com\",\"messagingSenderId\":\"620614484841\",\"measurementId\":\"G-EV5MVJZX2R\",\"projectNumber\":\"620614484841\",\"version\":\"2\"},\"_authTokenSyncURL\":\"/__session\"}","FIREBASE_CONFIG":"{\"projectId\":\"wain-d2e28\",\"storageBucket\":\"wain-d2e28.firebasestorage.app\"}","GCLOUD_PROJECT":"wain-d2e28","EVENTARC_CLOUD_EVENT_SOURCE":"projects/wain-d2e28/locations/us-central1/services/ssrwainadmin","FUNCTION_TARGET":"ssrwainadmin","LOG_EXECUTION_ID":"true"},"ingressSettings":"ALLOW_ALL","uri":"https://ssrwainadmin-wvn5fhzfsq-uc.a.run.app","serviceAccountEmail":"620614484841-compute@developer.gserviceaccount.com","availableMemory":"512Mi","allTrafficOnLatestRevision":true,"revision":"ssrwainadmin-00067-xig","maxInstanceRequestConcurrency":80,"availableCpu":"1"},"state":"ACTIVE","labels":{"deployment-tool":"cli-firebase","firebase-functions-codebase":"firebase-frameworks-wain-admin","firebase-functions-hash":"7ad3330b49780db3985730d1b7cdf5554bbe5744"},"environment":"GEN_2","url":"https://us-central1-wain-d2e28.cloudfunctions.net/ssrwainadmin","satisfiesPzi":true},"stages":[{"name":"BUILD","state":"NOT_STARTED"},{"name":"SERVICE","state":"NOT_STARTED"}],"operationType":"UPDATE_FUNCTION"},"done":false}
[2026-05-08T12:29:09.330Z] [update-firebase-frameworks-wain-admin-us-central1-ssrwainadmin] Retrying task index 0
[2026-05-08T12:29:09.330Z] Checked if tokens are valid: true, expires at: 1778244413413
[2026-05-08T12:29:09.330Z] Checked if tokens are valid: true, expires at: 1778244413413
[2026-05-08T12:29:09.330Z] >>> [apiv2][query] GET https://cloudfunctions.googleapis.com/v2/projects/wain-d2e28/locations/us-central1/operations/operation-1778243348384-6514d8b1acb9a-c02542b6-cd42f34f [none]
[2026-05-08T12:29:09.569Z] <<< [apiv2][status] GET https://cloudfunctions.googleapis.com/v2/projects/wain-d2e28/locations/us-central1/operations/operation-1778243348384-6514d8b1acb9a-c02542b6-cd42f34f 200
[2026-05-08T12:29:09.569Z] <<< [apiv2][body] GET https://cloudfunctions.googleapis.com/v2/projects/wain-d2e28/locations/us-central1/operations/operation-1778243348384-6514d8b1acb9a-c02542b6-cd42f34f {"name":"projects/wain-d2e28/locations/us-central1/operations/operation-1778243348384-6514d8b1acb9a-c02542b6-cd42f34f","metadata":{"@type":"type.googleapis.com/google.cloud.functions.v2.OperationMetadata","createTime":"2026-05-08T12:29:09.379776872Z","target":"projects/wain-d2e28/locations/us-central1/functions/ssrwainadmin","verb":"update","cancelRequested":false,"apiVersion":"v2","requestResource":{"@type":"type.googleapis.com/google.cloud.functions.v2.Function","name":"projects/wain-d2e28/locations/us-central1/functions/ssrwainadmin","buildConfig":{"runtime":"nodejs22","entryPoint":"ssrwainadmin","source":{"storageSource":{"bucket":"gcf-v2-sources-620614484841-us-central1","object":"ssrwainadmin/function-source.zip","generation":"1778243349311945"}},"environmentVariables":{"GOOGLE_NODE_RUN_SCRIPTS":""},"dockerRepository":"projects/wain-d2e28/locations/us-central1/repositories/gcf-artifacts","sourceProvenance":{"resolvedStorageSource":{"bucket":"gcf-v2-sources-620614484841-us-central1","object":"ssrwainadmin/function-source.zip","generation":"1778192908363790"}},"dockerRegistry":"ARTIFACT_REGISTRY","serviceAccount":"projects/wain-d2e28/serviceAccounts/620614484841-compute@developer.gserviceaccount.com","automaticUpdatePolicy":{}},"serviceConfig":{"service":"projects/wain-d2e28/locations/us-central1/services/ssrwainadmin","timeoutSeconds":60,"environmentVariables":{"VERCEL_URL":"wain-d2e28.web.app","__FIREBASE_FRAMEWORKS_ENTRY__":"next.js","__FIREBASE_DEFAULTS__":"{\"config\":{\"projectId\":\"wain-d2e28\",\"appId\":\"1:620614484841:web:ac86320829e764bc41b3f8\",\"storageBucket\":\"wain-d2e28.firebasestorage.app\",\"apiKey\":\"AIzaSyC9YKkNcRIbFkVeiO-sBbA2zgJxEzm6rlM\",\"authDomain\":\"wain-d2e28.firebaseapp.com\",\"messagingSenderId\":\"620614484841\",\"measurementId\":\"G-EV5MVJZX2R\",\"projectNumber\":\"620614484841\",\"version\":\"2\"},\"_authTokenSyncURL\":\"/__session\"}","FIREBASE_CONFIG":"{\"projectId\":\"wain-d2e28\",\"storageBucket\":\"wain-d2e28.firebasestorage.app\"}","GCLOUD_PROJECT":"wain-d2e28","EVENTARC_CLOUD_EVENT_SOURCE":"projects/wain-d2e28/locations/us-central1/services/ssrwainadmin","FUNCTION_TARGET":"ssrwainadmin","LOG_EXECUTION_ID":"true"},"ingressSettings":"ALLOW_ALL","uri":"https://ssrwainadmin-wvn5fhzfsq-uc.a.run.app","serviceAccountEmail":"620614484841-compute@developer.gserviceaccount.com","availableMemory":"512Mi","allTrafficOnLatestRevision":true,"revision":"ssrwainadmin-00067-xig","maxInstanceRequestConcurrency":80,"availableCpu":"1"},"state":"ACTIVE","labels":{"deployment-tool":"cli-firebase","firebase-functions-codebase":"firebase-frameworks-wain-admin","firebase-functions-hash":"7ad3330b49780db3985730d1b7cdf5554bbe5744"},"environment":"GEN_2","url":"https://us-central1-wain-d2e28.cloudfunctions.net/ssrwainadmin","satisfiesPzi":true},"stages":[{"name":"BUILD","message":"Build in progress","state":"IN_PROGRESS","resource":"projects/620614484841/locations/us-central1/builds/36811141-6bb7-43a1-9dfd-963653b65b6e","resourceUri":"https://console.cloud.google.com/cloud-build/builds;region=us-central1/36811141-6bb7-43a1-9dfd-963653b65b6e?project=620614484841"},{"name":"SERVICE","state":"NOT_STARTED"}],"operationType":"UPDATE_FUNCTION","buildName":"projects/620614484841/locations/us-central1/builds/36811141-6bb7-43a1-9dfd-963653b65b6e"},"done":false}
[2026-05-08T12:29:10.570Z] [update-firebase-frameworks-wain-admin-us-central1-ssrwainadmin] Retrying task index 0
[2026-05-08T12:29:10.571Z] Checked if tokens are valid: true, expires at: 1778244413413
[2026-05-08T12:29:10.571Z] Checked if tokens are valid: true, expires at: 1778244413413
[2026-05-08T12:29:10.571Z] >>> [apiv2][query] GET https://cloudfunctions.googleapis.com/v2/projects/wain-d2e28/locations/us-central1/operations/operation-1778243348384-6514d8b1acb9a-c02542b6-cd42f34f [none]
[2026-05-08T12:29:11.311Z] <<< [apiv2][status] GET https://cloudfunctions.googleapis.com/v2/projects/wain-d2e28/locations/us-central1/operations/operation-1778243348384-6514d8b1acb9a-c02542b6-cd42f34f 200
[2026-05-08T12:29:11.312Z] <<< [apiv2][body] GET https://cloudfunctions.googleapis.com/v2/projects/wain-d2e28/locations/us-central1/operations/operation-1778243348384-6514d8b1acb9a-c02542b6-cd42f34f {"name":"projects/wain-d2e28/locations/us-central1/operations/operation-1778243348384-6514d8b1acb9a-c02542b6-cd42f34f","metadata":{"@type":"type.googleapis.com/google.cloud.functions.v2.OperationMetadata","createTime":"2026-05-08T12:29:09.379776872Z","target":"projects/wain-d2e28/locations/us-central1/functions/ssrwainadmin","verb":"update","cancelRequested":false,"apiVersion":"v2","requestResource":{"@type":"type.googleapis.com/google.cloud.functions.v2.Function","name":"projects/wain-d2e28/locations/us-central1/functions/ssrwainadmin","buildConfig":{"runtime":"nodejs22","entryPoint":"ssrwainadmin","source":{"storageSource":{"bucket":"gcf-v2-sources-620614484841-us-central1","object":"ssrwainadmin/function-source.zip","generation":"1778243349311945"}},"environmentVariables":{"GOOGLE_NODE_RUN_SCRIPTS":""},"dockerRepository":"projects/wain-d2e28/locations/us-central1/repositories/gcf-artifacts","sourceProvenance":{"resolvedStorageSource":{"bucket":"gcf-v2-sources-620614484841-us-central1","object":"ssrwainadmin/function-source.zip","generation":"1778192908363790"}},"dockerRegistry":"ARTIFACT_REGISTRY","serviceAccount":"projects/wain-d2e28/serviceAccounts/620614484841-compute@developer.gserviceaccount.com","automaticUpdatePolicy":{}},"serviceConfig":{"service":"projects/wain-d2e28/locations/us-central1/services/ssrwainadmin","timeoutSeconds":60,"environmentVariables":{"VERCEL_URL":"wain-d2e28.web.app","__FIREBASE_FRAMEWORKS_ENTRY__":"next.js","__FIREBASE_DEFAULTS__":"{\"config\":{\"projectId\":\"wain-d2e28\",\"appId\":\"1:620614484841:web:ac86320829e764bc41b3f8\",\"storageBucket\":\"wain-d2e28.firebasestorage.app\",\"apiKey\":\"AIzaSyC9YKkNcRIbFkVeiO-sBbA2zgJxEzm6rlM\",\"authDomain\":\"wain-d2e28.firebaseapp.com\",\"messagingSenderId\":\"620614484841\",\"measurementId\":\"G-EV5MVJZX2R\",\"projectNumber\":\"620614484841\",\"version\":\"2\"},\"_authTokenSyncURL\":\"/__session\"}","FIREBASE_CONFIG":"{\"projectId\":\"wain-d2e28\",\"storageBucket\":\"wain-d2e28.firebasestorage.app\"}","GCLOUD_PROJECT":"wain-d2e28","EVENTARC_CLOUD_EVENT_SOURCE":"projects/wain-d2e28/locations/us-central1/services/ssrwainadmin","FUNCTION_TARGET":"ssrwainadmin","LOG_EXECUTION_ID":"true"},"ingressSettings":"ALLOW_ALL","uri":"https://ssrwainadmin-wvn5fhzfsq-uc.a.run.app","serviceAccountEmail":"620614484841-compute@developer.gserviceaccount.com","availableMemory":"512Mi","allTrafficOnLatestRevision":true,"revision":"ssrwainadmin-00067-xig","maxInstanceRequestConcurrency":80,"availableCpu":"1"},"state":"ACTIVE","labels":{"deployment-tool":"cli-firebase","firebase-functions-codebase":"firebase-frameworks-wain-admin","firebase-functions-hash":"7ad3330b49780db3985730d1b7cdf5554bbe5744"},"environment":"GEN_2","url":"https://us-central1-wain-d2e28.cloudfunctions.net/ssrwainadmin","satisfiesPzi":true},"stages":[{"name":"BUILD","message":"Build in progress","state":"IN_PROGRESS","resource":"projects/620614484841/locations/us-central1/builds/36811141-6bb7-43a1-9dfd-963653b65b6e","resourceUri":"https://console.cloud.google.com/cloud-build/builds;region=us-central1/36811141-6bb7-43a1-9dfd-963653b65b6e?project=620614484841"},{"name":"SERVICE","state":"NOT_STARTED"}],"operationType":"UPDATE_FUNCTION","buildName":"projects/620614484841/locations/us-central1/builds/36811141-6bb7-43a1-9dfd-963653b65b6e"},"done":false}
[2026-05-08T12:29:13.325Z] [update-firebase-frameworks-wain-admin-us-central1-ssrwainadmin] Retrying task index 0
[2026-05-08T12:29:13.325Z] Checked if tokens are valid: true, expires at: 1778244413413
[2026-05-08T12:29:13.325Z] Checked if tokens are valid: true, expires at: 1778244413413
[2026-05-08T12:29:13.325Z] >>> [apiv2][query] GET https://cloudfunctions.googleapis.com/v2/projects/wain-d2e28/locations/us-central1/operations/operation-1778243348384-6514d8b1acb9a-c02542b6-cd42f34f [none]
[2026-05-08T12:29:14.080Z] <<< [apiv2][status] GET https://cloudfunctions.googleapis.com/v2/projects/wain-d2e28/locations/us-central1/operations/operation-1778243348384-6514d8b1acb9a-c02542b6-cd42f34f 200
[2026-05-08T12:29:14.080Z] <<< [apiv2][body] GET https://cloudfunctions.googleapis.com/v2/projects/wain-d2e28/locations/us-central1/operations/operation-1778243348384-6514d8b1acb9a-c02542b6-cd42f34f {"name":"projects/wain-d2e28/locations/us-central1/operations/operation-1778243348384-6514d8b1acb9a-c02542b6-cd42f34f","metadata":{"@type":"type.googleapis.com/google.cloud.functions.v2.OperationMetadata","createTime":"2026-05-08T12:29:09.379776872Z","target":"projects/wain-d2e28/locations/us-central1/functions/ssrwainadmin","verb":"update","cancelRequested":false,"apiVersion":"v2","requestResource":{"@type":"type.googleapis.com/google.cloud.functions.v2.Function","name":"projects/wain-d2e28/locations/us-central1/functions/ssrwainadmin","buildConfig":{"runtime":"nodejs22","entryPoint":"ssrwainadmin","source":{"storageSource":{"bucket":"gcf-v2-sources-620614484841-us-central1","object":"ssrwainadmin/function-source.zip","generation":"1778243349311945"}},"environmentVariables":{"GOOGLE_NODE_RUN_SCRIPTS":""},"dockerRepository":"projects/wain-d2e28/locations/us-central1/repositories/gcf-artifacts","sourceProvenance":{"resolvedStorageSource":{"bucket":"gcf-v2-sources-620614484841-us-central1","object":"ssrwainadmin/function-source.zip","generation":"1778192908363790"}},"dockerRegistry":"ARTIFACT_REGISTRY","serviceAccount":"projects/wain-d2e28/serviceAccounts/620614484841-compute@developer.gserviceaccount.com","automaticUpdatePolicy":{}},"serviceConfig":{"service":"projects/wain-d2e28/locations/us-central1/services/ssrwainadmin","timeoutSeconds":60,"environmentVariables":{"VERCEL_URL":"wain-d2e28.web.app","__FIREBASE_FRAMEWORKS_ENTRY__":"next.js","__FIREBASE_DEFAULTS__":"{\"config\":{\"projectId\":\"wain-d2e28\",\"appId\":\"1:620614484841:web:ac86320829e764bc41b3f8\",\"storageBucket\":\"wain-d2e28.firebasestorage.app\",\"apiKey\":\"AIzaSyC9YKkNcRIbFkVeiO-sBbA2zgJxEzm6rlM\",\"authDomain\":\"wain-d2e28.firebaseapp.com\",\"messagingSenderId\":\"620614484841\",\"measurementId\":\"G-EV5MVJZX2R\",\"projectNumber\":\"620614484841\",\"version\":\"2\"},\"_authTokenSyncURL\":\"/__session\"}","FIREBASE_CONFIG":"{\"projectId\":\"wain-d2e28\",\"storageBucket\":\"wain-d2e28.firebasestorage.app\"}","GCLOUD_PROJECT":"wain-d2e28","EVENTARC_CLOUD_EVENT_SOURCE":"projects/wain-d2e28/locations/us-central1/services/ssrwainadmin","FUNCTION_TARGET":"ssrwainadmin","LOG_EXECUTION_ID":"true"},"ingressSettings":"ALLOW_ALL","uri":"https://ssrwainadmin-wvn5fhzfsq-uc.a.run.app","serviceAccountEmail":"620614484841-compute@developer.gserviceaccount.com","availableMemory":"512Mi","allTrafficOnLatestRevision":true,"revision":"ssrwainadmin-00067-xig","maxInstanceRequestConcurrency":80,"availableCpu":"1"},"state":"ACTIVE","labels":{"deployment-tool":"cli-firebase","firebase-functions-codebase":"firebase-frameworks-wain-admin","firebase-functions-hash":"7ad3330b49780db3985730d1b7cdf5554bbe5744"},"environment":"GEN_2","url":"https://us-central1-wain-d2e28.cloudfunctions.net/ssrwainadmin","satisfiesPzi":true},"stages":[{"name":"BUILD","message":"Build in progress","state":"IN_PROGRESS","resource":"projects/620614484841/locations/us-central1/builds/36811141-6bb7-43a1-9dfd-963653b65b6e","resourceUri":"https://console.cloud.google.com/cloud-build/builds;region=us-central1/36811141-6bb7-43a1-9dfd-963653b65b6e?project=620614484841"},{"name":"SERVICE","state":"NOT_STARTED"}],"operationType":"UPDATE_FUNCTION","buildName":"projects/620614484841/locations/us-central1/builds/36811141-6bb7-43a1-9dfd-963653b65b6e"},"done":false}
[2026-05-08T12:29:18.085Z] [update-firebase-frameworks-wain-admin-us-central1-ssrwainadmin] Retrying task index 0
[2026-05-08T12:29:18.086Z] Checked if tokens are valid: true, expires at: 1778244413413
[2026-05-08T12:29:18.086Z] Checked if tokens are valid: true, expires at: 1778244413413
[2026-05-08T12:29:18.086Z] >>> [apiv2][query] GET https://cloudfunctions.googleapis.com/v2/projects/wain-d2e28/locations/us-central1/operations/operation-1778243348384-6514d8b1acb9a-c02542b6-cd42f34f [none]
[2026-05-08T12:29:18.298Z] <<< [apiv2][status] GET https://cloudfunctions.googleapis.com/v2/projects/wain-d2e28/locations/us-central1/operations/operation-1778243348384-6514d8b1acb9a-c02542b6-cd42f34f 200
[2026-05-08T12:29:18.298Z] <<< [apiv2][body] GET https://cloudfunctions.googleapis.com/v2/projects/wain-d2e28/locations/us-central1/operations/operation-1778243348384-6514d8b1acb9a-c02542b6-cd42f34f {"name":"projects/wain-d2e28/locations/us-central1/operations/operation-1778243348384-6514d8b1acb9a-c02542b6-cd42f34f","metadata":{"@type":"type.googleapis.com/google.cloud.functions.v2.OperationMetadata","createTime":"2026-05-08T12:29:09.379776872Z","target":"projects/wain-d2e28/locations/us-central1/functions/ssrwainadmin","verb":"update","cancelRequested":false,"apiVersion":"v2","requestResource":{"@type":"type.googleapis.com/google.cloud.functions.v2.Function","name":"projects/wain-d2e28/locations/us-central1/functions/ssrwainadmin","buildConfig":{"runtime":"nodejs22","entryPoint":"ssrwainadmin","source":{"storageSource":{"bucket":"gcf-v2-sources-620614484841-us-central1","object":"ssrwainadmin/function-source.zip","generation":"1778243349311945"}},"environmentVariables":{"GOOGLE_NODE_RUN_SCRIPTS":""},"dockerRepository":"projects/wain-d2e28/locations/us-central1/repositories/gcf-artifacts","sourceProvenance":{"resolvedStorageSource":{"bucket":"gcf-v2-sources-620614484841-us-central1","object":"ssrwainadmin/function-source.zip","generation":"1778192908363790"}},"dockerRegistry":"ARTIFACT_REGISTRY","serviceAccount":"projects/wain-d2e28/serviceAccounts/620614484841-compute@developer.gserviceaccount.com","automaticUpdatePolicy":{}},"serviceConfig":{"service":"projects/wain-d2e28/locations/us-central1/services/ssrwainadmin","timeoutSeconds":60,"environmentVariables":{"VERCEL_URL":"wain-d2e28.web.app","__FIREBASE_FRAMEWORKS_ENTRY__":"next.js","__FIREBASE_DEFAULTS__":"{\"config\":{\"projectId\":\"wain-d2e28\",\"appId\":\"1:620614484841:web:ac86320829e764bc41b3f8\",\"storageBucket\":\"wain-d2e28.firebasestorage.app\",\"apiKey\":\"AIzaSyC9YKkNcRIbFkVeiO-sBbA2zgJxEzm6rlM\",\"authDomain\":\"wain-d2e28.firebaseapp.com\",\"messagingSenderId\":\"620614484841\",\"measurementId\":\"G-EV5MVJZX2R\",\"projectNumber\":\"620614484841\",\"version\":\"2\"},\"_authTokenSyncURL\":\"/__session\"}","FIREBASE_CONFIG":"{\"projectId\":\"wain-d2e28\",\"storageBucket\":\"wain-d2e28.firebasestorage.app\"}","GCLOUD_PROJECT":"wain-d2e28","EVENTARC_CLOUD_EVENT_SOURCE":"projects/wain-d2e28/locations/us-central1/services/ssrwainadmin","FUNCTION_TARGET":"ssrwainadmin","LOG_EXECUTION_ID":"true"},"ingressSettings":"ALLOW_ALL","uri":"https://ssrwainadmin-wvn5fhzfsq-uc.a.run.app","serviceAccountEmail":"620614484841-compute@developer.gserviceaccount.com","availableMemory":"512Mi","allTrafficOnLatestRevision":true,"revision":"ssrwainadmin-00067-xig","maxInstanceRequestConcurrency":80,"availableCpu":"1"},"state":"ACTIVE","labels":{"deployment-tool":"cli-firebase","firebase-functions-codebase":"firebase-frameworks-wain-admin","firebase-functions-hash":"7ad3330b49780db3985730d1b7cdf5554bbe5744"},"environment":"GEN_2","url":"https://us-central1-wain-d2e28.cloudfunctions.net/ssrwainadmin","satisfiesPzi":true},"stages":[{"name":"BUILD","message":"Build in progress","state":"IN_PROGRESS","resource":"projects/620614484841/locations/us-central1/builds/36811141-6bb7-43a1-9dfd-963653b65b6e","resourceUri":"https://console.cloud.google.com/cloud-build/builds;region=us-central1/36811141-6bb7-43a1-9dfd-963653b65b6e?project=620614484841"},{"name":"SERVICE","state":"NOT_STARTED"}],"operationType":"UPDATE_FUNCTION","buildName":"projects/620614484841/locations/us-central1/builds/36811141-6bb7-43a1-9dfd-963653b65b6e"},"done":false}
[2026-05-08T12:29:26.313Z] [update-firebase-frameworks-wain-admin-us-central1-ssrwainadmin] Retrying task index 0
[2026-05-08T12:29:26.313Z] Checked if tokens are valid: true, expires at: 1778244413413
[2026-05-08T12:29:26.313Z] Checked if tokens are valid: true, expires at: 1778244413413
[2026-05-08T12:29:26.313Z] >>> [apiv2][query] GET https://cloudfunctions.googleapis.com/v2/projects/wain-d2e28/locations/us-central1/operations/operation-1778243348384-6514d8b1acb9a-c02542b6-cd42f34f [none]
[2026-05-08T12:29:27.108Z] <<< [apiv2][status] GET https://cloudfunctions.googleapis.com/v2/projects/wain-d2e28/locations/us-central1/operations/operation-1778243348384-6514d8b1acb9a-c02542b6-cd42f34f 200
[2026-05-08T12:29:27.108Z] <<< [apiv2][body] GET https://cloudfunctions.googleapis.com/v2/projects/wain-d2e28/locations/us-central1/operations/operation-1778243348384-6514d8b1acb9a-c02542b6-cd42f34f {"name":"projects/wain-d2e28/locations/us-central1/operations/operation-1778243348384-6514d8b1acb9a-c02542b6-cd42f34f","metadata":{"@type":"type.googleapis.com/google.cloud.functions.v2.OperationMetadata","createTime":"2026-05-08T12:29:09.379776872Z","target":"projects/wain-d2e28/locations/us-central1/functions/ssrwainadmin","verb":"update","cancelRequested":false,"apiVersion":"v2","requestResource":{"@type":"type.googleapis.com/google.cloud.functions.v2.Function","name":"projects/wain-d2e28/locations/us-central1/functions/ssrwainadmin","buildConfig":{"runtime":"nodejs22","entryPoint":"ssrwainadmin","source":{"storageSource":{"bucket":"gcf-v2-sources-620614484841-us-central1","object":"ssrwainadmin/function-source.zip","generation":"1778243349311945"}},"environmentVariables":{"GOOGLE_NODE_RUN_SCRIPTS":""},"dockerRepository":"projects/wain-d2e28/locations/us-central1/repositories/gcf-artifacts","sourceProvenance":{"resolvedStorageSource":{"bucket":"gcf-v2-sources-620614484841-us-central1","object":"ssrwainadmin/function-source.zip","generation":"1778192908363790"}},"dockerRegistry":"ARTIFACT_REGISTRY","serviceAccount":"projects/wain-d2e28/serviceAccounts/620614484841-compute@developer.gserviceaccount.com","automaticUpdatePolicy":{}},"serviceConfig":{"service":"projects/wain-d2e28/locations/us-central1/services/ssrwainadmin","timeoutSeconds":60,"environmentVariables":{"VERCEL_URL":"wain-d2e28.web.app","__FIREBASE_FRAMEWORKS_ENTRY__":"next.js","__FIREBASE_DEFAULTS__":"{\"config\":{\"projectId\":\"wain-d2e28\",\"appId\":\"1:620614484841:web:ac86320829e764bc41b3f8\",\"storageBucket\":\"wain-d2e28.firebasestorage.app\",\"apiKey\":\"AIzaSyC9YKkNcRIbFkVeiO-sBbA2zgJxEzm6rlM\",\"authDomain\":\"wain-d2e28.firebaseapp.com\",\"messagingSenderId\":\"620614484841\",\"measurementId\":\"G-EV5MVJZX2R\",\"projectNumber\":\"620614484841\",\"version\":\"2\"},\"_authTokenSyncURL\":\"/__session\"}","FIREBASE_CONFIG":"{\"projectId\":\"wain-d2e28\",\"storageBucket\":\"wain-d2e28.firebasestorage.app\"}","GCLOUD_PROJECT":"wain-d2e28","EVENTARC_CLOUD_EVENT_SOURCE":"projects/wain-d2e28/locations/us-central1/services/ssrwainadmin","FUNCTION_TARGET":"ssrwainadmin","LOG_EXECUTION_ID":"true"},"ingressSettings":"ALLOW_ALL","uri":"https://ssrwainadmin-wvn5fhzfsq-uc.a.run.app","serviceAccountEmail":"620614484841-compute@developer.gserviceaccount.com","availableMemory":"512Mi","allTrafficOnLatestRevision":true,"revision":"ssrwainadmin-00067-xig","maxInstanceRequestConcurrency":80,"availableCpu":"1"},"state":"ACTIVE","labels":{"deployment-tool":"cli-firebase","firebase-functions-codebase":"firebase-frameworks-wain-admin","firebase-functions-hash":"7ad3330b49780db3985730d1b7cdf5554bbe5744"},"environment":"GEN_2","url":"https://us-central1-wain-d2e28.cloudfunctions.net/ssrwainadmin","satisfiesPzi":true},"stages":[{"name":"BUILD","message":"Build in progress","state":"IN_PROGRESS","resource":"projects/620614484841/locations/us-central1/builds/36811141-6bb7-43a1-9dfd-963653b65b6e","resourceUri":"https://console.cloud.google.com/cloud-build/builds;region=us-central1/36811141-6bb7-43a1-9dfd-963653b65b6e?project=620614484841"},{"name":"SERVICE","state":"NOT_STARTED"}],"operationType":"UPDATE_FUNCTION","buildName":"projects/620614484841/locations/us-central1/builds/36811141-6bb7-43a1-9dfd-963653b65b6e"},"done":false}
[2026-05-08T12:29:37.119Z] [update-firebase-frameworks-wain-admin-us-central1-ssrwainadmin] Retrying task index 0
[2026-05-08T12:29:37.119Z] Checked if tokens are valid: true, expires at: 1778244413413
[2026-05-08T12:29:37.119Z] Checked if tokens are valid: true, expires at: 1778244413413
[2026-05-08T12:29:37.119Z] >>> [apiv2][query] GET https://cloudfunctions.googleapis.com/v2/projects/wain-d2e28/locations/us-central1/operations/operation-1778243348384-6514d8b1acb9a-c02542b6-cd42f34f [none]
[2026-05-08T12:29:37.403Z] <<< [apiv2][status] GET https://cloudfunctions.googleapis.com/v2/projects/wain-d2e28/locations/us-central1/operations/operation-1778243348384-6514d8b1acb9a-c02542b6-cd42f34f 200
[2026-05-08T12:29:37.404Z] <<< [apiv2][body] GET https://cloudfunctions.googleapis.com/v2/projects/wain-d2e28/locations/us-central1/operations/operation-1778243348384-6514d8b1acb9a-c02542b6-cd42f34f {"name":"projects/wain-d2e28/locations/us-central1/operations/operation-1778243348384-6514d8b1acb9a-c02542b6-cd42f34f","metadata":{"@type":"type.googleapis.com/google.cloud.functions.v2.OperationMetadata","createTime":"2026-05-08T12:29:09.379776872Z","target":"projects/wain-d2e28/locations/us-central1/functions/ssrwainadmin","verb":"update","cancelRequested":false,"apiVersion":"v2","requestResource":{"@type":"type.googleapis.com/google.cloud.functions.v2.Function","name":"projects/wain-d2e28/locations/us-central1/functions/ssrwainadmin","buildConfig":{"runtime":"nodejs22","entryPoint":"ssrwainadmin","source":{"storageSource":{"bucket":"gcf-v2-sources-620614484841-us-central1","object":"ssrwainadmin/function-source.zip","generation":"1778243349311945"}},"environmentVariables":{"GOOGLE_NODE_RUN_SCRIPTS":""},"dockerRepository":"projects/wain-d2e28/locations/us-central1/repositories/gcf-artifacts","sourceProvenance":{"resolvedStorageSource":{"bucket":"gcf-v2-sources-620614484841-us-central1","object":"ssrwainadmin/function-source.zip","generation":"1778192908363790"}},"dockerRegistry":"ARTIFACT_REGISTRY","serviceAccount":"projects/wain-d2e28/serviceAccounts/620614484841-compute@developer.gserviceaccount.com","automaticUpdatePolicy":{}},"serviceConfig":{"service":"projects/wain-d2e28/locations/us-central1/services/ssrwainadmin","timeoutSeconds":60,"environmentVariables":{"VERCEL_URL":"wain-d2e28.web.app","__FIREBASE_FRAMEWORKS_ENTRY__":"next.js","__FIREBASE_DEFAULTS__":"{\"config\":{\"projectId\":\"wain-d2e28\",\"appId\":\"1:620614484841:web:ac86320829e764bc41b3f8\",\"storageBucket\":\"wain-d2e28.firebasestorage.app\",\"apiKey\":\"AIzaSyC9YKkNcRIbFkVeiO-sBbA2zgJxEzm6rlM\",\"authDomain\":\"wain-d2e28.firebaseapp.com\",\"messagingSenderId\":\"620614484841\",\"measurementId\":\"G-EV5MVJZX2R\",\"projectNumber\":\"620614484841\",\"version\":\"2\"},\"_authTokenSyncURL\":\"/__session\"}","FIREBASE_CONFIG":"{\"projectId\":\"wain-d2e28\",\"storageBucket\":\"wain-d2e28.firebasestorage.app\"}","GCLOUD_PROJECT":"wain-d2e28","EVENTARC_CLOUD_EVENT_SOURCE":"projects/wain-d2e28/locations/us-central1/services/ssrwainadmin","FUNCTION_TARGET":"ssrwainadmin","LOG_EXECUTION_ID":"true"},"ingressSettings":"ALLOW_ALL","uri":"https://ssrwainadmin-wvn5fhzfsq-uc.a.run.app","serviceAccountEmail":"620614484841-compute@developer.gserviceaccount.com","availableMemory":"512Mi","allTrafficOnLatestRevision":true,"revision":"ssrwainadmin-00067-xig","maxInstanceRequestConcurrency":80,"availableCpu":"1"},"state":"ACTIVE","labels":{"deployment-tool":"cli-firebase","firebase-functions-codebase":"firebase-frameworks-wain-admin","firebase-functions-hash":"7ad3330b49780db3985730d1b7cdf5554bbe5744"},"environment":"GEN_2","url":"https://us-central1-wain-d2e28.cloudfunctions.net/ssrwainadmin","satisfiesPzi":true},"stages":[{"name":"BUILD","message":"Build in progress","state":"IN_PROGRESS","resource":"projects/620614484841/locations/us-central1/builds/36811141-6bb7-43a1-9dfd-963653b65b6e","resourceUri":"https://console.cloud.google.com/cloud-build/builds;region=us-central1/36811141-6bb7-43a1-9dfd-963653b65b6e?project=620614484841"},{"name":"SERVICE","state":"NOT_STARTED"}],"operationType":"UPDATE_FUNCTION","buildName":"projects/620614484841/locations/us-central1/builds/36811141-6bb7-43a1-9dfd-963653b65b6e"},"done":false}
[2026-05-08T12:29:47.410Z] [update-firebase-frameworks-wain-admin-us-central1-ssrwainadmin] Retrying task index 0
[2026-05-08T12:29:47.410Z] Checked if tokens are valid: true, expires at: 1778244413413
[2026-05-08T12:29:47.410Z] Checked if tokens are valid: true, expires at: 1778244413413
[2026-05-08T12:29:47.410Z] >>> [apiv2][query] GET https://cloudfunctions.googleapis.com/v2/projects/wain-d2e28/locations/us-central1/operations/operation-1778243348384-6514d8b1acb9a-c02542b6-cd42f34f [none]
[2026-05-08T12:29:48.251Z] <<< [apiv2][status] GET https://cloudfunctions.googleapis.com/v2/projects/wain-d2e28/locations/us-central1/operations/operation-1778243348384-6514d8b1acb9a-c02542b6-cd42f34f 200
[2026-05-08T12:29:48.252Z] <<< [apiv2][body] GET https://cloudfunctions.googleapis.com/v2/projects/wain-d2e28/locations/us-central1/operations/operation-1778243348384-6514d8b1acb9a-c02542b6-cd42f34f {"name":"projects/wain-d2e28/locations/us-central1/operations/operation-1778243348384-6514d8b1acb9a-c02542b6-cd42f34f","metadata":{"@type":"type.googleapis.com/google.cloud.functions.v2.OperationMetadata","createTime":"2026-05-08T12:29:09.379776872Z","target":"projects/wain-d2e28/locations/us-central1/functions/ssrwainadmin","verb":"update","cancelRequested":false,"apiVersion":"v2","requestResource":{"@type":"type.googleapis.com/google.cloud.functions.v2.Function","name":"projects/wain-d2e28/locations/us-central1/functions/ssrwainadmin","buildConfig":{"runtime":"nodejs22","entryPoint":"ssrwainadmin","source":{"storageSource":{"bucket":"gcf-v2-sources-620614484841-us-central1","object":"ssrwainadmin/function-source.zip","generation":"1778243349311945"}},"environmentVariables":{"GOOGLE_NODE_RUN_SCRIPTS":""},"dockerRepository":"projects/wain-d2e28/locations/us-central1/repositories/gcf-artifacts","sourceProvenance":{"resolvedStorageSource":{"bucket":"gcf-v2-sources-620614484841-us-central1","object":"ssrwainadmin/function-source.zip","generation":"1778192908363790"}},"dockerRegistry":"ARTIFACT_REGISTRY","serviceAccount":"projects/wain-d2e28/serviceAccounts/620614484841-compute@developer.gserviceaccount.com","automaticUpdatePolicy":{}},"serviceConfig":{"service":"projects/wain-d2e28/locations/us-central1/services/ssrwainadmin","timeoutSeconds":60,"environmentVariables":{"VERCEL_URL":"wain-d2e28.web.app","__FIREBASE_FRAMEWORKS_ENTRY__":"next.js","__FIREBASE_DEFAULTS__":"{\"config\":{\"projectId\":\"wain-d2e28\",\"appId\":\"1:620614484841:web:ac86320829e764bc41b3f8\",\"storageBucket\":\"wain-d2e28.firebasestorage.app\",\"apiKey\":\"AIzaSyC9YKkNcRIbFkVeiO-sBbA2zgJxEzm6rlM\",\"authDomain\":\"wain-d2e28.firebaseapp.com\",\"messagingSenderId\":\"620614484841\",\"measurementId\":\"G-EV5MVJZX2R\",\"projectNumber\":\"620614484841\",\"version\":\"2\"},\"_authTokenSyncURL\":\"/__session\"}","FIREBASE_CONFIG":"{\"projectId\":\"wain-d2e28\",\"storageBucket\":\"wain-d2e28.firebasestorage.app\"}","GCLOUD_PROJECT":"wain-d2e28","EVENTARC_CLOUD_EVENT_SOURCE":"projects/wain-d2e28/locations/us-central1/services/ssrwainadmin","FUNCTION_TARGET":"ssrwainadmin","LOG_EXECUTION_ID":"true"},"ingressSettings":"ALLOW_ALL","uri":"https://ssrwainadmin-wvn5fhzfsq-uc.a.run.app","serviceAccountEmail":"620614484841-compute@developer.gserviceaccount.com","availableMemory":"512Mi","allTrafficOnLatestRevision":true,"revision":"ssrwainadmin-00067-xig","maxInstanceRequestConcurrency":80,"availableCpu":"1"},"state":"ACTIVE","labels":{"deployment-tool":"cli-firebase","firebase-functions-codebase":"firebase-frameworks-wain-admin","firebase-functions-hash":"7ad3330b49780db3985730d1b7cdf5554bbe5744"},"environment":"GEN_2","url":"https://us-central1-wain-d2e28.cloudfunctions.net/ssrwainadmin","satisfiesPzi":true},"stages":[{"name":"BUILD","message":"Build in progress","state":"IN_PROGRESS","resource":"projects/620614484841/locations/us-central1/builds/36811141-6bb7-43a1-9dfd-963653b65b6e","resourceUri":"https://console.cloud.google.com/cloud-build/builds;region=us-central1/36811141-6bb7-43a1-9dfd-963653b65b6e?project=620614484841"},{"name":"SERVICE","state":"NOT_STARTED"}],"operationType":"UPDATE_FUNCTION","buildName":"projects/620614484841/locations/us-central1/builds/36811141-6bb7-43a1-9dfd-963653b65b6e"},"done":false}
[2026-05-08T12:29:58.265Z] [update-firebase-frameworks-wain-admin-us-central1-ssrwainadmin] Retrying task index 0
[2026-05-08T12:29:58.265Z] Checked if tokens are valid: true, expires at: 1778244413413
[2026-05-08T12:29:58.265Z] Checked if tokens are valid: true, expires at: 1778244413413
[2026-05-08T12:29:58.266Z] >>> [apiv2][query] GET https://cloudfunctions.googleapis.com/v2/projects/wain-d2e28/locations/us-central1/operations/operation-1778243348384-6514d8b1acb9a-c02542b6-cd42f34f [none]
[2026-05-08T12:29:58.558Z] <<< [apiv2][status] GET https://cloudfunctions.googleapis.com/v2/projects/wain-d2e28/locations/us-central1/operations/operation-1778243348384-6514d8b1acb9a-c02542b6-cd42f34f 200
[2026-05-08T12:29:58.558Z] <<< [apiv2][body] GET https://cloudfunctions.googleapis.com/v2/projects/wain-d2e28/locations/us-central1/operations/operation-1778243348384-6514d8b1acb9a-c02542b6-cd42f34f {"name":"projects/wain-d2e28/locations/us-central1/operations/operation-1778243348384-6514d8b1acb9a-c02542b6-cd42f34f","metadata":{"@type":"type.googleapis.com/google.cloud.functions.v2.OperationMetadata","createTime":"2026-05-08T12:29:09.379776872Z","target":"projects/wain-d2e28/locations/us-central1/functions/ssrwainadmin","verb":"update","cancelRequested":false,"apiVersion":"v2","requestResource":{"@type":"type.googleapis.com/google.cloud.functions.v2.Function","name":"projects/wain-d2e28/locations/us-central1/functions/ssrwainadmin","buildConfig":{"runtime":"nodejs22","entryPoint":"ssrwainadmin","source":{"storageSource":{"bucket":"gcf-v2-sources-620614484841-us-central1","object":"ssrwainadmin/function-source.zip","generation":"1778243349311945"}},"environmentVariables":{"GOOGLE_NODE_RUN_SCRIPTS":""},"dockerRepository":"projects/wain-d2e28/locations/us-central1/repositories/gcf-artifacts","sourceProvenance":{"resolvedStorageSource":{"bucket":"gcf-v2-sources-620614484841-us-central1","object":"ssrwainadmin/function-source.zip","generation":"1778192908363790"}},"dockerRegistry":"ARTIFACT_REGISTRY","serviceAccount":"projects/wain-d2e28/serviceAccounts/620614484841-compute@developer.gserviceaccount.com","automaticUpdatePolicy":{}},"serviceConfig":{"service":"projects/wain-d2e28/locations/us-central1/services/ssrwainadmin","timeoutSeconds":60,"environmentVariables":{"VERCEL_URL":"wain-d2e28.web.app","__FIREBASE_FRAMEWORKS_ENTRY__":"next.js","__FIREBASE_DEFAULTS__":"{\"config\":{\"projectId\":\"wain-d2e28\",\"appId\":\"1:620614484841:web:ac86320829e764bc41b3f8\",\"storageBucket\":\"wain-d2e28.firebasestorage.app\",\"apiKey\":\"AIzaSyC9YKkNcRIbFkVeiO-sBbA2zgJxEzm6rlM\",\"authDomain\":\"wain-d2e28.firebaseapp.com\",\"messagingSenderId\":\"620614484841\",\"measurementId\":\"G-EV5MVJZX2R\",\"projectNumber\":\"620614484841\",\"version\":\"2\"},\"_authTokenSyncURL\":\"/__session\"}","FIREBASE_CONFIG":"{\"projectId\":\"wain-d2e28\",\"storageBucket\":\"wain-d2e28.firebasestorage.app\"}","GCLOUD_PROJECT":"wain-d2e28","EVENTARC_CLOUD_EVENT_SOURCE":"projects/wain-d2e28/locations/us-central1/services/ssrwainadmin","FUNCTION_TARGET":"ssrwainadmin","LOG_EXECUTION_ID":"true"},"ingressSettings":"ALLOW_ALL","uri":"https://ssrwainadmin-wvn5fhzfsq-uc.a.run.app","serviceAccountEmail":"620614484841-compute@developer.gserviceaccount.com","availableMemory":"512Mi","allTrafficOnLatestRevision":true,"revision":"ssrwainadmin-00067-xig","maxInstanceRequestConcurrency":80,"availableCpu":"1"},"state":"ACTIVE","labels":{"deployment-tool":"cli-firebase","firebase-functions-codebase":"firebase-frameworks-wain-admin","firebase-functions-hash":"7ad3330b49780db3985730d1b7cdf5554bbe5744"},"environment":"GEN_2","url":"https://us-central1-wain-d2e28.cloudfunctions.net/ssrwainadmin","satisfiesPzi":true},"stages":[{"name":"BUILD","message":"Build in progress","state":"IN_PROGRESS","resource":"projects/620614484841/locations/us-central1/builds/36811141-6bb7-43a1-9dfd-963653b65b6e","resourceUri":"https://console.cloud.google.com/cloud-build/builds;region=us-central1/36811141-6bb7-43a1-9dfd-963653b65b6e?project=620614484841"},{"name":"SERVICE","state":"NOT_STARTED"}],"operationType":"UPDATE_FUNCTION","buildName":"projects/620614484841/locations/us-central1/builds/36811141-6bb7-43a1-9dfd-963653b65b6e"},"done":false}
[2026-05-08T12:30:08.570Z] [update-firebase-frameworks-wain-admin-us-central1-ssrwainadmin] Retrying task index 0
[2026-05-08T12:30:08.570Z] Checked if tokens are valid: true, expires at: 1778244413413
[2026-05-08T12:30:08.571Z] Checked if tokens are valid: true, expires at: 1778244413413
[2026-05-08T12:30:08.571Z] >>> [apiv2][query] GET https://cloudfunctions.googleapis.com/v2/projects/wain-d2e28/locations/us-central1/operations/operation-1778243348384-6514d8b1acb9a-c02542b6-cd42f34f [none]
[2026-05-08T12:30:09.415Z] <<< [apiv2][status] GET https://cloudfunctions.googleapis.com/v2/projects/wain-d2e28/locations/us-central1/operations/operation-1778243348384-6514d8b1acb9a-c02542b6-cd42f34f 200
[2026-05-08T12:30:09.416Z] <<< [apiv2][body] GET https://cloudfunctions.googleapis.com/v2/projects/wain-d2e28/locations/us-central1/operations/operation-1778243348384-6514d8b1acb9a-c02542b6-cd42f34f {"name":"projects/wain-d2e28/locations/us-central1/operations/operation-1778243348384-6514d8b1acb9a-c02542b6-cd42f34f","metadata":{"@type":"type.googleapis.com/google.cloud.functions.v2.OperationMetadata","createTime":"2026-05-08T12:29:09.379776872Z","target":"projects/wain-d2e28/locations/us-central1/functions/ssrwainadmin","verb":"update","cancelRequested":false,"apiVersion":"v2","requestResource":{"@type":"type.googleapis.com/google.cloud.functions.v2.Function","name":"projects/wain-d2e28/locations/us-central1/functions/ssrwainadmin","buildConfig":{"runtime":"nodejs22","entryPoint":"ssrwainadmin","source":{"storageSource":{"bucket":"gcf-v2-sources-620614484841-us-central1","object":"ssrwainadmin/function-source.zip","generation":"1778243349311945"}},"environmentVariables":{"GOOGLE_NODE_RUN_SCRIPTS":""},"dockerRepository":"projects/wain-d2e28/locations/us-central1/repositories/gcf-artifacts","sourceProvenance":{"resolvedStorageSource":{"bucket":"gcf-v2-sources-620614484841-us-central1","object":"ssrwainadmin/function-source.zip","generation":"1778192908363790"}},"dockerRegistry":"ARTIFACT_REGISTRY","serviceAccount":"projects/wain-d2e28/serviceAccounts/620614484841-compute@developer.gserviceaccount.com","automaticUpdatePolicy":{}},"serviceConfig":{"service":"projects/wain-d2e28/locations/us-central1/services/ssrwainadmin","timeoutSeconds":60,"environmentVariables":{"VERCEL_URL":"wain-d2e28.web.app","__FIREBASE_FRAMEWORKS_ENTRY__":"next.js","__FIREBASE_DEFAULTS__":"{\"config\":{\"projectId\":\"wain-d2e28\",\"appId\":\"1:620614484841:web:ac86320829e764bc41b3f8\",\"storageBucket\":\"wain-d2e28.firebasestorage.app\",\"apiKey\":\"AIzaSyC9YKkNcRIbFkVeiO-sBbA2zgJxEzm6rlM\",\"authDomain\":\"wain-d2e28.firebaseapp.com\",\"messagingSenderId\":\"620614484841\",\"measurementId\":\"G-EV5MVJZX2R\",\"projectNumber\":\"620614484841\",\"version\":\"2\"},\"_authTokenSyncURL\":\"/__session\"}","FIREBASE_CONFIG":"{\"projectId\":\"wain-d2e28\",\"storageBucket\":\"wain-d2e28.firebasestorage.app\"}","GCLOUD_PROJECT":"wain-d2e28","EVENTARC_CLOUD_EVENT_SOURCE":"projects/wain-d2e28/locations/us-central1/services/ssrwainadmin","FUNCTION_TARGET":"ssrwainadmin","LOG_EXECUTION_ID":"true"},"ingressSettings":"ALLOW_ALL","uri":"https://ssrwainadmin-wvn5fhzfsq-uc.a.run.app","serviceAccountEmail":"620614484841-compute@developer.gserviceaccount.com","availableMemory":"512Mi","allTrafficOnLatestRevision":true,"revision":"ssrwainadmin-00067-xig","maxInstanceRequestConcurrency":80,"availableCpu":"1"},"state":"ACTIVE","labels":{"deployment-tool":"cli-firebase","firebase-functions-codebase":"firebase-frameworks-wain-admin","firebase-functions-hash":"7ad3330b49780db3985730d1b7cdf5554bbe5744"},"environment":"GEN_2","url":"https://us-central1-wain-d2e28.cloudfunctions.net/ssrwainadmin","satisfiesPzi":true},"stages":[{"name":"BUILD","message":"Build in progress","state":"IN_PROGRESS","resource":"projects/620614484841/locations/us-central1/builds/36811141-6bb7-43a1-9dfd-963653b65b6e","resourceUri":"https://console.cloud.google.com/cloud-build/builds;region=us-central1/36811141-6bb7-43a1-9dfd-963653b65b6e?project=620614484841"},{"name":"SERVICE","state":"NOT_STARTED"}],"operationType":"UPDATE_FUNCTION","buildName":"projects/620614484841/locations/us-central1/builds/36811141-6bb7-43a1-9dfd-963653b65b6e"},"done":false}
[2026-05-08T12:30:19.422Z] [update-firebase-frameworks-wain-admin-us-central1-ssrwainadmin] Retrying task index 0
[2026-05-08T12:30:19.423Z] Checked if tokens are valid: true, expires at: 1778244413413
[2026-05-08T12:30:19.423Z] Checked if tokens are valid: true, expires at: 1778244413413
[2026-05-08T12:30:19.423Z] >>> [apiv2][query] GET https://cloudfunctions.googleapis.com/v2/projects/wain-d2e28/locations/us-central1/operations/operation-1778243348384-6514d8b1acb9a-c02542b6-cd42f34f [none]
[2026-05-08T12:30:19.726Z] <<< [apiv2][status] GET https://cloudfunctions.googleapis.com/v2/projects/wain-d2e28/locations/us-central1/operations/operation-1778243348384-6514d8b1acb9a-c02542b6-cd42f34f 200
[2026-05-08T12:30:19.726Z] <<< [apiv2][body] GET https://cloudfunctions.googleapis.com/v2/projects/wain-d2e28/locations/us-central1/operations/operation-1778243348384-6514d8b1acb9a-c02542b6-cd42f34f {"name":"projects/wain-d2e28/locations/us-central1/operations/operation-1778243348384-6514d8b1acb9a-c02542b6-cd42f34f","metadata":{"@type":"type.googleapis.com/google.cloud.functions.v2.OperationMetadata","createTime":"2026-05-08T12:29:09.379776872Z","target":"projects/wain-d2e28/locations/us-central1/functions/ssrwainadmin","verb":"update","cancelRequested":false,"apiVersion":"v2","requestResource":{"@type":"type.googleapis.com/google.cloud.functions.v2.Function","name":"projects/wain-d2e28/locations/us-central1/functions/ssrwainadmin","buildConfig":{"runtime":"nodejs22","entryPoint":"ssrwainadmin","source":{"storageSource":{"bucket":"gcf-v2-sources-620614484841-us-central1","object":"ssrwainadmin/function-source.zip","generation":"1778243349311945"}},"environmentVariables":{"GOOGLE_NODE_RUN_SCRIPTS":""},"dockerRepository":"projects/wain-d2e28/locations/us-central1/repositories/gcf-artifacts","sourceProvenance":{"resolvedStorageSource":{"bucket":"gcf-v2-sources-620614484841-us-central1","object":"ssrwainadmin/function-source.zip","generation":"1778192908363790"}},"dockerRegistry":"ARTIFACT_REGISTRY","serviceAccount":"projects/wain-d2e28/serviceAccounts/620614484841-compute@developer.gserviceaccount.com","automaticUpdatePolicy":{}},"serviceConfig":{"service":"projects/wain-d2e28/locations/us-central1/services/ssrwainadmin","timeoutSeconds":60,"environmentVariables":{"VERCEL_URL":"wain-d2e28.web.app","__FIREBASE_FRAMEWORKS_ENTRY__":"next.js","__FIREBASE_DEFAULTS__":"{\"config\":{\"projectId\":\"wain-d2e28\",\"appId\":\"1:620614484841:web:ac86320829e764bc41b3f8\",\"storageBucket\":\"wain-d2e28.firebasestorage.app\",\"apiKey\":\"AIzaSyC9YKkNcRIbFkVeiO-sBbA2zgJxEzm6rlM\",\"authDomain\":\"wain-d2e28.firebaseapp.com\",\"messagingSenderId\":\"620614484841\",\"measurementId\":\"G-EV5MVJZX2R\",\"projectNumber\":\"620614484841\",\"version\":\"2\"},\"_authTokenSyncURL\":\"/__session\"}","FIREBASE_CONFIG":"{\"projectId\":\"wain-d2e28\",\"storageBucket\":\"wain-d2e28.firebasestorage.app\"}","GCLOUD_PROJECT":"wain-d2e28","EVENTARC_CLOUD_EVENT_SOURCE":"projects/wain-d2e28/locations/us-central1/services/ssrwainadmin","FUNCTION_TARGET":"ssrwainadmin","LOG_EXECUTION_ID":"true"},"ingressSettings":"ALLOW_ALL","uri":"https://ssrwainadmin-wvn5fhzfsq-uc.a.run.app","serviceAccountEmail":"620614484841-compute@developer.gserviceaccount.com","availableMemory":"512Mi","allTrafficOnLatestRevision":true,"revision":"ssrwainadmin-00067-xig","maxInstanceRequestConcurrency":80,"availableCpu":"1"},"state":"ACTIVE","labels":{"deployment-tool":"cli-firebase","firebase-functions-codebase":"firebase-frameworks-wain-admin","firebase-functions-hash":"7ad3330b49780db3985730d1b7cdf5554bbe5744"},"environment":"GEN_2","url":"https://us-central1-wain-d2e28.cloudfunctions.net/ssrwainadmin","satisfiesPzi":true},"stages":[{"name":"BUILD","message":"Build in progress","state":"IN_PROGRESS","resource":"projects/620614484841/locations/us-central1/builds/36811141-6bb7-43a1-9dfd-963653b65b6e","resourceUri":"https://console.cloud.google.com/cloud-build/builds;region=us-central1/36811141-6bb7-43a1-9dfd-963653b65b6e?project=620614484841"},{"name":"SERVICE","state":"NOT_STARTED"}],"operationType":"UPDATE_FUNCTION","buildName":"projects/620614484841/locations/us-central1/builds/36811141-6bb7-43a1-9dfd-963653b65b6e"},"done":false}
[2026-05-08T12:30:29.740Z] [update-firebase-frameworks-wain-admin-us-central1-ssrwainadmin] Retrying task index 0
[2026-05-08T12:30:29.741Z] Checked if tokens are valid: true, expires at: 1778244413413
[2026-05-08T12:30:29.741Z] Checked if tokens are valid: true, expires at: 1778244413413
[2026-05-08T12:30:29.741Z] >>> [apiv2][query] GET https://cloudfunctions.googleapis.com/v2/projects/wain-d2e28/locations/us-central1/operations/operation-1778243348384-6514d8b1acb9a-c02542b6-cd42f34f [none]
[2026-05-08T12:30:30.588Z] <<< [apiv2][status] GET https://cloudfunctions.googleapis.com/v2/projects/wain-d2e28/locations/us-central1/operations/operation-1778243348384-6514d8b1acb9a-c02542b6-cd42f34f 200
[2026-05-08T12:30:30.588Z] <<< [apiv2][body] GET https://cloudfunctions.googleapis.com/v2/projects/wain-d2e28/locations/us-central1/operations/operation-1778243348384-6514d8b1acb9a-c02542b6-cd42f34f {"name":"projects/wain-d2e28/locations/us-central1/operations/operation-1778243348384-6514d8b1acb9a-c02542b6-cd42f34f","metadata":{"@type":"type.googleapis.com/google.cloud.functions.v2.OperationMetadata","createTime":"2026-05-08T12:29:09.379776872Z","target":"projects/wain-d2e28/locations/us-central1/functions/ssrwainadmin","verb":"update","cancelRequested":false,"apiVersion":"v2","requestResource":{"@type":"type.googleapis.com/google.cloud.functions.v2.Function","name":"projects/wain-d2e28/locations/us-central1/functions/ssrwainadmin","buildConfig":{"runtime":"nodejs22","entryPoint":"ssrwainadmin","source":{"storageSource":{"bucket":"gcf-v2-sources-620614484841-us-central1","object":"ssrwainadmin/function-source.zip","generation":"1778243349311945"}},"environmentVariables":{"GOOGLE_NODE_RUN_SCRIPTS":""},"dockerRepository":"projects/wain-d2e28/locations/us-central1/repositories/gcf-artifacts","sourceProvenance":{"resolvedStorageSource":{"bucket":"gcf-v2-sources-620614484841-us-central1","object":"ssrwainadmin/function-source.zip","generation":"1778192908363790"}},"dockerRegistry":"ARTIFACT_REGISTRY","serviceAccount":"projects/wain-d2e28/serviceAccounts/620614484841-compute@developer.gserviceaccount.com","automaticUpdatePolicy":{}},"serviceConfig":{"service":"projects/wain-d2e28/locations/us-central1/services/ssrwainadmin","timeoutSeconds":60,"environmentVariables":{"VERCEL_URL":"wain-d2e28.web.app","__FIREBASE_FRAMEWORKS_ENTRY__":"next.js","__FIREBASE_DEFAULTS__":"{\"config\":{\"projectId\":\"wain-d2e28\",\"appId\":\"1:620614484841:web:ac86320829e764bc41b3f8\",\"storageBucket\":\"wain-d2e28.firebasestorage.app\",\"apiKey\":\"AIzaSyC9YKkNcRIbFkVeiO-sBbA2zgJxEzm6rlM\",\"authDomain\":\"wain-d2e28.firebaseapp.com\",\"messagingSenderId\":\"620614484841\",\"measurementId\":\"G-EV5MVJZX2R\",\"projectNumber\":\"620614484841\",\"version\":\"2\"},\"_authTokenSyncURL\":\"/__session\"}","FIREBASE_CONFIG":"{\"projectId\":\"wain-d2e28\",\"storageBucket\":\"wain-d2e28.firebasestorage.app\"}","GCLOUD_PROJECT":"wain-d2e28","EVENTARC_CLOUD_EVENT_SOURCE":"projects/wain-d2e28/locations/us-central1/services/ssrwainadmin","FUNCTION_TARGET":"ssrwainadmin","LOG_EXECUTION_ID":"true"},"ingressSettings":"ALLOW_ALL","uri":"https://ssrwainadmin-wvn5fhzfsq-uc.a.run.app","serviceAccountEmail":"620614484841-compute@developer.gserviceaccount.com","availableMemory":"512Mi","allTrafficOnLatestRevision":true,"revision":"ssrwainadmin-00067-xig","maxInstanceRequestConcurrency":80,"availableCpu":"1"},"state":"ACTIVE","labels":{"deployment-tool":"cli-firebase","firebase-functions-codebase":"firebase-frameworks-wain-admin","firebase-functions-hash":"7ad3330b49780db3985730d1b7cdf5554bbe5744"},"environment":"GEN_2","url":"https://us-central1-wain-d2e28.cloudfunctions.net/ssrwainadmin","satisfiesPzi":true},"stages":[{"name":"BUILD","message":"Build in progress","state":"IN_PROGRESS","resource":"projects/620614484841/locations/us-central1/builds/36811141-6bb7-43a1-9dfd-963653b65b6e","resourceUri":"https://console.cloud.google.com/cloud-build/builds;region=us-central1/36811141-6bb7-43a1-9dfd-963653b65b6e?project=620614484841"},{"name":"SERVICE","state":"NOT_STARTED"}],"operationType":"UPDATE_FUNCTION","buildName":"projects/620614484841/locations/us-central1/builds/36811141-6bb7-43a1-9dfd-963653b65b6e"},"done":false}
[2026-05-08T12:30:40.592Z] [update-firebase-frameworks-wain-admin-us-central1-ssrwainadmin] Retrying task index 0
[2026-05-08T12:30:40.592Z] Checked if tokens are valid: true, expires at: 1778244413413
[2026-05-08T12:30:40.592Z] Checked if tokens are valid: true, expires at: 1778244413413
[2026-05-08T12:30:40.592Z] >>> [apiv2][query] GET https://cloudfunctions.googleapis.com/v2/projects/wain-d2e28/locations/us-central1/operations/operation-1778243348384-6514d8b1acb9a-c02542b6-cd42f34f [none]
[2026-05-08T12:30:40.895Z] <<< [apiv2][status] GET https://cloudfunctions.googleapis.com/v2/projects/wain-d2e28/locations/us-central1/operations/operation-1778243348384-6514d8b1acb9a-c02542b6-cd42f34f 200
[2026-05-08T12:30:40.895Z] <<< [apiv2][body] GET https://cloudfunctions.googleapis.com/v2/projects/wain-d2e28/locations/us-central1/operations/operation-1778243348384-6514d8b1acb9a-c02542b6-cd42f34f {"name":"projects/wain-d2e28/locations/us-central1/operations/operation-1778243348384-6514d8b1acb9a-c02542b6-cd42f34f","metadata":{"@type":"type.googleapis.com/google.cloud.functions.v2.OperationMetadata","createTime":"2026-05-08T12:29:09.379776872Z","target":"projects/wain-d2e28/locations/us-central1/functions/ssrwainadmin","verb":"update","cancelRequested":false,"apiVersion":"v2","requestResource":{"@type":"type.googleapis.com/google.cloud.functions.v2.Function","name":"projects/wain-d2e28/locations/us-central1/functions/ssrwainadmin","buildConfig":{"runtime":"nodejs22","entryPoint":"ssrwainadmin","source":{"storageSource":{"bucket":"gcf-v2-sources-620614484841-us-central1","object":"ssrwainadmin/function-source.zip","generation":"1778243349311945"}},"environmentVariables":{"GOOGLE_NODE_RUN_SCRIPTS":""},"dockerRepository":"projects/wain-d2e28/locations/us-central1/repositories/gcf-artifacts","sourceProvenance":{"resolvedStorageSource":{"bucket":"gcf-v2-sources-620614484841-us-central1","object":"ssrwainadmin/function-source.zip","generation":"1778192908363790"}},"dockerRegistry":"ARTIFACT_REGISTRY","serviceAccount":"projects/wain-d2e28/serviceAccounts/620614484841-compute@developer.gserviceaccount.com","automaticUpdatePolicy":{}},"serviceConfig":{"service":"projects/wain-d2e28/locations/us-central1/services/ssrwainadmin","timeoutSeconds":60,"environmentVariables":{"VERCEL_URL":"wain-d2e28.web.app","__FIREBASE_FRAMEWORKS_ENTRY__":"next.js","__FIREBASE_DEFAULTS__":"{\"config\":{\"projectId\":\"wain-d2e28\",\"appId\":\"1:620614484841:web:ac86320829e764bc41b3f8\",\"storageBucket\":\"wain-d2e28.firebasestorage.app\",\"apiKey\":\"AIzaSyC9YKkNcRIbFkVeiO-sBbA2zgJxEzm6rlM\",\"authDomain\":\"wain-d2e28.firebaseapp.com\",\"messagingSenderId\":\"620614484841\",\"measurementId\":\"G-EV5MVJZX2R\",\"projectNumber\":\"620614484841\",\"version\":\"2\"},\"_authTokenSyncURL\":\"/__session\"}","FIREBASE_CONFIG":"{\"projectId\":\"wain-d2e28\",\"storageBucket\":\"wain-d2e28.firebasestorage.app\"}","GCLOUD_PROJECT":"wain-d2e28","EVENTARC_CLOUD_EVENT_SOURCE":"projects/wain-d2e28/locations/us-central1/services/ssrwainadmin","FUNCTION_TARGET":"ssrwainadmin","LOG_EXECUTION_ID":"true"},"ingressSettings":"ALLOW_ALL","uri":"https://ssrwainadmin-wvn5fhzfsq-uc.a.run.app","serviceAccountEmail":"620614484841-compute@developer.gserviceaccount.com","availableMemory":"512Mi","allTrafficOnLatestRevision":true,"revision":"ssrwainadmin-00067-xig","maxInstanceRequestConcurrency":80,"availableCpu":"1"},"state":"ACTIVE","labels":{"deployment-tool":"cli-firebase","firebase-functions-codebase":"firebase-frameworks-wain-admin","firebase-functions-hash":"7ad3330b49780db3985730d1b7cdf5554bbe5744"},"environment":"GEN_2","url":"https://us-central1-wain-d2e28.cloudfunctions.net/ssrwainadmin","satisfiesPzi":true},"stages":[{"name":"BUILD","message":"Build in progress","state":"IN_PROGRESS","resource":"projects/620614484841/locations/us-central1/builds/36811141-6bb7-43a1-9dfd-963653b65b6e","resourceUri":"https://console.cloud.google.com/cloud-build/builds;region=us-central1/36811141-6bb7-43a1-9dfd-963653b65b6e?project=620614484841"},{"name":"SERVICE","state":"NOT_STARTED"}],"operationType":"UPDATE_FUNCTION","buildName":"projects/620614484841/locations/us-central1/builds/36811141-6bb7-43a1-9dfd-963653b65b6e"},"done":false}
[2026-05-08T12:30:50.903Z] [update-firebase-frameworks-wain-admin-us-central1-ssrwainadmin] Retrying task index 0
[2026-05-08T12:30:50.904Z] Checked if tokens are valid: true, expires at: 1778244413413
[2026-05-08T12:30:50.904Z] Checked if tokens are valid: true, expires at: 1778244413413
[2026-05-08T12:30:50.904Z] >>> [apiv2][query] GET https://cloudfunctions.googleapis.com/v2/projects/wain-d2e28/locations/us-central1/operations/operation-1778243348384-6514d8b1acb9a-c02542b6-cd42f34f [none]
[2026-05-08T12:30:51.170Z] <<< [apiv2][status] GET https://cloudfunctions.googleapis.com/v2/projects/wain-d2e28/locations/us-central1/operations/operation-1778243348384-6514d8b1acb9a-c02542b6-cd42f34f 200
[2026-05-08T12:30:51.170Z] <<< [apiv2][body] GET https://cloudfunctions.googleapis.com/v2/projects/wain-d2e28/locations/us-central1/operations/operation-1778243348384-6514d8b1acb9a-c02542b6-cd42f34f {"name":"projects/wain-d2e28/locations/us-central1/operations/operation-1778243348384-6514d8b1acb9a-c02542b6-cd42f34f","metadata":{"@type":"type.googleapis.com/google.cloud.functions.v2.OperationMetadata","createTime":"2026-05-08T12:29:09.379776872Z","target":"projects/wain-d2e28/locations/us-central1/functions/ssrwainadmin","verb":"update","cancelRequested":false,"apiVersion":"v2","requestResource":{"@type":"type.googleapis.com/google.cloud.functions.v2.Function","name":"projects/wain-d2e28/locations/us-central1/functions/ssrwainadmin","buildConfig":{"runtime":"nodejs22","entryPoint":"ssrwainadmin","source":{"storageSource":{"bucket":"gcf-v2-sources-620614484841-us-central1","object":"ssrwainadmin/function-source.zip","generation":"1778243349311945"}},"environmentVariables":{"GOOGLE_NODE_RUN_SCRIPTS":""},"dockerRepository":"projects/wain-d2e28/locations/us-central1/repositories/gcf-artifacts","sourceProvenance":{"resolvedStorageSource":{"bucket":"gcf-v2-sources-620614484841-us-central1","object":"ssrwainadmin/function-source.zip","generation":"1778192908363790"}},"dockerRegistry":"ARTIFACT_REGISTRY","serviceAccount":"projects/wain-d2e28/serviceAccounts/620614484841-compute@developer.gserviceaccount.com","automaticUpdatePolicy":{}},"serviceConfig":{"service":"projects/wain-d2e28/locations/us-central1/services/ssrwainadmin","timeoutSeconds":60,"environmentVariables":{"VERCEL_URL":"wain-d2e28.web.app","__FIREBASE_FRAMEWORKS_ENTRY__":"next.js","__FIREBASE_DEFAULTS__":"{\"config\":{\"projectId\":\"wain-d2e28\",\"appId\":\"1:620614484841:web:ac86320829e764bc41b3f8\",\"storageBucket\":\"wain-d2e28.firebasestorage.app\",\"apiKey\":\"AIzaSyC9YKkNcRIbFkVeiO-sBbA2zgJxEzm6rlM\",\"authDomain\":\"wain-d2e28.firebaseapp.com\",\"messagingSenderId\":\"620614484841\",\"measurementId\":\"G-EV5MVJZX2R\",\"projectNumber\":\"620614484841\",\"version\":\"2\"},\"_authTokenSyncURL\":\"/__session\"}","FIREBASE_CONFIG":"{\"projectId\":\"wain-d2e28\",\"storageBucket\":\"wain-d2e28.firebasestorage.app\"}","GCLOUD_PROJECT":"wain-d2e28","EVENTARC_CLOUD_EVENT_SOURCE":"projects/wain-d2e28/locations/us-central1/services/ssrwainadmin","FUNCTION_TARGET":"ssrwainadmin","LOG_EXECUTION_ID":"true"},"ingressSettings":"ALLOW_ALL","uri":"https://ssrwainadmin-wvn5fhzfsq-uc.a.run.app","serviceAccountEmail":"620614484841-compute@developer.gserviceaccount.com","availableMemory":"512Mi","allTrafficOnLatestRevision":true,"revision":"ssrwainadmin-00067-xig","maxInstanceRequestConcurrency":80,"availableCpu":"1"},"state":"ACTIVE","labels":{"deployment-tool":"cli-firebase","firebase-functions-codebase":"firebase-frameworks-wain-admin","firebase-functions-hash":"7ad3330b49780db3985730d1b7cdf5554bbe5744"},"environment":"GEN_2","url":"https://us-central1-wain-d2e28.cloudfunctions.net/ssrwainadmin","satisfiesPzi":true},"stages":[{"name":"BUILD","message":"Build in progress","state":"IN_PROGRESS","resource":"projects/620614484841/locations/us-central1/builds/36811141-6bb7-43a1-9dfd-963653b65b6e","resourceUri":"https://console.cloud.google.com/cloud-build/builds;region=us-central1/36811141-6bb7-43a1-9dfd-963653b65b6e?project=620614484841"},{"name":"SERVICE","state":"NOT_STARTED"}],"operationType":"UPDATE_FUNCTION","buildName":"projects/620614484841/locations/us-central1/builds/36811141-6bb7-43a1-9dfd-963653b65b6e"},"done":false}
[2026-05-08T12:31:01.178Z] [update-firebase-frameworks-wain-admin-us-central1-ssrwainadmin] Retrying task index 0
[2026-05-08T12:31:01.179Z] Checked if tokens are valid: true, expires at: 1778244413413
[2026-05-08T12:31:01.179Z] Checked if tokens are valid: true, expires at: 1778244413413
[2026-05-08T12:31:01.179Z] >>> [apiv2][query] GET https://cloudfunctions.googleapis.com/v2/projects/wain-d2e28/locations/us-central1/operations/operation-1778243348384-6514d8b1acb9a-c02542b6-cd42f34f [none]
[2026-05-08T12:31:02.000Z] <<< [apiv2][status] GET https://cloudfunctions.googleapis.com/v2/projects/wain-d2e28/locations/us-central1/operations/operation-1778243348384-6514d8b1acb9a-c02542b6-cd42f34f 200
[2026-05-08T12:31:02.000Z] <<< [apiv2][body] GET https://cloudfunctions.googleapis.com/v2/projects/wain-d2e28/locations/us-central1/operations/operation-1778243348384-6514d8b1acb9a-c02542b6-cd42f34f {"name":"projects/wain-d2e28/locations/us-central1/operations/operation-1778243348384-6514d8b1acb9a-c02542b6-cd42f34f","metadata":{"@type":"type.googleapis.com/google.cloud.functions.v2.OperationMetadata","createTime":"2026-05-08T12:29:09.379776872Z","target":"projects/wain-d2e28/locations/us-central1/functions/ssrwainadmin","verb":"update","cancelRequested":false,"apiVersion":"v2","requestResource":{"@type":"type.googleapis.com/google.cloud.functions.v2.Function","name":"projects/wain-d2e28/locations/us-central1/functions/ssrwainadmin","buildConfig":{"runtime":"nodejs22","entryPoint":"ssrwainadmin","source":{"storageSource":{"bucket":"gcf-v2-sources-620614484841-us-central1","object":"ssrwainadmin/function-source.zip","generation":"1778243349311945"}},"environmentVariables":{"GOOGLE_NODE_RUN_SCRIPTS":""},"dockerRepository":"projects/wain-d2e28/locations/us-central1/repositories/gcf-artifacts","sourceProvenance":{"resolvedStorageSource":{"bucket":"gcf-v2-sources-620614484841-us-central1","object":"ssrwainadmin/function-source.zip","generation":"1778192908363790"}},"dockerRegistry":"ARTIFACT_REGISTRY","serviceAccount":"projects/wain-d2e28/serviceAccounts/620614484841-compute@developer.gserviceaccount.com","automaticUpdatePolicy":{}},"serviceConfig":{"service":"projects/wain-d2e28/locations/us-central1/services/ssrwainadmin","timeoutSeconds":60,"environmentVariables":{"VERCEL_URL":"wain-d2e28.web.app","__FIREBASE_FRAMEWORKS_ENTRY__":"next.js","__FIREBASE_DEFAULTS__":"{\"config\":{\"projectId\":\"wain-d2e28\",\"appId\":\"1:620614484841:web:ac86320829e764bc41b3f8\",\"storageBucket\":\"wain-d2e28.firebasestorage.app\",\"apiKey\":\"AIzaSyC9YKkNcRIbFkVeiO-sBbA2zgJxEzm6rlM\",\"authDomain\":\"wain-d2e28.firebaseapp.com\",\"messagingSenderId\":\"620614484841\",\"measurementId\":\"G-EV5MVJZX2R\",\"projectNumber\":\"620614484841\",\"version\":\"2\"},\"_authTokenSyncURL\":\"/__session\"}","FIREBASE_CONFIG":"{\"projectId\":\"wain-d2e28\",\"storageBucket\":\"wain-d2e28.firebasestorage.app\"}","GCLOUD_PROJECT":"wain-d2e28","EVENTARC_CLOUD_EVENT_SOURCE":"projects/wain-d2e28/locations/us-central1/services/ssrwainadmin","FUNCTION_TARGET":"ssrwainadmin","LOG_EXECUTION_ID":"true"},"ingressSettings":"ALLOW_ALL","uri":"https://ssrwainadmin-wvn5fhzfsq-uc.a.run.app","serviceAccountEmail":"620614484841-compute@developer.gserviceaccount.com","availableMemory":"512Mi","allTrafficOnLatestRevision":true,"revision":"ssrwainadmin-00067-xig","maxInstanceRequestConcurrency":80,"availableCpu":"1"},"state":"ACTIVE","labels":{"deployment-tool":"cli-firebase","firebase-functions-codebase":"firebase-frameworks-wain-admin","firebase-functions-hash":"7ad3330b49780db3985730d1b7cdf5554bbe5744"},"environment":"GEN_2","url":"https://us-central1-wain-d2e28.cloudfunctions.net/ssrwainadmin","satisfiesPzi":true},"stages":[{"name":"BUILD","message":"Build in progress","state":"IN_PROGRESS","resource":"projects/620614484841/locations/us-central1/builds/36811141-6bb7-43a1-9dfd-963653b65b6e","resourceUri":"https://console.cloud.google.com/cloud-build/builds;region=us-central1/36811141-6bb7-43a1-9dfd-963653b65b6e?project=620614484841"},{"name":"SERVICE","state":"NOT_STARTED"}],"operationType":"UPDATE_FUNCTION","buildName":"projects/620614484841/locations/us-central1/builds/36811141-6bb7-43a1-9dfd-963653b65b6e"},"done":false}
[2026-05-08T12:31:12.000Z] [update-firebase-frameworks-wain-admin-us-central1-ssrwainadmin] Retrying task index 0
[2026-05-08T12:31:12.000Z] Checked if tokens are valid: true, expires at: 1778244413413
[2026-05-08T12:31:12.000Z] Checked if tokens are valid: true, expires at: 1778244413413
[2026-05-08T12:31:12.000Z] >>> [apiv2][query] GET https://cloudfunctions.googleapis.com/v2/projects/wain-d2e28/locations/us-central1/operations/operation-1778243348384-6514d8b1acb9a-c02542b6-cd42f34f [none]
[2026-05-08T12:31:12.314Z] <<< [apiv2][status] GET https://cloudfunctions.googleapis.com/v2/projects/wain-d2e28/locations/us-central1/operations/operation-1778243348384-6514d8b1acb9a-c02542b6-cd42f34f 200
[2026-05-08T12:31:12.314Z] <<< [apiv2][body] GET https://cloudfunctions.googleapis.com/v2/projects/wain-d2e28/locations/us-central1/operations/operation-1778243348384-6514d8b1acb9a-c02542b6-cd42f34f {"name":"projects/wain-d2e28/locations/us-central1/operations/operation-1778243348384-6514d8b1acb9a-c02542b6-cd42f34f","metadata":{"@type":"type.googleapis.com/google.cloud.functions.v2.OperationMetadata","createTime":"2026-05-08T12:29:09.379776872Z","target":"projects/wain-d2e28/locations/us-central1/functions/ssrwainadmin","verb":"update","cancelRequested":false,"apiVersion":"v2","requestResource":{"@type":"type.googleapis.com/google.cloud.functions.v2.Function","name":"projects/wain-d2e28/locations/us-central1/functions/ssrwainadmin","buildConfig":{"runtime":"nodejs22","entryPoint":"ssrwainadmin","source":{"storageSource":{"bucket":"gcf-v2-sources-620614484841-us-central1","object":"ssrwainadmin/function-source.zip","generation":"1778243349311945"}},"environmentVariables":{"GOOGLE_NODE_RUN_SCRIPTS":""},"dockerRepository":"projects/wain-d2e28/locations/us-central1/repositories/gcf-artifacts","sourceProvenance":{"resolvedStorageSource":{"bucket":"gcf-v2-sources-620614484841-us-central1","object":"ssrwainadmin/function-source.zip","generation":"1778192908363790"}},"dockerRegistry":"ARTIFACT_REGISTRY","serviceAccount":"projects/wain-d2e28/serviceAccounts/620614484841-compute@developer.gserviceaccount.com","automaticUpdatePolicy":{}},"serviceConfig":{"service":"projects/wain-d2e28/locations/us-central1/services/ssrwainadmin","timeoutSeconds":60,"environmentVariables":{"VERCEL_URL":"wain-d2e28.web.app","__FIREBASE_FRAMEWORKS_ENTRY__":"next.js","__FIREBASE_DEFAULTS__":"{\"config\":{\"projectId\":\"wain-d2e28\",\"appId\":\"1:620614484841:web:ac86320829e764bc41b3f8\",\"storageBucket\":\"wain-d2e28.firebasestorage.app\",\"apiKey\":\"AIzaSyC9YKkNcRIbFkVeiO-sBbA2zgJxEzm6rlM\",\"authDomain\":\"wain-d2e28.firebaseapp.com\",\"messagingSenderId\":\"620614484841\",\"measurementId\":\"G-EV5MVJZX2R\",\"projectNumber\":\"620614484841\",\"version\":\"2\"},\"_authTokenSyncURL\":\"/__session\"}","FIREBASE_CONFIG":"{\"projectId\":\"wain-d2e28\",\"storageBucket\":\"wain-d2e28.firebasestorage.app\"}","GCLOUD_PROJECT":"wain-d2e28","EVENTARC_CLOUD_EVENT_SOURCE":"projects/wain-d2e28/locations/us-central1/services/ssrwainadmin","FUNCTION_TARGET":"ssrwainadmin","LOG_EXECUTION_ID":"true"},"ingressSettings":"ALLOW_ALL","uri":"https://ssrwainadmin-wvn5fhzfsq-uc.a.run.app","serviceAccountEmail":"620614484841-compute@developer.gserviceaccount.com","availableMemory":"512Mi","allTrafficOnLatestRevision":true,"revision":"ssrwainadmin-00067-xig","maxInstanceRequestConcurrency":80,"availableCpu":"1"},"state":"ACTIVE","labels":{"deployment-tool":"cli-firebase","firebase-functions-codebase":"firebase-frameworks-wain-admin","firebase-functions-hash":"7ad3330b49780db3985730d1b7cdf5554bbe5744"},"environment":"GEN_2","url":"https://us-central1-wain-d2e28.cloudfunctions.net/ssrwainadmin","satisfiesPzi":true},"stages":[{"name":"BUILD","message":"Build in progress","state":"IN_PROGRESS","resource":"projects/620614484841/locations/us-central1/builds/36811141-6bb7-43a1-9dfd-963653b65b6e","resourceUri":"https://console.cloud.google.com/cloud-build/builds;region=us-central1/36811141-6bb7-43a1-9dfd-963653b65b6e?project=620614484841"},{"name":"SERVICE","state":"NOT_STARTED"}],"operationType":"UPDATE_FUNCTION","buildName":"projects/620614484841/locations/us-central1/builds/36811141-6bb7-43a1-9dfd-963653b65b6e"},"done":false}
[2026-05-08T12:31:22.315Z] [update-firebase-frameworks-wain-admin-us-central1-ssrwainadmin] Retrying task index 0
[2026-05-08T12:31:22.315Z] Checked if tokens are valid: true, expires at: 1778244413413
[2026-05-08T12:31:22.315Z] Checked if tokens are valid: true, expires at: 1778244413413
[2026-05-08T12:31:22.315Z] >>> [apiv2][query] GET https://cloudfunctions.googleapis.com/v2/projects/wain-d2e28/locations/us-central1/operations/operation-1778243348384-6514d8b1acb9a-c02542b6-cd42f34f [none]
[2026-05-08T12:31:23.144Z] <<< [apiv2][status] GET https://cloudfunctions.googleapis.com/v2/projects/wain-d2e28/locations/us-central1/operations/operation-1778243348384-6514d8b1acb9a-c02542b6-cd42f34f 200
[2026-05-08T12:31:23.144Z] <<< [apiv2][body] GET https://cloudfunctions.googleapis.com/v2/projects/wain-d2e28/locations/us-central1/operations/operation-1778243348384-6514d8b1acb9a-c02542b6-cd42f34f {"name":"projects/wain-d2e28/locations/us-central1/operations/operation-1778243348384-6514d8b1acb9a-c02542b6-cd42f34f","metadata":{"@type":"type.googleapis.com/google.cloud.functions.v2.OperationMetadata","createTime":"2026-05-08T12:29:09.379776872Z","target":"projects/wain-d2e28/locations/us-central1/functions/ssrwainadmin","verb":"update","cancelRequested":false,"apiVersion":"v2","requestResource":{"@type":"type.googleapis.com/google.cloud.functions.v2.Function","name":"projects/wain-d2e28/locations/us-central1/functions/ssrwainadmin","buildConfig":{"runtime":"nodejs22","entryPoint":"ssrwainadmin","source":{"storageSource":{"bucket":"gcf-v2-sources-620614484841-us-central1","object":"ssrwainadmin/function-source.zip","generation":"1778243349311945"}},"environmentVariables":{"GOOGLE_NODE_RUN_SCRIPTS":""},"dockerRepository":"projects/wain-d2e28/locations/us-central1/repositories/gcf-artifacts","sourceProvenance":{"resolvedStorageSource":{"bucket":"gcf-v2-sources-620614484841-us-central1","object":"ssrwainadmin/function-source.zip","generation":"1778192908363790"}},"dockerRegistry":"ARTIFACT_REGISTRY","serviceAccount":"projects/wain-d2e28/serviceAccounts/620614484841-compute@developer.gserviceaccount.com","automaticUpdatePolicy":{}},"serviceConfig":{"service":"projects/wain-d2e28/locations/us-central1/services/ssrwainadmin","timeoutSeconds":60,"environmentVariables":{"VERCEL_URL":"wain-d2e28.web.app","__FIREBASE_FRAMEWORKS_ENTRY__":"next.js","__FIREBASE_DEFAULTS__":"{\"config\":{\"projectId\":\"wain-d2e28\",\"appId\":\"1:620614484841:web:ac86320829e764bc41b3f8\",\"storageBucket\":\"wain-d2e28.firebasestorage.app\",\"apiKey\":\"AIzaSyC9YKkNcRIbFkVeiO-sBbA2zgJxEzm6rlM\",\"authDomain\":\"wain-d2e28.firebaseapp.com\",\"messagingSenderId\":\"620614484841\",\"measurementId\":\"G-EV5MVJZX2R\",\"projectNumber\":\"620614484841\",\"version\":\"2\"},\"_authTokenSyncURL\":\"/__session\"}","FIREBASE_CONFIG":"{\"projectId\":\"wain-d2e28\",\"storageBucket\":\"wain-d2e28.firebasestorage.app\"}","GCLOUD_PROJECT":"wain-d2e28","EVENTARC_CLOUD_EVENT_SOURCE":"projects/wain-d2e28/locations/us-central1/services/ssrwainadmin","FUNCTION_TARGET":"ssrwainadmin","LOG_EXECUTION_ID":"true"},"ingressSettings":"ALLOW_ALL","uri":"https://ssrwainadmin-wvn5fhzfsq-uc.a.run.app","serviceAccountEmail":"620614484841-compute@developer.gserviceaccount.com","availableMemory":"512Mi","allTrafficOnLatestRevision":true,"revision":"ssrwainadmin-00067-xig","maxInstanceRequestConcurrency":80,"availableCpu":"1"},"state":"ACTIVE","labels":{"deployment-tool":"cli-firebase","firebase-functions-codebase":"firebase-frameworks-wain-admin","firebase-functions-hash":"7ad3330b49780db3985730d1b7cdf5554bbe5744"},"environment":"GEN_2","url":"https://us-central1-wain-d2e28.cloudfunctions.net/ssrwainadmin","satisfiesPzi":true},"stages":[{"name":"BUILD","message":"Build in progress","state":"IN_PROGRESS","resource":"projects/620614484841/locations/us-central1/builds/36811141-6bb7-43a1-9dfd-963653b65b6e","resourceUri":"https://console.cloud.google.com/cloud-build/builds;region=us-central1/36811141-6bb7-43a1-9dfd-963653b65b6e?project=620614484841"},{"name":"SERVICE","state":"NOT_STARTED"}],"operationType":"UPDATE_FUNCTION","buildName":"projects/620614484841/locations/us-central1/builds/36811141-6bb7-43a1-9dfd-963653b65b6e"},"done":false}
[2026-05-08T12:31:33.151Z] [update-firebase-frameworks-wain-admin-us-central1-ssrwainadmin] Retrying task index 0
[2026-05-08T12:31:33.152Z] Checked if tokens are valid: true, expires at: 1778244413413
[2026-05-08T12:31:33.152Z] Checked if tokens are valid: true, expires at: 1778244413413
[2026-05-08T12:31:33.152Z] >>> [apiv2][query] GET https://cloudfunctions.googleapis.com/v2/projects/wain-d2e28/locations/us-central1/operations/operation-1778243348384-6514d8b1acb9a-c02542b6-cd42f34f [none]
[2026-05-08T12:31:33.972Z] <<< [apiv2][status] GET https://cloudfunctions.googleapis.com/v2/projects/wain-d2e28/locations/us-central1/operations/operation-1778243348384-6514d8b1acb9a-c02542b6-cd42f34f 200
[2026-05-08T12:31:33.973Z] <<< [apiv2][body] GET https://cloudfunctions.googleapis.com/v2/projects/wain-d2e28/locations/us-central1/operations/operation-1778243348384-6514d8b1acb9a-c02542b6-cd42f34f {"name":"projects/wain-d2e28/locations/us-central1/operations/operation-1778243348384-6514d8b1acb9a-c02542b6-cd42f34f","metadata":{"@type":"type.googleapis.com/google.cloud.functions.v2.OperationMetadata","createTime":"2026-05-08T12:29:09.379776872Z","target":"projects/wain-d2e28/locations/us-central1/functions/ssrwainadmin","verb":"update","cancelRequested":false,"apiVersion":"v2","requestResource":{"@type":"type.googleapis.com/google.cloud.functions.v2.Function","name":"projects/wain-d2e28/locations/us-central1/functions/ssrwainadmin","buildConfig":{"runtime":"nodejs22","entryPoint":"ssrwainadmin","source":{"storageSource":{"bucket":"gcf-v2-sources-620614484841-us-central1","object":"ssrwainadmin/function-source.zip","generation":"1778243349311945"}},"environmentVariables":{"GOOGLE_NODE_RUN_SCRIPTS":""},"dockerRepository":"projects/wain-d2e28/locations/us-central1/repositories/gcf-artifacts","sourceProvenance":{"resolvedStorageSource":{"bucket":"gcf-v2-sources-620614484841-us-central1","object":"ssrwainadmin/function-source.zip","generation":"1778192908363790"}},"dockerRegistry":"ARTIFACT_REGISTRY","serviceAccount":"projects/wain-d2e28/serviceAccounts/620614484841-compute@developer.gserviceaccount.com","automaticUpdatePolicy":{}},"serviceConfig":{"service":"projects/wain-d2e28/locations/us-central1/services/ssrwainadmin","timeoutSeconds":60,"environmentVariables":{"VERCEL_URL":"wain-d2e28.web.app","__FIREBASE_FRAMEWORKS_ENTRY__":"next.js","__FIREBASE_DEFAULTS__":"{\"config\":{\"projectId\":\"wain-d2e28\",\"appId\":\"1:620614484841:web:ac86320829e764bc41b3f8\",\"storageBucket\":\"wain-d2e28.firebasestorage.app\",\"apiKey\":\"AIzaSyC9YKkNcRIbFkVeiO-sBbA2zgJxEzm6rlM\",\"authDomain\":\"wain-d2e28.firebaseapp.com\",\"messagingSenderId\":\"620614484841\",\"measurementId\":\"G-EV5MVJZX2R\",\"projectNumber\":\"620614484841\",\"version\":\"2\"},\"_authTokenSyncURL\":\"/__session\"}","FIREBASE_CONFIG":"{\"projectId\":\"wain-d2e28\",\"storageBucket\":\"wain-d2e28.firebasestorage.app\"}","GCLOUD_PROJECT":"wain-d2e28","EVENTARC_CLOUD_EVENT_SOURCE":"projects/wain-d2e28/locations/us-central1/services/ssrwainadmin","FUNCTION_TARGET":"ssrwainadmin","LOG_EXECUTION_ID":"true"},"ingressSettings":"ALLOW_ALL","uri":"https://ssrwainadmin-wvn5fhzfsq-uc.a.run.app","serviceAccountEmail":"620614484841-compute@developer.gserviceaccount.com","availableMemory":"512Mi","allTrafficOnLatestRevision":true,"revision":"ssrwainadmin-00067-xig","maxInstanceRequestConcurrency":80,"availableCpu":"1"},"state":"ACTIVE","labels":{"deployment-tool":"cli-firebase","firebase-functions-codebase":"firebase-frameworks-wain-admin","firebase-functions-hash":"7ad3330b49780db3985730d1b7cdf5554bbe5744"},"environment":"GEN_2","url":"https://us-central1-wain-d2e28.cloudfunctions.net/ssrwainadmin","satisfiesPzi":true},"stages":[{"name":"BUILD","message":"Build in progress","state":"IN_PROGRESS","resource":"projects/620614484841/locations/us-central1/builds/36811141-6bb7-43a1-9dfd-963653b65b6e","resourceUri":"https://console.cloud.google.com/cloud-build/builds;region=us-central1/36811141-6bb7-43a1-9dfd-963653b65b6e?project=620614484841"},{"name":"SERVICE","state":"NOT_STARTED"}],"operationType":"UPDATE_FUNCTION","buildName":"projects/620614484841/locations/us-central1/builds/36811141-6bb7-43a1-9dfd-963653b65b6e"},"done":false}
[2026-05-08T12:31:43.977Z] [update-firebase-frameworks-wain-admin-us-central1-ssrwainadmin] Retrying task index 0
[2026-05-08T12:31:43.977Z] Checked if tokens are valid: true, expires at: 1778244413413
[2026-05-08T12:31:43.977Z] Checked if tokens are valid: true, expires at: 1778244413413
[2026-05-08T12:31:43.977Z] >>> [apiv2][query] GET https://cloudfunctions.googleapis.com/v2/projects/wain-d2e28/locations/us-central1/operations/operation-1778243348384-6514d8b1acb9a-c02542b6-cd42f34f [none]
[2026-05-08T12:31:44.762Z] <<< [apiv2][status] GET https://cloudfunctions.googleapis.com/v2/projects/wain-d2e28/locations/us-central1/operations/operation-1778243348384-6514d8b1acb9a-c02542b6-cd42f34f 200
[2026-05-08T12:31:44.762Z] <<< [apiv2][body] GET https://cloudfunctions.googleapis.com/v2/projects/wain-d2e28/locations/us-central1/operations/operation-1778243348384-6514d8b1acb9a-c02542b6-cd42f34f {"name":"projects/wain-d2e28/locations/us-central1/operations/operation-1778243348384-6514d8b1acb9a-c02542b6-cd42f34f","metadata":{"@type":"type.googleapis.com/google.cloud.functions.v2.OperationMetadata","createTime":"2026-05-08T12:29:09.379776872Z","target":"projects/wain-d2e28/locations/us-central1/functions/ssrwainadmin","verb":"update","cancelRequested":false,"apiVersion":"v2","requestResource":{"@type":"type.googleapis.com/google.cloud.functions.v2.Function","name":"projects/wain-d2e28/locations/us-central1/functions/ssrwainadmin","buildConfig":{"runtime":"nodejs22","entryPoint":"ssrwainadmin","source":{"storageSource":{"bucket":"gcf-v2-sources-620614484841-us-central1","object":"ssrwainadmin/function-source.zip","generation":"1778243349311945"}},"environmentVariables":{"GOOGLE_NODE_RUN_SCRIPTS":""},"dockerRepository":"projects/wain-d2e28/locations/us-central1/repositories/gcf-artifacts","sourceProvenance":{"resolvedStorageSource":{"bucket":"gcf-v2-sources-620614484841-us-central1","object":"ssrwainadmin/function-source.zip","generation":"1778192908363790"}},"dockerRegistry":"ARTIFACT_REGISTRY","serviceAccount":"projects/wain-d2e28/serviceAccounts/620614484841-compute@developer.gserviceaccount.com","automaticUpdatePolicy":{}},"serviceConfig":{"service":"projects/wain-d2e28/locations/us-central1/services/ssrwainadmin","timeoutSeconds":60,"environmentVariables":{"VERCEL_URL":"wain-d2e28.web.app","__FIREBASE_FRAMEWORKS_ENTRY__":"next.js","__FIREBASE_DEFAULTS__":"{\"config\":{\"projectId\":\"wain-d2e28\",\"appId\":\"1:620614484841:web:ac86320829e764bc41b3f8\",\"storageBucket\":\"wain-d2e28.firebasestorage.app\",\"apiKey\":\"AIzaSyC9YKkNcRIbFkVeiO-sBbA2zgJxEzm6rlM\",\"authDomain\":\"wain-d2e28.firebaseapp.com\",\"messagingSenderId\":\"620614484841\",\"measurementId\":\"G-EV5MVJZX2R\",\"projectNumber\":\"620614484841\",\"version\":\"2\"},\"_authTokenSyncURL\":\"/__session\"}","FIREBASE_CONFIG":"{\"projectId\":\"wain-d2e28\",\"storageBucket\":\"wain-d2e28.firebasestorage.app\"}","GCLOUD_PROJECT":"wain-d2e28","EVENTARC_CLOUD_EVENT_SOURCE":"projects/wain-d2e28/locations/us-central1/services/ssrwainadmin","FUNCTION_TARGET":"ssrwainadmin","LOG_EXECUTION_ID":"true"},"ingressSettings":"ALLOW_ALL","uri":"https://ssrwainadmin-wvn5fhzfsq-uc.a.run.app","serviceAccountEmail":"620614484841-compute@developer.gserviceaccount.com","availableMemory":"512Mi","allTrafficOnLatestRevision":true,"revision":"ssrwainadmin-00067-xig","maxInstanceRequestConcurrency":80,"availableCpu":"1"},"state":"ACTIVE","labels":{"deployment-tool":"cli-firebase","firebase-functions-codebase":"firebase-frameworks-wain-admin","firebase-functions-hash":"7ad3330b49780db3985730d1b7cdf5554bbe5744"},"environment":"GEN_2","url":"https://us-central1-wain-d2e28.cloudfunctions.net/ssrwainadmin","satisfiesPzi":true},"stages":[{"name":"BUILD","message":"Build in progress","state":"IN_PROGRESS","resource":"projects/620614484841/locations/us-central1/builds/36811141-6bb7-43a1-9dfd-963653b65b6e","resourceUri":"https://console.cloud.google.com/cloud-build/builds;region=us-central1/36811141-6bb7-43a1-9dfd-963653b65b6e?project=620614484841"},{"name":"SERVICE","state":"NOT_STARTED"}],"operationType":"UPDATE_FUNCTION","buildName":"projects/620614484841/locations/us-central1/builds/36811141-6bb7-43a1-9dfd-963653b65b6e"},"done":false}
[2026-05-08T12:31:54.775Z] [update-firebase-frameworks-wain-admin-us-central1-ssrwainadmin] Retrying task index 0
[2026-05-08T12:31:54.775Z] Checked if tokens are valid: false, expires at: 1778244413413
[2026-05-08T12:31:54.776Z] Checked if tokens are valid: false, expires at: 1778244413413
[2026-05-08T12:31:54.776Z] > refreshing access token with scopes: []
[2026-05-08T12:31:54.776Z] >>> [apiv2][query] POST https://www.googleapis.com/oauth2/v3/token [none]
[2026-05-08T12:31:54.777Z] >>> [apiv2][body] POST https://www.googleapis.com/oauth2/v3/token [omitted]
[2026-05-08T12:31:54.956Z] <<< [apiv2][status] POST https://www.googleapis.com/oauth2/v3/token 200
[2026-05-08T12:31:54.956Z] <<< [apiv2][body] POST https://www.googleapis.com/oauth2/v3/token [omitted]
[2026-05-08T12:31:54.973Z] >>> [apiv2][query] GET https://cloudfunctions.googleapis.com/v2/projects/wain-d2e28/locations/us-central1/operations/operation-1778243348384-6514d8b1acb9a-c02542b6-cd42f34f [none]
[2026-05-08T12:31:55.257Z] <<< [apiv2][status] GET https://cloudfunctions.googleapis.com/v2/projects/wain-d2e28/locations/us-central1/operations/operation-1778243348384-6514d8b1acb9a-c02542b6-cd42f34f 200
[2026-05-08T12:31:55.257Z] <<< [apiv2][body] GET https://cloudfunctions.googleapis.com/v2/projects/wain-d2e28/locations/us-central1/operations/operation-1778243348384-6514d8b1acb9a-c02542b6-cd42f34f {"name":"projects/wain-d2e28/locations/us-central1/operations/operation-1778243348384-6514d8b1acb9a-c02542b6-cd42f34f","metadata":{"@type":"type.googleapis.com/google.cloud.functions.v2.OperationMetadata","createTime":"2026-05-08T12:29:09.379776872Z","target":"projects/wain-d2e28/locations/us-central1/functions/ssrwainadmin","verb":"update","cancelRequested":false,"apiVersion":"v2","requestResource":{"@type":"type.googleapis.com/google.cloud.functions.v2.Function","name":"projects/wain-d2e28/locations/us-central1/functions/ssrwainadmin","buildConfig":{"runtime":"nodejs22","entryPoint":"ssrwainadmin","source":{"storageSource":{"bucket":"gcf-v2-sources-620614484841-us-central1","object":"ssrwainadmin/function-source.zip","generation":"1778243349311945"}},"environmentVariables":{"GOOGLE_NODE_RUN_SCRIPTS":""},"dockerRepository":"projects/wain-d2e28/locations/us-central1/repositories/gcf-artifacts","sourceProvenance":{"resolvedStorageSource":{"bucket":"gcf-v2-sources-620614484841-us-central1","object":"ssrwainadmin/function-source.zip","generation":"1778192908363790"}},"dockerRegistry":"ARTIFACT_REGISTRY","serviceAccount":"projects/wain-d2e28/serviceAccounts/620614484841-compute@developer.gserviceaccount.com","automaticUpdatePolicy":{}},"serviceConfig":{"service":"projects/wain-d2e28/locations/us-central1/services/ssrwainadmin","timeoutSeconds":60,"environmentVariables":{"VERCEL_URL":"wain-d2e28.web.app","__FIREBASE_FRAMEWORKS_ENTRY__":"next.js","__FIREBASE_DEFAULTS__":"{\"config\":{\"projectId\":\"wain-d2e28\",\"appId\":\"1:620614484841:web:ac86320829e764bc41b3f8\",\"storageBucket\":\"wain-d2e28.firebasestorage.app\",\"apiKey\":\"AIzaSyC9YKkNcRIbFkVeiO-sBbA2zgJxEzm6rlM\",\"authDomain\":\"wain-d2e28.firebaseapp.com\",\"messagingSenderId\":\"620614484841\",\"measurementId\":\"G-EV5MVJZX2R\",\"projectNumber\":\"620614484841\",\"version\":\"2\"},\"_authTokenSyncURL\":\"/__session\"}","FIREBASE_CONFIG":"{\"projectId\":\"wain-d2e28\",\"storageBucket\":\"wain-d2e28.firebasestorage.app\"}","GCLOUD_PROJECT":"wain-d2e28","EVENTARC_CLOUD_EVENT_SOURCE":"projects/wain-d2e28/locations/us-central1/services/ssrwainadmin","FUNCTION_TARGET":"ssrwainadmin","LOG_EXECUTION_ID":"true"},"ingressSettings":"ALLOW_ALL","uri":"https://ssrwainadmin-wvn5fhzfsq-uc.a.run.app","serviceAccountEmail":"620614484841-compute@developer.gserviceaccount.com","availableMemory":"512Mi","allTrafficOnLatestRevision":true,"revision":"ssrwainadmin-00067-xig","maxInstanceRequestConcurrency":80,"availableCpu":"1"},"state":"ACTIVE","labels":{"deployment-tool":"cli-firebase","firebase-functions-codebase":"firebase-frameworks-wain-admin","firebase-functions-hash":"7ad3330b49780db3985730d1b7cdf5554bbe5744"},"environment":"GEN_2","url":"https://us-central1-wain-d2e28.cloudfunctions.net/ssrwainadmin","satisfiesPzi":true},"stages":[{"name":"BUILD","message":"Build finished","state":"COMPLETE","resource":"projects/620614484841/locations/us-central1/builds/36811141-6bb7-43a1-9dfd-963653b65b6e","resourceUri":"https://console.cloud.google.com/cloud-build/builds;region=us-central1/36811141-6bb7-43a1-9dfd-963653b65b6e?project=620614484841"},{"name":"SERVICE","message":"Updating Cloud Run service","state":"IN_PROGRESS","resource":"projects/wain-d2e28/locations/us-central1/services/ssrwainadmin","resourceUri":"https://console.cloud.google.com/run/detail/us-central1/ssrwainadmin?project=wain-d2e28","stateMessages":[{"severity":"INFO","type":"CloudRunServiceNewRevisionTrafficInfo","message":"A new revision will be deployed serving with 100% traffic."}]}],"sourceToken":"Cldwcm9qZWN0cy82MjA2MTQ0ODQ4NDEvbG9jYXRpb25zL3VzLWNlbnRyYWwxL2J1aWxkcy8zNjgxMTE0MS02YmI3LTQzYTEtOWRmZC05NjM2NTNiNjViNmUSZXVzLWNlbnRyYWwxLWRvY2tlci5wa2cuZGV2L3dhaW4tZDJlMjgvZ2NmLWFydGlmYWN0cy93YWluLS1kMmUyOF9fdXMtLWNlbnRyYWwxX19zc3J3YWluYWRtaW46dmVyc2lvbl8xGOmGhvyHEiJAcHJvamVjdHMvd2Fpbi1kMmUyOC9sb2NhdGlvbnMvdXMtY2VudHJhbDEvZnVuY3Rpb25zL3NzcndhaW5hZG1pbioMCLOv988GEOD8tdEDMghub2RlanMyMjp2CiNnY3IuaW8vZ2FlLXJ1bnRpbWVzL25vZGVqczIyOnN0YWJsZRJPdXMtY2VudHJhbDEtZG9ja2VyLnBrZy5kZXYvc2VydmVybGVzcy1ydW50aW1lcy9nb29nbGUtMjItZnVsbC9ydW50aW1lcy9ub2RlanMyMkAB","operationType":"UPDATE_FUNCTION","buildName":"projects/620614484841/locations/us-central1/builds/36811141-6bb7-43a1-9dfd-963653b65b6e"},"done":false}
[2026-05-08T12:31:55.257Z] Got source token Cldwcm9qZWN0cy82MjA2MTQ0ODQ4NDEvbG9jYXRpb25zL3VzLWNlbnRyYWwxL2J1aWxkcy8zNjgxMTE0MS02YmI3LTQzYTEtOWRmZC05NjM2NTNiNjViNmUSZXVzLWNlbnRyYWwxLWRvY2tlci5wa2cuZGV2L3dhaW4tZDJlMjgvZ2NmLWFydGlmYWN0cy93YWluLS1kMmUyOF9fdXMtLWNlbnRyYWwxX19zc3J3YWluYWRtaW46dmVyc2lvbl8xGOmGhvyHEiJAcHJvamVjdHMvd2Fpbi1kMmUyOC9sb2NhdGlvbnMvdXMtY2VudHJhbDEvZnVuY3Rpb25zL3NzcndhaW5hZG1pbioMCLOv988GEOD8tdEDMghub2RlanMyMjp2CiNnY3IuaW8vZ2FlLXJ1bnRpbWVzL25vZGVqczIyOnN0YWJsZRJPdXMtY2VudHJhbDEtZG9ja2VyLnBrZy5kZXYvc2VydmVybGVzcy1ydW50aW1lcy9nb29nbGUtMjItZnVsbC9ydW50aW1lcy9ub2RlanMyMkAB for region us-central1
[2026-05-08T12:32:05.258Z] [update-firebase-frameworks-wain-admin-us-central1-ssrwainadmin] Retrying task index 0
[2026-05-08T12:32:05.258Z] Checked if tokens are valid: true, expires at: 1778247113956
[2026-05-08T12:32:05.258Z] Checked if tokens are valid: true, expires at: 1778247113956
[2026-05-08T12:32:05.258Z] >>> [apiv2][query] GET https://cloudfunctions.googleapis.com/v2/projects/wain-d2e28/locations/us-central1/operations/operation-1778243348384-6514d8b1acb9a-c02542b6-cd42f34f [none]
[2026-05-08T12:32:06.093Z] <<< [apiv2][status] GET https://cloudfunctions.googleapis.com/v2/projects/wain-d2e28/locations/us-central1/operations/operation-1778243348384-6514d8b1acb9a-c02542b6-cd42f34f 200
[2026-05-08T12:32:06.093Z] <<< [apiv2][body] GET https://cloudfunctions.googleapis.com/v2/projects/wain-d2e28/locations/us-central1/operations/operation-1778243348384-6514d8b1acb9a-c02542b6-cd42f34f {"name":"projects/wain-d2e28/locations/us-central1/operations/operation-1778243348384-6514d8b1acb9a-c02542b6-cd42f34f","metadata":{"@type":"type.googleapis.com/google.cloud.functions.v2.OperationMetadata","createTime":"2026-05-08T12:29:09.379776872Z","target":"projects/wain-d2e28/locations/us-central1/functions/ssrwainadmin","verb":"update","cancelRequested":false,"apiVersion":"v2","requestResource":{"@type":"type.googleapis.com/google.cloud.functions.v2.Function","name":"projects/wain-d2e28/locations/us-central1/functions/ssrwainadmin","buildConfig":{"runtime":"nodejs22","entryPoint":"ssrwainadmin","source":{"storageSource":{"bucket":"gcf-v2-sources-620614484841-us-central1","object":"ssrwainadmin/function-source.zip","generation":"1778243349311945"}},"environmentVariables":{"GOOGLE_NODE_RUN_SCRIPTS":""},"dockerRepository":"projects/wain-d2e28/locations/us-central1/repositories/gcf-artifacts","sourceProvenance":{"resolvedStorageSource":{"bucket":"gcf-v2-sources-620614484841-us-central1","object":"ssrwainadmin/function-source.zip","generation":"1778192908363790"}},"dockerRegistry":"ARTIFACT_REGISTRY","serviceAccount":"projects/wain-d2e28/serviceAccounts/620614484841-compute@developer.gserviceaccount.com","automaticUpdatePolicy":{}},"serviceConfig":{"service":"projects/wain-d2e28/locations/us-central1/services/ssrwainadmin","timeoutSeconds":60,"environmentVariables":{"VERCEL_URL":"wain-d2e28.web.app","__FIREBASE_FRAMEWORKS_ENTRY__":"next.js","__FIREBASE_DEFAULTS__":"{\"config\":{\"projectId\":\"wain-d2e28\",\"appId\":\"1:620614484841:web:ac86320829e764bc41b3f8\",\"storageBucket\":\"wain-d2e28.firebasestorage.app\",\"apiKey\":\"AIzaSyC9YKkNcRIbFkVeiO-sBbA2zgJxEzm6rlM\",\"authDomain\":\"wain-d2e28.firebaseapp.com\",\"messagingSenderId\":\"620614484841\",\"measurementId\":\"G-EV5MVJZX2R\",\"projectNumber\":\"620614484841\",\"version\":\"2\"},\"_authTokenSyncURL\":\"/__session\"}","FIREBASE_CONFIG":"{\"projectId\":\"wain-d2e28\",\"storageBucket\":\"wain-d2e28.firebasestorage.app\"}","GCLOUD_PROJECT":"wain-d2e28","EVENTARC_CLOUD_EVENT_SOURCE":"projects/wain-d2e28/locations/us-central1/services/ssrwainadmin","FUNCTION_TARGET":"ssrwainadmin","LOG_EXECUTION_ID":"true"},"ingressSettings":"ALLOW_ALL","uri":"https://ssrwainadmin-wvn5fhzfsq-uc.a.run.app","serviceAccountEmail":"620614484841-compute@developer.gserviceaccount.com","availableMemory":"512Mi","allTrafficOnLatestRevision":true,"revision":"ssrwainadmin-00067-xig","maxInstanceRequestConcurrency":80,"availableCpu":"1"},"state":"ACTIVE","labels":{"deployment-tool":"cli-firebase","firebase-functions-codebase":"firebase-frameworks-wain-admin","firebase-functions-hash":"7ad3330b49780db3985730d1b7cdf5554bbe5744"},"environment":"GEN_2","url":"https://us-central1-wain-d2e28.cloudfunctions.net/ssrwainadmin","satisfiesPzi":true},"stages":[{"name":"BUILD","message":"Build finished","state":"COMPLETE","resource":"projects/620614484841/locations/us-central1/builds/36811141-6bb7-43a1-9dfd-963653b65b6e","resourceUri":"https://console.cloud.google.com/cloud-build/builds;region=us-central1/36811141-6bb7-43a1-9dfd-963653b65b6e?project=620614484841"},{"name":"SERVICE","message":"Updating Cloud Run service","state":"IN_PROGRESS","resource":"projects/wain-d2e28/locations/us-central1/services/ssrwainadmin","resourceUri":"https://console.cloud.google.com/run/detail/us-central1/ssrwainadmin?project=wain-d2e28","stateMessages":[{"severity":"INFO","type":"CloudRunServiceNewRevisionTrafficInfo","message":"A new revision will be deployed serving with 100% traffic."}]}],"sourceToken":"Cldwcm9qZWN0cy82MjA2MTQ0ODQ4NDEvbG9jYXRpb25zL3VzLWNlbnRyYWwxL2J1aWxkcy8zNjgxMTE0MS02YmI3LTQzYTEtOWRmZC05NjM2NTNiNjViNmUSZXVzLWNlbnRyYWwxLWRvY2tlci5wa2cuZGV2L3dhaW4tZDJlMjgvZ2NmLWFydGlmYWN0cy93YWluLS1kMmUyOF9fdXMtLWNlbnRyYWwxX19zc3J3YWluYWRtaW46dmVyc2lvbl8xGOmGhvyHEiJAcHJvamVjdHMvd2Fpbi1kMmUyOC9sb2NhdGlvbnMvdXMtY2VudHJhbDEvZnVuY3Rpb25zL3NzcndhaW5hZG1pbioMCLOv988GEOD8tdEDMghub2RlanMyMjp2CiNnY3IuaW8vZ2FlLXJ1bnRpbWVzL25vZGVqczIyOnN0YWJsZRJPdXMtY2VudHJhbDEtZG9ja2VyLnBrZy5kZXYvc2VydmVybGVzcy1ydW50aW1lcy9nb29nbGUtMjItZnVsbC9ydW50aW1lcy9ub2RlanMyMkAB","operationType":"UPDATE_FUNCTION","buildName":"projects/620614484841/locations/us-central1/builds/36811141-6bb7-43a1-9dfd-963653b65b6e"},"done":false}
[2026-05-08T12:32:06.093Z] Got source token Cldwcm9qZWN0cy82MjA2MTQ0ODQ4NDEvbG9jYXRpb25zL3VzLWNlbnRyYWwxL2J1aWxkcy8zNjgxMTE0MS02YmI3LTQzYTEtOWRmZC05NjM2NTNiNjViNmUSZXVzLWNlbnRyYWwxLWRvY2tlci5wa2cuZGV2L3dhaW4tZDJlMjgvZ2NmLWFydGlmYWN0cy93YWluLS1kMmUyOF9fdXMtLWNlbnRyYWwxX19zc3J3YWluYWRtaW46dmVyc2lvbl8xGOmGhvyHEiJAcHJvamVjdHMvd2Fpbi1kMmUyOC9sb2NhdGlvbnMvdXMtY2VudHJhbDEvZnVuY3Rpb25zL3NzcndhaW5hZG1pbioMCLOv988GEOD8tdEDMghub2RlanMyMjp2CiNnY3IuaW8vZ2FlLXJ1bnRpbWVzL25vZGVqczIyOnN0YWJsZRJPdXMtY2VudHJhbDEtZG9ja2VyLnBrZy5kZXYvc2VydmVybGVzcy1ydW50aW1lcy9nb29nbGUtMjItZnVsbC9ydW50aW1lcy9ub2RlanMyMkAB for region us-central1
[2026-05-08T12:32:16.095Z] [update-firebase-frameworks-wain-admin-us-central1-ssrwainadmin] Retrying task index 0
[2026-05-08T12:32:16.096Z] Checked if tokens are valid: true, expires at: 1778247113956
[2026-05-08T12:32:16.096Z] Checked if tokens are valid: true, expires at: 1778247113956
[2026-05-08T12:32:16.096Z] >>> [apiv2][query] GET https://cloudfunctions.googleapis.com/v2/projects/wain-d2e28/locations/us-central1/operations/operation-1778243348384-6514d8b1acb9a-c02542b6-cd42f34f [none]
[2026-05-08T12:32:16.928Z] <<< [apiv2][status] GET https://cloudfunctions.googleapis.com/v2/projects/wain-d2e28/locations/us-central1/operations/operation-1778243348384-6514d8b1acb9a-c02542b6-cd42f34f 200
[2026-05-08T12:32:16.929Z] <<< [apiv2][body] GET https://cloudfunctions.googleapis.com/v2/projects/wain-d2e28/locations/us-central1/operations/operation-1778243348384-6514d8b1acb9a-c02542b6-cd42f34f {"name":"projects/wain-d2e28/locations/us-central1/operations/operation-1778243348384-6514d8b1acb9a-c02542b6-cd42f34f","metadata":{"@type":"type.googleapis.com/google.cloud.functions.v2.OperationMetadata","createTime":"2026-05-08T12:29:09.379776872Z","target":"projects/wain-d2e28/locations/us-central1/functions/ssrwainadmin","verb":"update","cancelRequested":false,"apiVersion":"v2","requestResource":{"@type":"type.googleapis.com/google.cloud.functions.v2.Function","name":"projects/wain-d2e28/locations/us-central1/functions/ssrwainadmin","buildConfig":{"runtime":"nodejs22","entryPoint":"ssrwainadmin","source":{"storageSource":{"bucket":"gcf-v2-sources-620614484841-us-central1","object":"ssrwainadmin/function-source.zip","generation":"1778243349311945"}},"environmentVariables":{"GOOGLE_NODE_RUN_SCRIPTS":""},"dockerRepository":"projects/wain-d2e28/locations/us-central1/repositories/gcf-artifacts","sourceProvenance":{"resolvedStorageSource":{"bucket":"gcf-v2-sources-620614484841-us-central1","object":"ssrwainadmin/function-source.zip","generation":"1778192908363790"}},"dockerRegistry":"ARTIFACT_REGISTRY","serviceAccount":"projects/wain-d2e28/serviceAccounts/620614484841-compute@developer.gserviceaccount.com","automaticUpdatePolicy":{}},"serviceConfig":{"service":"projects/wain-d2e28/locations/us-central1/services/ssrwainadmin","timeoutSeconds":60,"environmentVariables":{"VERCEL_URL":"wain-d2e28.web.app","__FIREBASE_FRAMEWORKS_ENTRY__":"next.js","__FIREBASE_DEFAULTS__":"{\"config\":{\"projectId\":\"wain-d2e28\",\"appId\":\"1:620614484841:web:ac86320829e764bc41b3f8\",\"storageBucket\":\"wain-d2e28.firebasestorage.app\",\"apiKey\":\"AIzaSyC9YKkNcRIbFkVeiO-sBbA2zgJxEzm6rlM\",\"authDomain\":\"wain-d2e28.firebaseapp.com\",\"messagingSenderId\":\"620614484841\",\"measurementId\":\"G-EV5MVJZX2R\",\"projectNumber\":\"620614484841\",\"version\":\"2\"},\"_authTokenSyncURL\":\"/__session\"}","FIREBASE_CONFIG":"{\"projectId\":\"wain-d2e28\",\"storageBucket\":\"wain-d2e28.firebasestorage.app\"}","GCLOUD_PROJECT":"wain-d2e28","EVENTARC_CLOUD_EVENT_SOURCE":"projects/wain-d2e28/locations/us-central1/services/ssrwainadmin","FUNCTION_TARGET":"ssrwainadmin","LOG_EXECUTION_ID":"true"},"ingressSettings":"ALLOW_ALL","uri":"https://ssrwainadmin-wvn5fhzfsq-uc.a.run.app","serviceAccountEmail":"620614484841-compute@developer.gserviceaccount.com","availableMemory":"512Mi","allTrafficOnLatestRevision":true,"revision":"ssrwainadmin-00067-xig","maxInstanceRequestConcurrency":80,"availableCpu":"1"},"state":"ACTIVE","labels":{"deployment-tool":"cli-firebase","firebase-functions-codebase":"firebase-frameworks-wain-admin","firebase-functions-hash":"7ad3330b49780db3985730d1b7cdf5554bbe5744"},"environment":"GEN_2","url":"https://us-central1-wain-d2e28.cloudfunctions.net/ssrwainadmin","satisfiesPzi":true},"stages":[{"name":"BUILD","message":"Build finished","state":"COMPLETE","resource":"projects/620614484841/locations/us-central1/builds/36811141-6bb7-43a1-9dfd-963653b65b6e","resourceUri":"https://console.cloud.google.com/cloud-build/builds;region=us-central1/36811141-6bb7-43a1-9dfd-963653b65b6e?project=620614484841"},{"name":"SERVICE","message":"Updating Cloud Run service","state":"IN_PROGRESS","resource":"projects/wain-d2e28/locations/us-central1/services/ssrwainadmin","resourceUri":"https://console.cloud.google.com/run/detail/us-central1/ssrwainadmin?project=wain-d2e28","stateMessages":[{"severity":"INFO","type":"CloudRunServiceNewRevisionTrafficInfo","message":"A new revision will be deployed serving with 100% traffic."}]}],"sourceToken":"Cldwcm9qZWN0cy82MjA2MTQ0ODQ4NDEvbG9jYXRpb25zL3VzLWNlbnRyYWwxL2J1aWxkcy8zNjgxMTE0MS02YmI3LTQzYTEtOWRmZC05NjM2NTNiNjViNmUSZXVzLWNlbnRyYWwxLWRvY2tlci5wa2cuZGV2L3dhaW4tZDJlMjgvZ2NmLWFydGlmYWN0cy93YWluLS1kMmUyOF9fdXMtLWNlbnRyYWwxX19zc3J3YWluYWRtaW46dmVyc2lvbl8xGOmGhvyHEiJAcHJvamVjdHMvd2Fpbi1kMmUyOC9sb2NhdGlvbnMvdXMtY2VudHJhbDEvZnVuY3Rpb25zL3NzcndhaW5hZG1pbioMCLOv988GEOD8tdEDMghub2RlanMyMjp2CiNnY3IuaW8vZ2FlLXJ1bnRpbWVzL25vZGVqczIyOnN0YWJsZRJPdXMtY2VudHJhbDEtZG9ja2VyLnBrZy5kZXYvc2VydmVybGVzcy1ydW50aW1lcy9nb29nbGUtMjItZnVsbC9ydW50aW1lcy9ub2RlanMyMkAB","operationType":"UPDATE_FUNCTION","buildName":"projects/620614484841/locations/us-central1/builds/36811141-6bb7-43a1-9dfd-963653b65b6e"},"done":false}
[2026-05-08T12:32:16.929Z] Got source token Cldwcm9qZWN0cy82MjA2MTQ0ODQ4NDEvbG9jYXRpb25zL3VzLWNlbnRyYWwxL2J1aWxkcy8zNjgxMTE0MS02YmI3LTQzYTEtOWRmZC05NjM2NTNiNjViNmUSZXVzLWNlbnRyYWwxLWRvY2tlci5wa2cuZGV2L3dhaW4tZDJlMjgvZ2NmLWFydGlmYWN0cy93YWluLS1kMmUyOF9fdXMtLWNlbnRyYWwxX19zc3J3YWluYWRtaW46dmVyc2lvbl8xGOmGhvyHEiJAcHJvamVjdHMvd2Fpbi1kMmUyOC9sb2NhdGlvbnMvdXMtY2VudHJhbDEvZnVuY3Rpb25zL3NzcndhaW5hZG1pbioMCLOv988GEOD8tdEDMghub2RlanMyMjp2CiNnY3IuaW8vZ2FlLXJ1bnRpbWVzL25vZGVqczIyOnN0YWJsZRJPdXMtY2VudHJhbDEtZG9ja2VyLnBrZy5kZXYvc2VydmVybGVzcy1ydW50aW1lcy9nb29nbGUtMjItZnVsbC9ydW50aW1lcy9ub2RlanMyMkAB for region us-central1
[2026-05-08T12:32:26.944Z] [update-firebase-frameworks-wain-admin-us-central1-ssrwainadmin] Retrying task index 0
[2026-05-08T12:32:26.944Z] Checked if tokens are valid: true, expires at: 1778247113956
[2026-05-08T12:32:26.944Z] Checked if tokens are valid: true, expires at: 1778247113956
[2026-05-08T12:32:26.944Z] >>> [apiv2][query] GET https://cloudfunctions.googleapis.com/v2/projects/wain-d2e28/locations/us-central1/operations/operation-1778243348384-6514d8b1acb9a-c02542b6-cd42f34f [none]
[2026-05-08T12:32:27.246Z] <<< [apiv2][status] GET https://cloudfunctions.googleapis.com/v2/projects/wain-d2e28/locations/us-central1/operations/operation-1778243348384-6514d8b1acb9a-c02542b6-cd42f34f 200
[2026-05-08T12:32:27.246Z] <<< [apiv2][body] GET https://cloudfunctions.googleapis.com/v2/projects/wain-d2e28/locations/us-central1/operations/operation-1778243348384-6514d8b1acb9a-c02542b6-cd42f34f {"name":"projects/wain-d2e28/locations/us-central1/operations/operation-1778243348384-6514d8b1acb9a-c02542b6-cd42f34f","metadata":{"@type":"type.googleapis.com/google.cloud.functions.v2.OperationMetadata","createTime":"2026-05-08T12:29:09.379776872Z","endTime":"2026-05-08T12:32:26.725258407Z","target":"projects/wain-d2e28/locations/us-central1/functions/ssrwainadmin","verb":"update","cancelRequested":false,"apiVersion":"v2","requestResource":{"@type":"type.googleapis.com/google.cloud.functions.v2.Function","name":"projects/wain-d2e28/locations/us-central1/functions/ssrwainadmin","buildConfig":{"runtime":"nodejs22","entryPoint":"ssrwainadmin","source":{"storageSource":{"bucket":"gcf-v2-sources-620614484841-us-central1","object":"ssrwainadmin/function-source.zip","generation":"1778243349311945"}},"environmentVariables":{"GOOGLE_NODE_RUN_SCRIPTS":""},"dockerRepository":"projects/wain-d2e28/locations/us-central1/repositories/gcf-artifacts","sourceProvenance":{"resolvedStorageSource":{"bucket":"gcf-v2-sources-620614484841-us-central1","object":"ssrwainadmin/function-source.zip","generation":"1778192908363790"}},"dockerRegistry":"ARTIFACT_REGISTRY","serviceAccount":"projects/wain-d2e28/serviceAccounts/620614484841-compute@developer.gserviceaccount.com","automaticUpdatePolicy":{}},"serviceConfig":{"service":"projects/wain-d2e28/locations/us-central1/services/ssrwainadmin","timeoutSeconds":60,"environmentVariables":{"VERCEL_URL":"wain-d2e28.web.app","__FIREBASE_FRAMEWORKS_ENTRY__":"next.js","__FIREBASE_DEFAULTS__":"{\"config\":{\"projectId\":\"wain-d2e28\",\"appId\":\"1:620614484841:web:ac86320829e764bc41b3f8\",\"storageBucket\":\"wain-d2e28.firebasestorage.app\",\"apiKey\":\"AIzaSyC9YKkNcRIbFkVeiO-sBbA2zgJxEzm6rlM\",\"authDomain\":\"wain-d2e28.firebaseapp.com\",\"messagingSenderId\":\"620614484841\",\"measurementId\":\"G-EV5MVJZX2R\",\"projectNumber\":\"620614484841\",\"version\":\"2\"},\"_authTokenSyncURL\":\"/__session\"}","FIREBASE_CONFIG":"{\"projectId\":\"wain-d2e28\",\"storageBucket\":\"wain-d2e28.firebasestorage.app\"}","GCLOUD_PROJECT":"wain-d2e28","EVENTARC_CLOUD_EVENT_SOURCE":"projects/wain-d2e28/locations/us-central1/services/ssrwainadmin","FUNCTION_TARGET":"ssrwainadmin","LOG_EXECUTION_ID":"true"},"ingressSettings":"ALLOW_ALL","uri":"https://ssrwainadmin-wvn5fhzfsq-uc.a.run.app","serviceAccountEmail":"620614484841-compute@developer.gserviceaccount.com","availableMemory":"512Mi","allTrafficOnLatestRevision":true,"revision":"ssrwainadmin-00067-xig","maxInstanceRequestConcurrency":80,"availableCpu":"1"},"state":"ACTIVE","labels":{"deployment-tool":"cli-firebase","firebase-functions-codebase":"firebase-frameworks-wain-admin","firebase-functions-hash":"7ad3330b49780db3985730d1b7cdf5554bbe5744"},"environment":"GEN_2","url":"https://us-central1-wain-d2e28.cloudfunctions.net/ssrwainadmin","satisfiesPzi":true},"stages":[{"name":"BUILD","message":"Build finished","state":"COMPLETE","resource":"projects/620614484841/locations/us-central1/builds/36811141-6bb7-43a1-9dfd-963653b65b6e","resourceUri":"https://console.cloud.google.com/cloud-build/builds;region=us-central1/36811141-6bb7-43a1-9dfd-963653b65b6e?project=620614484841"},{"name":"SERVICE","message":"Updating Cloud Run service","state":"COMPLETE","resource":"projects/wain-d2e28/locations/us-central1/services/ssrwainadmin","resourceUri":"https://console.cloud.google.com/run/detail/us-central1/ssrwainadmin?project=wain-d2e28","stateMessages":[{"severity":"INFO","type":"CloudRunServiceNewRevisionTrafficInfo","message":"A new revision will be deployed serving with 100% traffic."}]}],"sourceToken":"Cldwcm9qZWN0cy82MjA2MTQ0ODQ4NDEvbG9jYXRpb25zL3VzLWNlbnRyYWwxL2J1aWxkcy8zNjgxMTE0MS02YmI3LTQzYTEtOWRmZC05NjM2NTNiNjViNmUSZXVzLWNlbnRyYWwxLWRvY2tlci5wa2cuZGV2L3dhaW4tZDJlMjgvZ2NmLWFydGlmYWN0cy93YWluLS1kMmUyOF9fdXMtLWNlbnRyYWwxX19zc3J3YWluYWRtaW46dmVyc2lvbl8xGOmGhvyHEiJAcHJvamVjdHMvd2Fpbi1kMmUyOC9sb2NhdGlvbnMvdXMtY2VudHJhbDEvZnVuY3Rpb25zL3NzcndhaW5hZG1pbioMCLOv988GEOD8tdEDMghub2RlanMyMjp2CiNnY3IuaW8vZ2FlLXJ1bnRpbWVzL25vZGVqczIyOnN0YWJsZRJPdXMtY2VudHJhbDEtZG9ja2VyLnBrZy5kZXYvc2VydmVybGVzcy1ydW50aW1lcy9nb29nbGUtMjItZnVsbC9ydW50aW1lcy9ub2RlanMyMkAB","operationType":"UPDATE_FUNCTION","buildName":"projects/620614484841/locations/us-central1/builds/36811141-6bb7-43a1-9dfd-963653b65b6e"},"done":true,"response":{"@type":"type.googleapis.com/google.cloud.functions.v2.Function","name":"projects/wain-d2e28/locations/us-central1/functions/ssrwainadmin","buildConfig":{"build":"projects/620614484841/locations/us-central1/builds/36811141-6bb7-43a1-9dfd-963653b65b6e","runtime":"nodejs22","entryPoint":"ssrwainadmin","source":{"storageSource":{"bucket":"gcf-v2-sources-620614484841-us-central1","object":"ssrwainadmin/function-source.zip","generation":"1778243349311945"}},"environmentVariables":{"GOOGLE_NODE_RUN_SCRIPTS":""},"dockerRepository":"projects/wain-d2e28/locations/us-central1/repositories/gcf-artifacts","sourceProvenance":{"resolvedStorageSource":{"bucket":"gcf-v2-sources-620614484841-us-central1","object":"ssrwainadmin/function-source.zip","generation":"1778243349311945"}},"dockerRegistry":"ARTIFACT_REGISTRY","serviceAccount":"projects/wain-d2e28/serviceAccounts/620614484841-compute@developer.gserviceaccount.com","automaticUpdatePolicy":{}},"serviceConfig":{"service":"projects/wain-d2e28/locations/us-central1/services/ssrwainadmin","timeoutSeconds":60,"environmentVariables":{"VERCEL_URL":"wain-d2e28.web.app","__FIREBASE_FRAMEWORKS_ENTRY__":"next.js","__FIREBASE_DEFAULTS__":"{\"config\":{\"projectId\":\"wain-d2e28\",\"appId\":\"1:620614484841:web:ac86320829e764bc41b3f8\",\"storageBucket\":\"wain-d2e28.firebasestorage.app\",\"apiKey\":\"AIzaSyC9YKkNcRIbFkVeiO-sBbA2zgJxEzm6rlM\",\"authDomain\":\"wain-d2e28.firebaseapp.com\",\"messagingSenderId\":\"620614484841\",\"measurementId\":\"G-EV5MVJZX2R\",\"projectNumber\":\"620614484841\",\"version\":\"2\"},\"_authTokenSyncURL\":\"/__session\"}","FIREBASE_CONFIG":"{\"projectId\":\"wain-d2e28\",\"storageBucket\":\"wain-d2e28.firebasestorage.app\"}","GCLOUD_PROJECT":"wain-d2e28","EVENTARC_CLOUD_EVENT_SOURCE":"projects/wain-d2e28/locations/us-central1/services/ssrwainadmin","FUNCTION_TARGET":"ssrwainadmin","LOG_EXECUTION_ID":"true"},"maxInstanceCount":20,"ingressSettings":"ALLOW_ALL","uri":"https://ssrwainadmin-wvn5fhzfsq-uc.a.run.app","serviceAccountEmail":"620614484841-compute@developer.gserviceaccount.com","availableMemory":"512Mi","allTrafficOnLatestRevision":true,"revision":"ssrwainadmin-00069-xug","maxInstanceRequestConcurrency":80,"availableCpu":"1"},"state":"ACTIVE","updateTime":"2026-05-08T12:29:09.382385301Z","labels":{"firebase-functions-codebase":"firebase-frameworks-wain-admin","firebase-functions-hash":"7ad3330b49780db3985730d1b7cdf5554bbe5744","deployment-tool":"cli-firebase"},"environment":"GEN_2","url":"https://us-central1-wain-d2e28.cloudfunctions.net/ssrwainadmin","createTime":"2026-04-19T15:34:01.002358269Z","satisfiesPzi":true}}
[2026-05-08T12:32:27.246Z] Got source token Cldwcm9qZWN0cy82MjA2MTQ0ODQ4NDEvbG9jYXRpb25zL3VzLWNlbnRyYWwxL2J1aWxkcy8zNjgxMTE0MS02YmI3LTQzYTEtOWRmZC05NjM2NTNiNjViNmUSZXVzLWNlbnRyYWwxLWRvY2tlci5wa2cuZGV2L3dhaW4tZDJlMjgvZ2NmLWFydGlmYWN0cy93YWluLS1kMmUyOF9fdXMtLWNlbnRyYWwxX19zc3J3YWluYWRtaW46dmVyc2lvbl8xGOmGhvyHEiJAcHJvamVjdHMvd2Fpbi1kMmUyOC9sb2NhdGlvbnMvdXMtY2VudHJhbDEvZnVuY3Rpb25zL3NzcndhaW5hZG1pbioMCLOv988GEOD8tdEDMghub2RlanMyMjp2CiNnY3IuaW8vZ2FlLXJ1bnRpbWVzL25vZGVqczIyOnN0YWJsZRJPdXMtY2VudHJhbDEtZG9ja2VyLnBrZy5kZXYvc2VydmVybGVzcy1ydW50aW1lcy9nb29nbGUtMjItZnVsbC9ydW50aW1lcy9ub2RlanMyMkAB for region us-central1
+  functions[firebase-frameworks-wain-admin:ssrwainadmin(us-central1)] Successful update operation. 
[2026-05-08T12:32:27.249Z] Total Function Deployment time: 200497
[2026-05-08T12:32:27.249Z] 1 Functions Deployed
[2026-05-08T12:32:27.249Z] 0 Functions Errored
[2026-05-08T12:32:27.249Z] 0 Function Deployments Aborted
[2026-05-08T12:32:27.249Z] Average Function Deployment time: 200497
Function URL (firebase-frameworks-wain-admin:ssrwainadmin(us-central1)): https://ssrwainadmin-wvn5fhzfsq-uc.a.run.app
[2026-05-08T12:32:27.256Z] Checked if tokens are valid: true, expires at: 1778247113956
[2026-05-08T12:32:27.256Z] Checked if tokens are valid: true, expires at: 1778247113956
[2026-05-08T12:32:27.256Z] >>> [apiv2][query] GET https://artifactregistry.googleapis.com/v1/projects/wain-d2e28/locations/us-central1/repositories/gcf-artifacts [none]
[2026-05-08T12:32:28.164Z] <<< [apiv2][status] GET https://artifactregistry.googleapis.com/v1/projects/wain-d2e28/locations/us-central1/repositories/gcf-artifacts 200
[2026-05-08T12:32:28.164Z] <<< [apiv2][body] GET https://artifactregistry.googleapis.com/v1/projects/wain-d2e28/locations/us-central1/repositories/gcf-artifacts {"name":"projects/wain-d2e28/locations/us-central1/repositories/gcf-artifacts","format":"DOCKER","description":"This repository is created and used by Cloud Functions for storing function docker images.","labels":{"goog-managed-by":"cloudfunctions"},"createTime":"2026-02-06T15:53:49.655094Z","updateTime":"2026-05-08T12:31:45.341529Z","mode":"STANDARD_REPOSITORY","cleanupPolicies":{"firebase-functions-cleanup":{"id":"firebase-functions-cleanup","action":"DELETE","condition":{"tagState":"ANY","olderThan":"86400s"}}},"sizeBytes":"2482382976","vulnerabilityScanningConfig":{"lastEnableTime":"2026-02-06T15:53:37.100462099Z","enablementState":"SCANNING_DISABLED","enablementStateReason":"API containerscanning.googleapis.com is not enabled."},"satisfiesPzi":true,"registryUri":"us-central1-docker.pkg.dev/wain-d2e28/gcf-artifacts"}
[2026-05-08T12:32:28.164Z] [
  {
    "config": {
      "site": "wain-d2e28",
      "public": "public",
      "ignore": [
        "firebase.json",
        "**/.*",
        "**/node_modules/**"
      ],
      "rewrites": [
        {
          "source": "**",
          "destination": "/index.html"
        }
      ]
    },
    "version": "projects/620614484841/sites/wain-d2e28/versions/62c10f342e2d3c6f"
  },
  {
    "config": {
      "site": "wain-admin",
      "source": "admin_web_console",
      "headers": [
        {
          "source": "**",
          "headers": [
            {
              "key": "Content-Security-Policy",
              "value": "default-src 'self'; base-uri 'self'; object-src 'none'; frame-ancestors 'none'; form-action 'self'; img-src 'self' data: blob: https:; font-src 'self' data: https:; script-src 'self' 'unsafe-inline' 'unsafe-eval' https:; style-src 'self' 'unsafe-inline' https:; connect-src 'self' https: wss: ws:; upgrade-insecure-requests"
            },
            {
              "key": "Content-Security-Policy-Report-Only",
              "value": "default-src 'self'; base-uri 'self'; object-src 'none'; frame-ancestors 'none'; form-action 'self'; img-src 'self' data: blob: https:; font-src 'self' data: https:; script-src 'self' 'unsafe-inline' https://www.gstatic.com https://www.googletagmanager.com https://www.google-analytics.com; style-src 'self' https:; connect-src 'self' https: wss: ws:"
            },
            {
              "key": "Strict-Transport-Security",
              "value": "max-age=31536000; includeSubDomains"
            },
            {
              "key": "Permissions-Policy",
              "value": "camera=(), microphone=(), geolocation=(), payment=(), usb=(), browsing-topics=()"
            },
            {
              "key": "X-Content-Type-Options",
              "value": "nosniff"
            },
            {
              "key": "X-Frame-Options",
              "value": "DENY"
            },
            {
              "key": "Referrer-Policy",
              "value": "strict-origin-when-cross-origin"
            },
            {
              "key": "Cross-Origin-Opener-Policy",
              "value": "same-origin"
            }
          ]
        },
        {
          "source": "/:path*",
          "headers": [
            {
              "key": "Content-Security-Policy",
              "value": "default-src 'self'; base-uri 'self'; object-src 'none'; frame-ancestors 'none'; form-action 'self'; img-src 'self' data: blob: https:; font-src 'self' data: https:; script-src 'self' 'unsafe-inline' 'unsafe-eval' https:; style-src 'self' 'unsafe-inline' https:; connect-src 'self' https: wss: ws:; upgrade-insecure-requests"
            },
            {
              "key": "Content-Security-Policy-Report-Only",
              "value": "default-src 'self'; base-uri 'self'; object-src 'none'; frame-ancestors 'none'; form-action 'self'; img-src 'self' data: blob: https:; font-src 'self' data: https:; script-src 'self' 'unsafe-inline' https://www.gstatic.com https://www.googletagmanager.com https://www.google-analytics.com; style-src 'self' https:; connect-src 'self' https: wss: ws:"
            },
            {
              "key": "Strict-Transport-Security",
              "value": "max-age=31536000; includeSubDomains"
            },
            {
              "key": "Permissions-Policy",
              "value": "camera=(), microphone=(), geolocation=(), payment=(), usb=(), browsing-topics=()"
            },
            {
              "key": "X-Content-Type-Options",
              "value": "nosniff"
            },
            {
              "key": "X-Frame-Options",
              "value": "DENY"
            },
            {
              "key": "Referrer-Policy",
              "value": "strict-origin-when-cross-origin"
            },
            {
              "key": "Cross-Origin-Opener-Policy",
              "value": "same-origin"
            }
          ]
        },
        {
          "source": "/_not-found",
          "headers": [
            {
              "key": "x-next-cache-tags",
              "value": "_N_T_/layout,_N_T_/_not-found/layout,_N_T_/_not-found/page,_N_T_/_not-found"
            }
          ]
        },
        {
          "source": "**/*.[jt]s",
          "headers": [
            {
              "key": "Set-Cookie",
              "value": "__FIREBASE_DEFAULTS__=eyJjb25maWciOnsicHJvamVjdElkIjoid2Fpbi1kMmUyOCIsImFwcElkIjoiMTo2MjA2MTQ0ODQ4NDE6d2ViOmFjODYzMjA4MjllNzY0YmM0MWIzZjgiLCJzdG9yYWdlQnVja2V0Ijoid2Fpbi1kMmUyOC5maXJlYmFzZXN0b3JhZ2UuYXBwIiwiYXBpS2V5IjoiQUl6YVN5QzlZS2tOY1JJYkZrVmVpTy1zQmJBMnpnSnhFem02cmxNIiwiYXV0aERvbWFpbiI6IndhaW4tZDJlMjguZmlyZWJhc2VhcHAuY29tIiwibWVzc2FnaW5nU2VuZGVySWQiOiI2MjA2MTQ0ODQ4NDEiLCJtZWFzdXJlbWVudElkIjoiRy1FVjVNVkpaWDJSIiwicHJvamVjdE51bWJlciI6IjYyMDYxNDQ4NDg0MSIsInZlcnNpb24iOiIyIn0sIl9hdXRoVG9rZW5TeW5jVVJMIjoiL19fc2Vzc2lvbiJ9; SameSite=Strict; Expires=2028-04-01T23:08:13.574Z; Path=/;"
            }
          ]
        }
      ],
      "frameworksBackend": {
        "memory": "512MiB",
        "region": "us-central1"
      },
      "rewrites": [
        {
          "source": "**",
          "function": {
            "functionId": "ssrwainadmin",
            "region": "us-central1",
            "pinTag": true
          }
        }
      ],
      "redirects": [],
      "cleanUrls": true,
      "trailingSlash": false,
      "public": ".firebase\\wain-admin\\hosting",
      "webFramework": "next_ssr"
    },
    "version": "projects/620614484841/sites/wain-admin/versions/e1fbe438e21c1ef0"
  }
]
i  hosting[wain-d2e28]: finalizing version... 
i  hosting[wain-admin]: finalizing version... 
[2026-05-08T12:32:28.165Z] Checked if tokens are valid: true, expires at: 1778247113956
[2026-05-08T12:32:28.166Z] Checked if tokens are valid: true, expires at: 1778247113956
[2026-05-08T12:32:28.166Z] Checked if tokens are valid: true, expires at: 1778247113956
[2026-05-08T12:32:28.166Z] Checked if tokens are valid: true, expires at: 1778247113956
[2026-05-08T12:32:28.166Z] >>> [apiv2][query] GET https://run.googleapis.com/v1/projects/wain-d2e28/locations/us-central1/services/ssrwainadmin [none]
[2026-05-08T12:32:28.167Z] >>> [apiv2][query] PATCH https://firebasehosting.googleapis.com/v1beta1/projects/-/sites/wain-d2e28/versions/62c10f342e2d3c6f updateMask=status%2Cconfig
[2026-05-08T12:32:28.167Z] >>> [apiv2][body] PATCH https://firebasehosting.googleapis.com/v1beta1/projects/-/sites/wain-d2e28/versions/62c10f342e2d3c6f {"status":"FINALIZED","config":{"rewrites":[{"glob":"**","path":"/index.html"}]}}
[2026-05-08T12:32:29.344Z] <<< [apiv2][status] GET https://run.googleapis.com/v1/projects/wain-d2e28/locations/us-central1/services/ssrwainadmin 200
[2026-05-08T12:32:29.344Z] <<< [apiv2][body] GET https://run.googleapis.com/v1/projects/wain-d2e28/locations/us-central1/services/ssrwainadmin {"apiVersion":"serving.knative.dev/v1","kind":"Service","metadata":{"name":"ssrwainadmin","namespace":"620614484841","selfLink":"/apis/serving.knative.dev/v1/namespaces/620614484841/services/ssrwainadmin","uid":"bdc58e28-8483-469c-ad6e-ebbd8a11500a","resourceVersion":"AAZRTZbn3tU","generation":69,"labels":{"goog-drz-cloudfunctions-location":"us-central1","firebase-functions-hash":"7ad3330b49780db3985730d1b7cdf5554bbe5744","goog-managed-by":"cloudfunctions","goog-cloudfunctions-runtime":"nodejs22","cloud.googleapis.com/location":"us-central1","goog-drz-cloudfunctions-id":"ssrwainadmin","firebase-functions-codebase":"firebase-frameworks-wain-admin"},"annotations":{"serving.knative.dev/creator":"service-620614484841@gcf-admin-robot.iam.gserviceaccount.com","serving.knative.dev/lastModifier":"service-620614484841@gcf-admin-robot.iam.gserviceaccount.com","run.googleapis.com/custom-audiences":"[\"https://us-central1-wain-d2e28.cloudfunctions.net/ssrwainadmin\"]","run.googleapis.com/client-name":"cli-firebase","cloudfunctions.googleapis.com/function-id":"ssrwainadmin","run.googleapis.com/build-source-location":"gs://gcf-v2-sources-620614484841-us-central1/ssrwainadmin/function-source.zip#1778243349311945","run.googleapis.com/build-environment-variables":"{\"GOOGLE_NODE_RUN_SCRIPTS\":\"\"}","run.googleapis.com/build-function-target":"ssrwainadmin","run.googleapis.com/build-service-account":"projects/wain-d2e28/serviceAccounts/620614484841-compute@developer.gserviceaccount.com","run.googleapis.com/build-enable-automatic-updates":"true","run.googleapis.com/build-base-image":"us-central1-docker.pkg.dev/serverless-runtimes/google-22-full/runtimes/nodejs22","run.googleapis.com/build-image-uri":"us-central1-docker.pkg.dev/wain-d2e28/gcf-artifacts/wain--d2e28__us--central1__ssrwainadmin:version_1","run.googleapis.com/build-name":"projects/620614484841/locations/us-central1/builds/36811141-6bb7-43a1-9dfd-963653b65b6e","run.googleapis.com/operation-id":"6b2c1e5f-9e1a-4a53-b28f-08ab6f786883","run.googleapis.com/ingress":"all","run.googleapis.com/ingress-status":"all","run.googleapis.com/maxScale":"20","run.googleapis.com/urls":"[\"https://ssrwainadmin-620614484841.us-central1.run.app\",\"https://us-central1-wain-d2e28.cloudfunctions.net/ssrwainadmin\",\"https://ssrwainadmin-wvn5fhzfsq-uc.a.run.app\"]"},"creationTimestamp":"2026-04-19T15:35:29.358113Z"},"spec":{"template":{"metadata":{"name":"ssrwainadmin-00069-xug","labels":{"goog-drz-cloudfunctions-location":"us-central1","firebase-functions-hash":"7ad3330b49780db3985730d1b7cdf5554bbe5744","goog-drz-cloudfunctions-id":"ssrwainadmin","firebase-functions-codebase":"firebase-frameworks-wain-admin","run.googleapis.com/startupProbeType":"Default"},"annotations":{"run.googleapis.com/client-name":"cli-firebase","cloudfunctions.googleapis.com/trigger-type":"HTTP_TRIGGER","autoscaling.knative.dev/maxScale":"20","run.googleapis.com/base-images":"{\"worker\":\"us-central1-docker.pkg.dev/serverless-runtimes/google-22-full/runtimes/nodejs22\"}","run.googleapis.com/startup-cpu-boost":"true"}},"spec":{"containerConcurrency":80,"timeoutSeconds":60,"serviceAccountName":"620614484841-compute@developer.gserviceaccount.com","containers":[{"name":"worker","image":"us-central1-docker.pkg.dev/wain-d2e28/gcf-artifacts/wain--d2e28__us--central1__ssrwainadmin:version_1","env":[{"name":"VERCEL_URL","value":"wain-d2e28.web.app"},{"name":"__FIREBASE_FRAMEWORKS_ENTRY__","value":"next.js"},{"name":"__FIREBASE_DEFAULTS__","value":"{\"config\":{\"projectId\":\"wain-d2e28\",\"appId\":\"1:620614484841:web:ac86320829e764bc41b3f8\",\"storageBucket\":\"wain-d2e28.firebasestorage.app\",\"apiKey\":\"AIzaSyC9YKkNcRIbFkVeiO-sBbA2zgJxEzm6rlM\",\"authDomain\":\"wain-d2e28.firebaseapp.com\",\"messagingSenderId\":\"620614484841\",\"measurementId\":\"G-EV5MVJZX2R\",\"projectNumber\":\"620614484841\",\"version\":\"2\"},\"_authTokenSyncURL\":\"/__session\"}"},{"name":"FIREBASE_CONFIG","value":"{\"projectId\":\"wain-d2e28\",\"storageBucket\":\"wain-d2e28.firebasestorage.app\"}"},{"name":"GCLOUD_PROJECT","value":"wain-d2e28"},{"name":"EVENTARC_CLOUD_EVENT_SOURCE","value":"projects/wain-d2e28/locations/us-central1/services/ssrwainadmin"},{"name":"FUNCTION_TARGET","value":"ssrwainadmin"},{"name":"LOG_EXECUTION_ID","value":"true"}],"resources":{"limits":{"cpu":"1","memory":"512Mi"}},"ports":[{"name":"http1","containerPort":8080}],"startupProbe":{"timeoutSeconds":240,"periodSeconds":240,"failureThreshold":1,"tcpSocket":{"port":8080}}}],"runtimeClassName":"run.googleapis.com/linux-base-image-update"}},"traffic":[{"revisionName":"ssrwainadmin-00001-jex","tag":"fh-ac717aae5b7652ac"},{"revisionName":"ssrwainadmin-00003-kos","tag":"fh-e09e2206797c7f2d"},{"revisionName":"ssrwainadmin-00005-rus","tag":"fh-8b4c6931ffea8ddd"},{"revisionName":"ssrwainadmin-00007-gov","tag":"fh-c79287407e850ff0"},{"revisionName":"ssrwainadmin-00009-feq","tag":"fh-eea0b693dc7cff3f"},{"revisionName":"ssrwainadmin-00011-vug","tag":"fh-aa185f5f32a79909"},{"revisionName":"ssrwainadmin-00013-miz","tag":"fh-ba1199c4771bb658"},{"revisionName":"ssrwainadmin-00015-bix","tag":"fh-0b315898d9d0dab1"},{"revisionName":"ssrwainadmin-00017-kap","tag":"fh-428dbb9bf7e3d5ab"},{"revisionName":"ssrwainadmin-00019-zuy","tag":"fh-3442b45ffb9e9f3e"},{"revisionName":"ssrwainadmin-00021-wik","tag":"fh-4669903df0455378"},{"revisionName":"ssrwainadmin-00023-mag","tag":"fh-aa2c1c02f1ed0476"},{"revisionName":"ssrwainadmin-00026-cor","tag":"fh-326d2b3d7ba2e9ef"},{"revisionName":"ssrwainadmin-00028-lej","tag":"fh-1d361d1e203d9fda"},{"revisionName":"ssrwainadmin-00030-wot","tag":"fh-6f652a32554e8dfe"},{"revisionName":"ssrwainadmin-00032-kod","tag":"fh-92be92cd8c8b37e8"},{"revisionName":"ssrwainadmin-00034-gun","tag":"fh-a9db6b465483eaba"},{"revisionName":"ssrwainadmin-00036-pam","tag":"fh-45270ea856bc3c61"},{"revisionName":"ssrwainadmin-00038-pop","tag":"fh-0d492fa2b30328db"},{"revisionName":"ssrwainadmin-00040-kiw","tag":"fh-479ce2748595397a"},{"revisionName":"ssrwainadmin-00042-kev","tag":"fh-a11625b324506ae3"},{"revisionName":"ssrwainadmin-00044-duj","tag":"fh-db8793a4e293242a"},{"revisionName":"ssrwainadmin-00046-san","tag":"fh-f6fd98b8b09374e1"},{"revisionName":"ssrwainadmin-00048-ved","tag":"fh-86cdd5d350c917e3"},{"revisionName":"ssrwainadmin-00050-diw","tag":"fh-eaea606c5c8b15a8"},{"revisionName":"ssrwainadmin-00052-xin","tag":"fh-8063195206209c84"},{"revisionName":"ssrwainadmin-00054-zen","tag":"fh-6af74c86f4f743d6"},{"revisionName":"ssrwainadmin-00056-guf","tag":"fh-6986c20d5584ac8e"},{"revisionName":"ssrwainadmin-00059-tel","tag":"fh-ba0db4e68bfab5bb"},{"revisionName":"ssrwainadmin-00061-vuv","tag":"fh-6783fe19f6f440f7"},{"revisionName":"ssrwainadmin-00063-fid","tag":"fh-1ae655ff4c727dca"},{"revisionName":"ssrwainadmin-00065-bum","tag":"fh-2e171e2d2982c186"},{"revisionName":"ssrwainadmin-00067-xig","tag":"fh-809a835117d7ca5d"},{"percent":100,"latestRevision":true}]},"status":{"observedGeneration":69,"conditions":[{"type":"Ready","status":"True","lastTransitionTime":"2026-05-08T12:32:26.373845Z"},{"type":"BaseImageValidated","status":"True","severity":"Info"},{"type":"ConfigurationsReady","status":"True","lastTransitionTime":"2026-05-08T12:32:20.114620Z"},{"type":"RoutesReady","status":"True","lastTransitionTime":"2026-05-08T12:32:26.330531Z"}],"latestReadyRevisionName":"ssrwainadmin-00069-xug","latestCreatedRevisionName":"ssrwainadmin-00069-xug","traffic":[{"revisionName":"ssrwainadmin-00001-jex","tag":"fh-ac717aae5b7652ac","url":"https://fh-ac717aae5b7652ac---ssrwainadmin-wvn5fhzfsq-uc.a.run.app"},{"revisionName":"ssrwainadmin-00003-kos","tag":"fh-e09e2206797c7f2d","url":"https://fh-e09e2206797c7f2d---ssrwainadmin-wvn5fhzfsq-uc.a.run.app"},{"revisionName":"ssrwainadmin-00005-rus","tag":"fh-8b4c6931ffea8ddd","url":"https://fh-8b4c6931ffea8ddd---ssrwainadmin-wvn5fhzfsq-uc.a.run.app"},{"revisionName":"ssrwainadmin-00007-gov","tag":"fh-c79287407e850ff0","url":"https://fh-c79287407e850ff0---ssrwainadmin-wvn5fhzfsq-uc.a.run.app"},{"revisionName":"ssrwainadmin-00009-feq","tag":"fh-eea0b693dc7cff3f","url":"https://fh-eea0b693dc7cff3f---ssrwainadmin-wvn5fhzfsq-uc.a.run.app"},{"revisionName":"ssrwainadmin-00011-vug","tag":"fh-aa185f5f32a79909","url":"https://fh-aa185f5f32a79909---ssrwainadmin-wvn5fhzfsq-uc.a.run.app"},{"revisionName":"ssrwainadmin-00013-miz","tag":"fh-ba1199c4771bb658","url":"https://fh-ba1199c4771bb658---ssrwainadmin-wvn5fhzfsq-uc.a.run.app"},{"revisionName":"ssrwainadmin-00015-bix","tag":"fh-0b315898d9d0dab1","url":"https://fh-0b315898d9d0dab1---ssrwainadmin-wvn5fhzfsq-uc.a.run.app"},{"revisionName":"ssrwainadmin-00017-kap","tag":"fh-428dbb9bf7e3d5ab","url":"https://fh-428dbb9bf7e3d5ab---ssrwainadmin-wvn5fhzfsq-uc.a.run.app"},{"revisionName":"ssrwainadmin-00019-zuy","tag":"fh-3442b45ffb9e9f3e","url":"https://fh-3442b45ffb9e9f3e---ssrwainadmin-wvn5fhzfsq-uc.a.run.app"},{"revisionName":"ssrwainadmin-00021-wik","tag":"fh-4669903df0455378","url":"https://fh-4669903df0455378---ssrwainadmin-wvn5fhzfsq-uc.a.run.app"},{"revisionName":"ssrwainadmin-00023-mag","tag":"fh-aa2c1c02f1ed0476","url":"https://fh-aa2c1c02f1ed0476---ssrwainadmin-wvn5fhzfsq-uc.a.run.app"},{"revisionName":"ssrwainadmin-00026-cor","tag":"fh-326d2b3d7ba2e9ef","url":"https://fh-326d2b3d7ba2e9ef---ssrwainadmin-wvn5fhzfsq-uc.a.run.app"},{"revisionName":"ssrwainadmin-00028-lej","tag":"fh-1d361d1e203d9fda","url":"https://fh-1d361d1e203d9fda---ssrwainadmin-wvn5fhzfsq-uc.a.run.app"},{"revisionName":"ssrwainadmin-00030-wot","tag":"fh-6f652a32554e8dfe","url":"https://fh-6f652a32554e8dfe---ssrwainadmin-wvn5fhzfsq-uc.a.run.app"},{"revisionName":"ssrwainadmin-00032-kod","tag":"fh-92be92cd8c8b37e8","url":"https://fh-92be92cd8c8b37e8---ssrwainadmin-wvn5fhzfsq-uc.a.run.app"},{"revisionName":"ssrwainadmin-00034-gun","tag":"fh-a9db6b465483eaba","url":"https://fh-a9db6b465483eaba---ssrwainadmin-wvn5fhzfsq-uc.a.run.app"},{"revisionName":"ssrwainadmin-00036-pam","tag":"fh-45270ea856bc3c61","url":"https://fh-45270ea856bc3c61---ssrwainadmin-wvn5fhzfsq-uc.a.run.app"},{"revisionName":"ssrwainadmin-00038-pop","tag":"fh-0d492fa2b30328db","url":"https://fh-0d492fa2b30328db---ssrwainadmin-wvn5fhzfsq-uc.a.run.app"},{"revisionName":"ssrwainadmin-00040-kiw","tag":"fh-479ce2748595397a","url":"https://fh-479ce2748595397a---ssrwainadmin-wvn5fhzfsq-uc.a.run.app"},{"revisionName":"ssrwainadmin-00042-kev","tag":"fh-a11625b324506ae3","url":"https://fh-a11625b324506ae3---ssrwainadmin-wvn5fhzfsq-uc.a.run.app"},{"revisionName":"ssrwainadmin-00044-duj","tag":"fh-db8793a4e293242a","url":"https://fh-db8793a4e293242a---ssrwainadmin-wvn5fhzfsq-uc.a.run.app"},{"revisionName":"ssrwainadmin-00046-san","tag":"fh-f6fd98b8b09374e1","url":"https://fh-f6fd98b8b09374e1---ssrwainadmin-wvn5fhzfsq-uc.a.run.app"},{"revisionName":"ssrwainadmin-00048-ved","tag":"fh-86cdd5d350c917e3","url":"https://fh-86cdd5d350c917e3---ssrwainadmin-wvn5fhzfsq-uc.a.run.app"},{"revisionName":"ssrwainadmin-00050-diw","tag":"fh-eaea606c5c8b15a8","url":"https://fh-eaea606c5c8b15a8---ssrwainadmin-wvn5fhzfsq-uc.a.run.app"},{"revisionName":"ssrwainadmin-00052-xin","tag":"fh-8063195206209c84","url":"https://fh-8063195206209c84---ssrwainadmin-wvn5fhzfsq-uc.a.run.app"},{"revisionName":"ssrwainadmin-00054-zen","tag":"fh-6af74c86f4f743d6","url":"https://fh-6af74c86f4f743d6---ssrwainadmin-wvn5fhzfsq-uc.a.run.app"},{"revisionName":"ssrwainadmin-00056-guf","tag":"fh-6986c20d5584ac8e","url":"https://fh-6986c20d5584ac8e---ssrwainadmin-wvn5fhzfsq-uc.a.run.app"},{"revisionName":"ssrwainadmin-00059-tel","tag":"fh-ba0db4e68bfab5bb","url":"https://fh-ba0db4e68bfab5bb---ssrwainadmin-wvn5fhzfsq-uc.a.run.app"},{"revisionName":"ssrwainadmin-00061-vuv","tag":"fh-6783fe19f6f440f7","url":"https://fh-6783fe19f6f440f7---ssrwainadmin-wvn5fhzfsq-uc.a.run.app"},{"revisionName":"ssrwainadmin-00063-fid","tag":"fh-1ae655ff4c727dca","url":"https://fh-1ae655ff4c727dca---ssrwainadmin-wvn5fhzfsq-uc.a.run.app"},{"revisionName":"ssrwainadmin-00065-bum","tag":"fh-2e171e2d2982c186","url":"https://fh-2e171e2d2982c186---ssrwainadmin-wvn5fhzfsq-uc.a.run.app"},{"revisionName":"ssrwainadmin-00067-xig","tag":"fh-809a835117d7ca5d","url":"https://fh-809a835117d7ca5d---ssrwainadmin-wvn5fhzfsq-uc.a.run.app"},{"revisionName":"ssrwainadmin-00069-xug","percent":100,"latestRevision":true}],"url":"https://ssrwainadmin-wvn5fhzfsq-uc.a.run.app","address":{"url":"https://ssrwainadmin-wvn5fhzfsq-uc.a.run.app"}}}
[2026-05-08T12:32:29.344Z] Checked if tokens are valid: true, expires at: 1778247113956
[2026-05-08T12:32:29.344Z] Checked if tokens are valid: true, expires at: 1778247113956
[2026-05-08T12:32:29.344Z] >>> [apiv2][query] PUT https://run.googleapis.com/v1/projects/620614484841/locations/us-central1/services/ssrwainadmin [none]
[2026-05-08T12:32:29.344Z] >>> [apiv2][body] PUT https://run.googleapis.com/v1/projects/620614484841/locations/us-central1/services/ssrwainadmin {"apiVersion":"serving.knative.dev/v1","kind":"Service","metadata":{"name":"ssrwainadmin","namespace":"620614484841","selfLink":"/apis/serving.knative.dev/v1/namespaces/620614484841/services/ssrwainadmin","uid":"bdc58e28-8483-469c-ad6e-ebbd8a11500a","resourceVersion":"AAZRTZbn3tU","generation":69,"labels":{"goog-drz-cloudfunctions-location":"us-central1","firebase-functions-hash":"7ad3330b49780db3985730d1b7cdf5554bbe5744","goog-managed-by":"cloudfunctions","goog-cloudfunctions-runtime":"nodejs22","cloud.googleapis.com/location":"us-central1","goog-drz-cloudfunctions-id":"ssrwainadmin","firebase-functions-codebase":"firebase-frameworks-wain-admin"},"annotations":{"serving.knative.dev/creator":"service-620614484841@gcf-admin-robot.iam.gserviceaccount.com","serving.knative.dev/lastModifier":"service-620614484841@gcf-admin-robot.iam.gserviceaccount.com","run.googleapis.com/custom-audiences":"[\"https://us-central1-wain-d2e28.cloudfunctions.net/ssrwainadmin\"]","run.googleapis.com/client-name":"cli-firebase","cloudfunctions.googleapis.com/function-id":"ssrwainadmin","run.googleapis.com/build-source-location":"gs://gcf-v2-sources-620614484841-us-central1/ssrwainadmin/function-source.zip#1778243349311945","run.googleapis.com/build-environment-variables":"{\"GOOGLE_NODE_RUN_SCRIPTS\":\"\"}","run.googleapis.com/build-function-target":"ssrwainadmin","run.googleapis.com/build-service-account":"projects/wain-d2e28/serviceAccounts/620614484841-compute@developer.gserviceaccount.com","run.googleapis.com/build-enable-automatic-updates":"true","run.googleapis.com/build-base-image":"us-central1-docker.pkg.dev/serverless-runtimes/google-22-full/runtimes/nodejs22","run.googleapis.com/build-image-uri":"us-central1-docker.pkg.dev/wain-d2e28/gcf-artifacts/wain--d2e28__us--central1__ssrwainadmin:version_1","run.googleapis.com/build-name":"projects/620614484841/locations/us-central1/builds/36811141-6bb7-43a1-9dfd-963653b65b6e","run.googleapis.com/operation-id":"6b2c1e5f-9e1a-4a53-b28f-08ab6f786883","run.googleapis.com/ingress":"all","run.googleapis.com/ingress-status":"all","run.googleapis.com/maxScale":"20","run.googleapis.com/urls":"[\"https://ssrwainadmin-620614484841.us-central1.run.app\",\"https://us-central1-wain-d2e28.cloudfunctions.net/ssrwainadmin\",\"https://ssrwainadmin-wvn5fhzfsq-uc.a.run.app\"]"},"creationTimestamp":"2026-04-19T15:35:29.358113Z"},"spec":{"template":{"metadata":{"name":"ssrwainadmin-00069-xug","labels":{"goog-drz-cloudfunctions-location":"us-central1","firebase-functions-hash":"7ad3330b49780db3985730d1b7cdf5554bbe5744","goog-drz-cloudfunctions-id":"ssrwainadmin","firebase-functions-codebase":"firebase-frameworks-wain-admin","run.googleapis.com/startupProbeType":"Default"},"annotations":{"run.googleapis.com/client-name":"cli-firebase","cloudfunctions.googleapis.com/trigger-type":"HTTP_TRIGGER","autoscaling.knative.dev/maxScale":"20","run.googleapis.com/base-images":"{\"worker\":\"us-central1-docker.pkg.dev/serverless-runtimes/google-22-full/runtimes/nodejs22\"}","run.googleapis.com/startup-cpu-boost":"true"}},"spec":{"containerConcurrency":80,"timeoutSeconds":60,"serviceAccountName":"620614484841-compute@developer.gserviceaccount.com","containers":[{"name":"worker","image":"us-central1-docker.pkg.dev/wain-d2e28/gcf-artifacts/wain--d2e28__us--central1__ssrwainadmin:version_1","env":[{"name":"VERCEL_URL","value":"wain-d2e28.web.app"},{"name":"__FIREBASE_FRAMEWORKS_ENTRY__","value":"next.js"},{"name":"__FIREBASE_DEFAULTS__","value":"{\"config\":{\"projectId\":\"wain-d2e28\",\"appId\":\"1:620614484841:web:ac86320829e764bc41b3f8\",\"storageBucket\":\"wain-d2e28.firebasestorage.app\",\"apiKey\":\"AIzaSyC9YKkNcRIbFkVeiO-sBbA2zgJxEzm6rlM\",\"authDomain\":\"wain-d2e28.firebaseapp.com\",\"messagingSenderId\":\"620614484841\",\"measurementId\":\"G-EV5MVJZX2R\",\"projectNumber\":\"620614484841\",\"version\":\"2\"},\"_authTokenSyncURL\":\"/__session\"}"},{"name":"FIREBASE_CONFIG","value":"{\"projectId\":\"wain-d2e28\",\"storageBucket\":\"wain-d2e28.firebasestorage.app\"}"},{"name":"GCLOUD_PROJECT","value":"wain-d2e28"},{"name":"EVENTARC_CLOUD_EVENT_SOURCE","value":"projects/wain-d2e28/locations/us-central1/services/ssrwainadmin"},{"name":"FUNCTION_TARGET","value":"ssrwainadmin"},{"name":"LOG_EXECUTION_ID","value":"true"}],"resources":{"limits":{"cpu":"1","memory":"512Mi"}},"ports":[{"name":"http1","containerPort":8080}],"startupProbe":{"timeoutSeconds":240,"periodSeconds":240,"failureThreshold":1,"tcpSocket":{"port":8080}}}],"runtimeClassName":"run.googleapis.com/linux-base-image-update"}},"traffic":[{"revisionName":"ssrwainadmin-00001-jex","tag":"fh-ac717aae5b7652ac"},{"revisionName":"ssrwainadmin-00003-kos","tag":"fh-e09e2206797c7f2d"},{"revisionName":"ssrwainadmin-00005-rus","tag":"fh-8b4c6931ffea8ddd"},{"revisionName":"ssrwainadmin-00007-gov","tag":"fh-c79287407e850ff0"},{"revisionName":"ssrwainadmin-00009-feq","tag":"fh-eea0b693dc7cff3f"},{"revisionName":"ssrwainadmin-00011-vug","tag":"fh-aa185f5f32a79909"},{"revisionName":"ssrwainadmin-00013-miz","tag":"fh-ba1199c4771bb658"},{"revisionName":"ssrwainadmin-00015-bix","tag":"fh-0b315898d9d0dab1"},{"revisionName":"ssrwainadmin-00017-kap","tag":"fh-428dbb9bf7e3d5ab"},{"revisionName":"ssrwainadmin-00019-zuy","tag":"fh-3442b45ffb9e9f3e"},{"revisionName":"ssrwainadmin-00021-wik","tag":"fh-4669903df0455378"},{"revisionName":"ssrwainadmin-00023-mag","tag":"fh-aa2c1c02f1ed0476"},{"revisionName":"ssrwainadmin-00026-cor","tag":"fh-326d2b3d7ba2e9ef"},{"revisionName":"ssrwainadmin-00028-lej","tag":"fh-1d361d1e203d9fda"},{"revisionName":"ssrwainadmin-00030-wot","tag":"fh-6f652a32554e8dfe"},{"revisionName":"ssrwainadmin-00032-kod","tag":"fh-92be92cd8c8b37e8"},{"revisionName":"ssrwainadmin-00034-gun","tag":"fh-a9db6b465483eaba"},{"revisionName":"ssrwainadmin-00036-pam","tag":"fh-45270ea856bc3c61"},{"revisionName":"ssrwainadmin-00038-pop","tag":"fh-0d492fa2b30328db"},{"revisionName":"ssrwainadmin-00040-kiw","tag":"fh-479ce2748595397a"},{"revisionName":"ssrwainadmin-00042-kev","tag":"fh-a11625b324506ae3"},{"revisionName":"ssrwainadmin-00044-duj","tag":"fh-db8793a4e293242a"},{"revisionName":"ssrwainadmin-00046-san","tag":"fh-f6fd98b8b09374e1"},{"revisionName":"ssrwainadmin-00048-ved","tag":"fh-86cdd5d350c917e3"},{"revisionName":"ssrwainadmin-00050-diw","tag":"fh-eaea606c5c8b15a8"},{"revisionName":"ssrwainadmin-00052-xin","tag":"fh-8063195206209c84"},{"revisionName":"ssrwainadmin-00054-zen","tag":"fh-6af74c86f4f743d6"},{"revisionName":"ssrwainadmin-00056-guf","tag":"fh-6986c20d5584ac8e"},{"revisionName":"ssrwainadmin-00059-tel","tag":"fh-ba0db4e68bfab5bb"},{"revisionName":"ssrwainadmin-00061-vuv","tag":"fh-6783fe19f6f440f7"},{"revisionName":"ssrwainadmin-00063-fid","tag":"fh-1ae655ff4c727dca"},{"revisionName":"ssrwainadmin-00065-bum","tag":"fh-2e171e2d2982c186"},{"revisionName":"ssrwainadmin-00067-xig","tag":"fh-809a835117d7ca5d"},{"percent":100,"latestRevision":true},{"revisionName":"ssrwainadmin-00069-xug","tag":"fh-e1fbe438e21c1ef0"}]}}
[2026-05-08T12:32:30.045Z] <<< [apiv2][status] PATCH https://firebasehosting.googleapis.com/v1beta1/projects/-/sites/wain-d2e28/versions/62c10f342e2d3c6f 200
[2026-05-08T12:32:30.045Z] <<< [apiv2][body] PATCH https://firebasehosting.googleapis.com/v1beta1/projects/-/sites/wain-d2e28/versions/62c10f342e2d3c6f {"name":"projects/620614484841/sites/wain-d2e28/versions/62c10f342e2d3c6f","status":"FINALIZED","config":{"rewrites":[{"glob":"**","path":"/index.html"}]},"labels":{"deployment-tool":"cli-firebase"},"createTime":"2026-05-08T12:28:44.588578Z","createUser":{"email":"basil1222038@gmail.com"},"finalizeTime":"2026-05-08T12:32:30.721378Z","finalizeUser":{"email":"basil1222038@gmail.com"}}
[2026-05-08T12:32:30.045Z] [hosting] finalized version for wain-d2e28:[object Object]
+  hosting[wain-d2e28]: version finalized 
i  hosting[wain-d2e28]: releasing new version... 
[2026-05-08T12:32:30.046Z] Checked if tokens are valid: true, expires at: 1778247113956
[2026-05-08T12:32:30.046Z] Checked if tokens are valid: true, expires at: 1778247113956
[2026-05-08T12:32:30.046Z] >>> [apiv2][query] POST https://firebasehosting.googleapis.com/v1beta1/projects/-/sites/wain-d2e28/channels/live/releases versionName=projects%2F620614484841%2Fsites%2Fwain-d2e28%2Fversions%2F62c10f342e2d3c6f
[2026-05-08T12:32:30.046Z] >>> [apiv2][body] POST https://firebasehosting.googleapis.com/v1beta1/projects/-/sites/wain-d2e28/channels/live/releases {}
[2026-05-08T12:32:30.519Z] <<< [apiv2][status] PUT https://run.googleapis.com/v1/projects/620614484841/locations/us-central1/services/ssrwainadmin 200
[2026-05-08T12:32:30.519Z] <<< [apiv2][body] PUT https://run.googleapis.com/v1/projects/620614484841/locations/us-central1/services/ssrwainadmin {"apiVersion":"serving.knative.dev/v1","kind":"Service","metadata":{"name":"ssrwainadmin","namespace":"620614484841","selfLink":"/apis/serving.knative.dev/v1/namespaces/620614484841/services/ssrwainadmin","uid":"bdc58e28-8483-469c-ad6e-ebbd8a11500a","resourceVersion":"AAZRTZcyMjY","generation":70,"labels":{"goog-managed-by":"cloudfunctions","goog-cloudfunctions-runtime":"nodejs22","cloud.googleapis.com/location":"us-central1","goog-drz-cloudfunctions-location":"us-central1","firebase-functions-hash":"7ad3330b49780db3985730d1b7cdf5554bbe5744","goog-drz-cloudfunctions-id":"ssrwainadmin","firebase-functions-codebase":"firebase-frameworks-wain-admin"},"annotations":{"serving.knative.dev/creator":"service-620614484841@gcf-admin-robot.iam.gserviceaccount.com","serving.knative.dev/lastModifier":"basil1222038@gmail.com","run.googleapis.com/custom-audiences":"[\"https://us-central1-wain-d2e28.cloudfunctions.net/ssrwainadmin\"]","run.googleapis.com/client-name":"cli-firebase","cloudfunctions.googleapis.com/function-id":"ssrwainadmin","run.googleapis.com/build-source-location":"gs://gcf-v2-sources-620614484841-us-central1/ssrwainadmin/function-source.zip#1778243349311945","run.googleapis.com/build-environment-variables":"{\"GOOGLE_NODE_RUN_SCRIPTS\":\"\"}","run.googleapis.com/build-function-target":"ssrwainadmin","run.googleapis.com/build-service-account":"projects/wain-d2e28/serviceAccounts/620614484841-compute@developer.gserviceaccount.com","run.googleapis.com/build-enable-automatic-updates":"true","run.googleapis.com/build-base-image":"us-central1-docker.pkg.dev/serverless-runtimes/google-22-full/runtimes/nodejs22","run.googleapis.com/build-image-uri":"us-central1-docker.pkg.dev/wain-d2e28/gcf-artifacts/wain--d2e28__us--central1__ssrwainadmin:version_1","run.googleapis.com/build-name":"projects/620614484841/locations/us-central1/builds/36811141-6bb7-43a1-9dfd-963653b65b6e","run.googleapis.com/operation-id":"73548fea-422a-4326-9177-e4695ff85318","run.googleapis.com/ingress":"all","run.googleapis.com/ingress-status":"all","run.googleapis.com/maxScale":"20","run.googleapis.com/urls":"[\"https://ssrwainadmin-620614484841.us-central1.run.app\",\"https://us-central1-wain-d2e28.cloudfunctions.net/ssrwainadmin\",\"https://ssrwainadmin-wvn5fhzfsq-uc.a.run.app\"]"},"creationTimestamp":"2026-04-19T15:35:29.358113Z"},"spec":{"template":{"metadata":{"name":"ssrwainadmin-00069-xug","labels":{"goog-drz-cloudfunctions-location":"us-central1","firebase-functions-hash":"7ad3330b49780db3985730d1b7cdf5554bbe5744","goog-drz-cloudfunctions-id":"ssrwainadmin","firebase-functions-codebase":"firebase-frameworks-wain-admin","run.googleapis.com/startupProbeType":"Default"},"annotations":{"run.googleapis.com/client-name":"cli-firebase","cloudfunctions.googleapis.com/trigger-type":"HTTP_TRIGGER","autoscaling.knative.dev/maxScale":"20","run.googleapis.com/base-images":"{\"worker\":\"us-central1-docker.pkg.dev/serverless-runtimes/google-22-full/runtimes/nodejs22\"}","run.googleapis.com/startup-cpu-boost":"true"}},"spec":{"containerConcurrency":80,"timeoutSeconds":60,"serviceAccountName":"620614484841-compute@developer.gserviceaccount.com","containers":[{"name":"worker","image":"us-central1-docker.pkg.dev/wain-d2e28/gcf-artifacts/wain--d2e28__us--central1__ssrwainadmin:version_1","env":[{"name":"VERCEL_URL","value":"wain-d2e28.web.app"},{"name":"__FIREBASE_FRAMEWORKS_ENTRY__","value":"next.js"},{"name":"__FIREBASE_DEFAULTS__","value":"{\"config\":{\"projectId\":\"wain-d2e28\",\"appId\":\"1:620614484841:web:ac86320829e764bc41b3f8\",\"storageBucket\":\"wain-d2e28.firebasestorage.app\",\"apiKey\":\"AIzaSyC9YKkNcRIbFkVeiO-sBbA2zgJxEzm6rlM\",\"authDomain\":\"wain-d2e28.firebaseapp.com\",\"messagingSenderId\":\"620614484841\",\"measurementId\":\"G-EV5MVJZX2R\",\"projectNumber\":\"620614484841\",\"version\":\"2\"},\"_authTokenSyncURL\":\"/__session\"}"},{"name":"FIREBASE_CONFIG","value":"{\"projectId\":\"wain-d2e28\",\"storageBucket\":\"wain-d2e28.firebasestorage.app\"}"},{"name":"GCLOUD_PROJECT","value":"wain-d2e28"},{"name":"EVENTARC_CLOUD_EVENT_SOURCE","value":"projects/wain-d2e28/locations/us-central1/services/ssrwainadmin"},{"name":"FUNCTION_TARGET","value":"ssrwainadmin"},{"name":"LOG_EXECUTION_ID","value":"true"}],"resources":{"limits":{"cpu":"1","memory":"512Mi"}},"ports":[{"name":"http1","containerPort":8080}],"startupProbe":{"timeoutSeconds":240,"periodSeconds":240,"failureThreshold":1,"tcpSocket":{"port":8080}}}],"runtimeClassName":"run.googleapis.com/linux-base-image-update"}},"traffic":[{"revisionName":"ssrwainadmin-00001-jex","tag":"fh-ac717aae5b7652ac"},{"revisionName":"ssrwainadmin-00003-kos","tag":"fh-e09e2206797c7f2d"},{"revisionName":"ssrwainadmin-00005-rus","tag":"fh-8b4c6931ffea8ddd"},{"revisionName":"ssrwainadmin-00007-gov","tag":"fh-c79287407e850ff0"},{"revisionName":"ssrwainadmin-00009-feq","tag":"fh-eea0b693dc7cff3f"},{"revisionName":"ssrwainadmin-00011-vug","tag":"fh-aa185f5f32a79909"},{"revisionName":"ssrwainadmin-00013-miz","tag":"fh-ba1199c4771bb658"},{"revisionName":"ssrwainadmin-00015-bix","tag":"fh-0b315898d9d0dab1"},{"revisionName":"ssrwainadmin-00017-kap","tag":"fh-428dbb9bf7e3d5ab"},{"revisionName":"ssrwainadmin-00019-zuy","tag":"fh-3442b45ffb9e9f3e"},{"revisionName":"ssrwainadmin-00021-wik","tag":"fh-4669903df0455378"},{"revisionName":"ssrwainadmin-00023-mag","tag":"fh-aa2c1c02f1ed0476"},{"revisionName":"ssrwainadmin-00026-cor","tag":"fh-326d2b3d7ba2e9ef"},{"revisionName":"ssrwainadmin-00028-lej","tag":"fh-1d361d1e203d9fda"},{"revisionName":"ssrwainadmin-00030-wot","tag":"fh-6f652a32554e8dfe"},{"revisionName":"ssrwainadmin-00032-kod","tag":"fh-92be92cd8c8b37e8"},{"revisionName":"ssrwainadmin-00034-gun","tag":"fh-a9db6b465483eaba"},{"revisionName":"ssrwainadmin-00036-pam","tag":"fh-45270ea856bc3c61"},{"revisionName":"ssrwainadmin-00038-pop","tag":"fh-0d492fa2b30328db"},{"revisionName":"ssrwainadmin-00040-kiw","tag":"fh-479ce2748595397a"},{"revisionName":"ssrwainadmin-00042-kev","tag":"fh-a11625b324506ae3"},{"revisionName":"ssrwainadmin-00044-duj","tag":"fh-db8793a4e293242a"},{"revisionName":"ssrwainadmin-00046-san","tag":"fh-f6fd98b8b09374e1"},{"revisionName":"ssrwainadmin-00048-ved","tag":"fh-86cdd5d350c917e3"},{"revisionName":"ssrwainadmin-00050-diw","tag":"fh-eaea606c5c8b15a8"},{"revisionName":"ssrwainadmin-00052-xin","tag":"fh-8063195206209c84"},{"revisionName":"ssrwainadmin-00054-zen","tag":"fh-6af74c86f4f743d6"},{"revisionName":"ssrwainadmin-00056-guf","tag":"fh-6986c20d5584ac8e"},{"revisionName":"ssrwainadmin-00059-tel","tag":"fh-ba0db4e68bfab5bb"},{"revisionName":"ssrwainadmin-00061-vuv","tag":"fh-6783fe19f6f440f7"},{"revisionName":"ssrwainadmin-00063-fid","tag":"fh-1ae655ff4c727dca"},{"revisionName":"ssrwainadmin-00065-bum","tag":"fh-2e171e2d2982c186"},{"revisionName":"ssrwainadmin-00067-xig","tag":"fh-809a835117d7ca5d"},{"percent":100,"latestRevision":true},{"revisionName":"ssrwainadmin-00069-xug","tag":"fh-e1fbe438e21c1ef0"}]},"status":{"observedGeneration":69,"conditions":[{"type":"Ready","status":"True","lastTransitionTime":"2026-05-08T12:32:26.373845Z"},{"type":"BaseImageValidated","status":"True","severity":"Info"},{"type":"ConfigurationsReady","status":"True","lastTransitionTime":"2026-05-08T12:32:20.114620Z"},{"type":"RoutesReady","status":"True","lastTransitionTime":"2026-05-08T12:32:26.330531Z"}],"latestReadyRevisionName":"ssrwainadmin-00069-xug","latestCreatedRevisionName":"ssrwainadmin-00069-xug","traffic":[{"revisionName":"ssrwainadmin-00001-jex","tag":"fh-ac717aae5b7652ac","url":"https://fh-ac717aae5b7652ac---ssrwainadmin-wvn5fhzfsq-uc.a.run.app"},{"revisionName":"ssrwainadmin-00003-kos","tag":"fh-e09e2206797c7f2d","url":"https://fh-e09e2206797c7f2d---ssrwainadmin-wvn5fhzfsq-uc.a.run.app"},{"revisionName":"ssrwainadmin-00005-rus","tag":"fh-8b4c6931ffea8ddd","url":"https://fh-8b4c6931ffea8ddd---ssrwainadmin-wvn5fhzfsq-uc.a.run.app"},{"revisionName":"ssrwainadmin-00007-gov","tag":"fh-c79287407e850ff0","url":"https://fh-c79287407e850ff0---ssrwainadmin-wvn5fhzfsq-uc.a.run.app"},{"revisionName":"ssrwainadmin-00009-feq","tag":"fh-eea0b693dc7cff3f","url":"https://fh-eea0b693dc7cff3f---ssrwainadmin-wvn5fhzfsq-uc.a.run.app"},{"revisionName":"ssrwainadmin-00011-vug","tag":"fh-aa185f5f32a79909","url":"https://fh-aa185f5f32a79909---ssrwainadmin-wvn5fhzfsq-uc.a.run.app"},{"revisionName":"ssrwainadmin-00013-miz","tag":"fh-ba1199c4771bb658","url":"https://fh-ba1199c4771bb658---ssrwainadmin-wvn5fhzfsq-uc.a.run.app"},{"revisionName":"ssrwainadmin-00015-bix","tag":"fh-0b315898d9d0dab1","url":"https://fh-0b315898d9d0dab1---ssrwainadmin-wvn5fhzfsq-uc.a.run.app"},{"revisionName":"ssrwainadmin-00017-kap","tag":"fh-428dbb9bf7e3d5ab","url":"https://fh-428dbb9bf7e3d5ab---ssrwainadmin-wvn5fhzfsq-uc.a.run.app"},{"revisionName":"ssrwainadmin-00019-zuy","tag":"fh-3442b45ffb9e9f3e","url":"https://fh-3442b45ffb9e9f3e---ssrwainadmin-wvn5fhzfsq-uc.a.run.app"},{"revisionName":"ssrwainadmin-00021-wik","tag":"fh-4669903df0455378","url":"https://fh-4669903df0455378---ssrwainadmin-wvn5fhzfsq-uc.a.run.app"},{"revisionName":"ssrwainadmin-00023-mag","tag":"fh-aa2c1c02f1ed0476","url":"https://fh-aa2c1c02f1ed0476---ssrwainadmin-wvn5fhzfsq-uc.a.run.app"},{"revisionName":"ssrwainadmin-00026-cor","tag":"fh-326d2b3d7ba2e9ef","url":"https://fh-326d2b3d7ba2e9ef---ssrwainadmin-wvn5fhzfsq-uc.a.run.app"},{"revisionName":"ssrwainadmin-00028-lej","tag":"fh-1d361d1e203d9fda","url":"https://fh-1d361d1e203d9fda---ssrwainadmin-wvn5fhzfsq-uc.a.run.app"},{"revisionName":"ssrwainadmin-00030-wot","tag":"fh-6f652a32554e8dfe","url":"https://fh-6f652a32554e8dfe---ssrwainadmin-wvn5fhzfsq-uc.a.run.app"},{"revisionName":"ssrwainadmin-00032-kod","tag":"fh-92be92cd8c8b37e8","url":"https://fh-92be92cd8c8b37e8---ssrwainadmin-wvn5fhzfsq-uc.a.run.app"},{"revisionName":"ssrwainadmin-00034-gun","tag":"fh-a9db6b465483eaba","url":"https://fh-a9db6b465483eaba---ssrwainadmin-wvn5fhzfsq-uc.a.run.app"},{"revisionName":"ssrwainadmin-00036-pam","tag":"fh-45270ea856bc3c61","url":"https://fh-45270ea856bc3c61---ssrwainadmin-wvn5fhzfsq-uc.a.run.app"},{"revisionName":"ssrwainadmin-00038-pop","tag":"fh-0d492fa2b30328db","url":"https://fh-0d492fa2b30328db---ssrwainadmin-wvn5fhzfsq-uc.a.run.app"},{"revisionName":"ssrwainadmin-00040-kiw","tag":"fh-479ce2748595397a","url":"https://fh-479ce2748595397a---ssrwainadmin-wvn5fhzfsq-uc.a.run.app"},{"revisionName":"ssrwainadmin-00042-kev","tag":"fh-a11625b324506ae3","url":"https://fh-a11625b324506ae3---ssrwainadmin-wvn5fhzfsq-uc.a.run.app"},{"revisionName":"ssrwainadmin-00044-duj","tag":"fh-db8793a4e293242a","url":"https://fh-db8793a4e293242a---ssrwainadmin-wvn5fhzfsq-uc.a.run.app"},{"revisionName":"ssrwainadmin-00046-san","tag":"fh-f6fd98b8b09374e1","url":"https://fh-f6fd98b8b09374e1---ssrwainadmin-wvn5fhzfsq-uc.a.run.app"},{"revisionName":"ssrwainadmin-00048-ved","tag":"fh-86cdd5d350c917e3","url":"https://fh-86cdd5d350c917e3---ssrwainadmin-wvn5fhzfsq-uc.a.run.app"},{"revisionName":"ssrwainadmin-00050-diw","tag":"fh-eaea606c5c8b15a8","url":"https://fh-eaea606c5c8b15a8---ssrwainadmin-wvn5fhzfsq-uc.a.run.app"},{"revisionName":"ssrwainadmin-00052-xin","tag":"fh-8063195206209c84","url":"https://fh-8063195206209c84---ssrwainadmin-wvn5fhzfsq-uc.a.run.app"},{"revisionName":"ssrwainadmin-00054-zen","tag":"fh-6af74c86f4f743d6","url":"https://fh-6af74c86f4f743d6---ssrwainadmin-wvn5fhzfsq-uc.a.run.app"},{"revisionName":"ssrwainadmin-00056-guf","tag":"fh-6986c20d5584ac8e","url":"https://fh-6986c20d5584ac8e---ssrwainadmin-wvn5fhzfsq-uc.a.run.app"},{"revisionName":"ssrwainadmin-00059-tel","tag":"fh-ba0db4e68bfab5bb","url":"https://fh-ba0db4e68bfab5bb---ssrwainadmin-wvn5fhzfsq-uc.a.run.app"},{"revisionName":"ssrwainadmin-00061-vuv","tag":"fh-6783fe19f6f440f7","url":"https://fh-6783fe19f6f440f7---ssrwainadmin-wvn5fhzfsq-uc.a.run.app"},{"revisionName":"ssrwainadmin-00063-fid","tag":"fh-1ae655ff4c727dca","url":"https://fh-1ae655ff4c727dca---ssrwainadmin-wvn5fhzfsq-uc.a.run.app"},{"revisionName":"ssrwainadmin-00065-bum","tag":"fh-2e171e2d2982c186","url":"https://fh-2e171e2d2982c186---ssrwainadmin-wvn5fhzfsq-uc.a.run.app"},{"revisionName":"ssrwainadmin-00067-xig","tag":"fh-809a835117d7ca5d","url":"https://fh-809a835117d7ca5d---ssrwainadmin-wvn5fhzfsq-uc.a.run.app"},{"revisionName":"ssrwainadmin-00069-xug","percent":100,"latestRevision":true}],"url":"https://ssrwainadmin-wvn5fhzfsq-uc.a.run.app","address":{"url":"https://ssrwainadmin-wvn5fhzfsq-uc.a.run.app"}}}
[2026-05-08T12:32:30.519Z] Service ssrwainadmin is not resolved becauseobserved generation 69 does not match spec generation 70
[2026-05-08T12:32:30.536Z] Checked if tokens are valid: true, expires at: 1778247113956
[2026-05-08T12:32:30.536Z] Checked if tokens are valid: true, expires at: 1778247113956
[2026-05-08T12:32:30.536Z] >>> [apiv2][query] GET https://run.googleapis.com/v1/projects/620614484841/locations/us-central1/services/ssrwainadmin [none]
[2026-05-08T12:32:31.452Z] <<< [apiv2][status] POST https://firebasehosting.googleapis.com/v1beta1/projects/-/sites/wain-d2e28/channels/live/releases 200
[2026-05-08T12:32:31.452Z] <<< [apiv2][body] POST https://firebasehosting.googleapis.com/v1beta1/projects/-/sites/wain-d2e28/channels/live/releases {"name":"projects/620614484841/sites/wain-d2e28/channels/live/releases/1778243551185000","version":{"name":"projects/620614484841/sites/wain-d2e28/versions/62c10f342e2d3c6f","status":"FINALIZED","config":{"rewrites":[{"glob":"**","path":"/index.html"}]},"labels":{"deployment-tool":"cli-firebase"},"createTime":"2026-05-08T12:28:44.588578Z","createUser":{"email":"basil1222038@gmail.com","imageUrl":"https://lh3.googleusercontent.com/a/ACg8ocKrS7FknMpgMk4MwyGvjuUNqcZAttx3uzGjTX7HT-Fm0byWqjUN"},"finalizeTime":"2026-05-08T12:32:30.721378Z","finalizeUser":{"email":"basil1222038@gmail.com","imageUrl":"https://lh3.googleusercontent.com/a/ACg8ocKrS7FknMpgMk4MwyGvjuUNqcZAttx3uzGjTX7HT-Fm0byWqjUN"}},"type":"DEPLOY","releaseTime":"2026-05-08T12:32:31.185Z","releaseUser":{"email":"basil1222038@gmail.com","imageUrl":"https://lh3.googleusercontent.com/a/ACg8ocKrS7FknMpgMk4MwyGvjuUNqcZAttx3uzGjTX7HT-Fm0byWqjUN"}}
[2026-05-08T12:32:31.452Z] [hosting] release: {"name":"projects/620614484841/sites/wain-d2e28/channels/live/releases/1778243551185000","version":{"name":"projects/620614484841/sites/wain-d2e28/versions/62c10f342e2d3c6f","status":"FINALIZED","config":{"rewrites":[{"glob":"**","path":"/index.html"}]},"labels":{"deployment-tool":"cli-firebase"},"createTime":"2026-05-08T12:28:44.588578Z","createUser":{"email":"basil1222038@gmail.com","imageUrl":"https://lh3.googleusercontent.com/a/ACg8ocKrS7FknMpgMk4MwyGvjuUNqcZAttx3uzGjTX7HT-Fm0byWqjUN"},"finalizeTime":"2026-05-08T12:32:30.721378Z","finalizeUser":{"email":"basil1222038@gmail.com","imageUrl":"https://lh3.googleusercontent.com/a/ACg8ocKrS7FknMpgMk4MwyGvjuUNqcZAttx3uzGjTX7HT-Fm0byWqjUN"}},"type":"DEPLOY","releaseTime":"2026-05-08T12:32:31.185Z","releaseUser":{"email":"basil1222038@gmail.com","imageUrl":"https://lh3.googleusercontent.com/a/ACg8ocKrS7FknMpgMk4MwyGvjuUNqcZAttx3uzGjTX7HT-Fm0byWqjUN"}}
+  hosting[wain-d2e28]: release complete 
[2026-05-08T12:32:31.539Z] <<< [apiv2][status] GET https://run.googleapis.com/v1/projects/620614484841/locations/us-central1/services/ssrwainadmin 200
[2026-05-08T12:32:31.539Z] <<< [apiv2][body] GET https://run.googleapis.com/v1/projects/620614484841/locations/us-central1/services/ssrwainadmin {"apiVersion":"serving.knative.dev/v1","kind":"Service","metadata":{"name":"ssrwainadmin","namespace":"620614484841","selfLink":"/apis/serving.knative.dev/v1/namespaces/620614484841/services/ssrwainadmin","uid":"bdc58e28-8483-469c-ad6e-ebbd8a11500a","resourceVersion":"AAZRTZc2CkE","generation":70,"labels":{"goog-managed-by":"cloudfunctions","goog-cloudfunctions-runtime":"nodejs22","cloud.googleapis.com/location":"us-central1","goog-drz-cloudfunctions-location":"us-central1","firebase-functions-hash":"7ad3330b49780db3985730d1b7cdf5554bbe5744","goog-drz-cloudfunctions-id":"ssrwainadmin","firebase-functions-codebase":"firebase-frameworks-wain-admin"},"annotations":{"serving.knative.dev/creator":"service-620614484841@gcf-admin-robot.iam.gserviceaccount.com","serving.knative.dev/lastModifier":"basil1222038@gmail.com","run.googleapis.com/custom-audiences":"[\"https://us-central1-wain-d2e28.cloudfunctions.net/ssrwainadmin\"]","run.googleapis.com/client-name":"cli-firebase","cloudfunctions.googleapis.com/function-id":"ssrwainadmin","run.googleapis.com/build-source-location":"gs://gcf-v2-sources-620614484841-us-central1/ssrwainadmin/function-source.zip#1778243349311945","run.googleapis.com/build-environment-variables":"{\"GOOGLE_NODE_RUN_SCRIPTS\":\"\"}","run.googleapis.com/build-function-target":"ssrwainadmin","run.googleapis.com/build-service-account":"projects/wain-d2e28/serviceAccounts/620614484841-compute@developer.gserviceaccount.com","run.googleapis.com/build-enable-automatic-updates":"true","run.googleapis.com/build-base-image":"us-central1-docker.pkg.dev/serverless-runtimes/google-22-full/runtimes/nodejs22","run.googleapis.com/build-image-uri":"us-central1-docker.pkg.dev/wain-d2e28/gcf-artifacts/wain--d2e28__us--central1__ssrwainadmin:version_1","run.googleapis.com/build-name":"projects/620614484841/locations/us-central1/builds/36811141-6bb7-43a1-9dfd-963653b65b6e","run.googleapis.com/operation-id":"73548fea-422a-4326-9177-e4695ff85318","run.googleapis.com/ingress":"all","run.googleapis.com/ingress-status":"all","run.googleapis.com/maxScale":"20","run.googleapis.com/urls":"[\"https://ssrwainadmin-620614484841.us-central1.run.app\",\"https://us-central1-wain-d2e28.cloudfunctions.net/ssrwainadmin\",\"https://ssrwainadmin-wvn5fhzfsq-uc.a.run.app\"]"},"creationTimestamp":"2026-04-19T15:35:29.358113Z"},"spec":{"template":{"metadata":{"name":"ssrwainadmin-00069-xug","labels":{"goog-drz-cloudfunctions-location":"us-central1","firebase-functions-hash":"7ad3330b49780db3985730d1b7cdf5554bbe5744","goog-drz-cloudfunctions-id":"ssrwainadmin","firebase-functions-codebase":"firebase-frameworks-wain-admin","run.googleapis.com/startupProbeType":"Default"},"annotations":{"run.googleapis.com/client-name":"cli-firebase","cloudfunctions.googleapis.com/trigger-type":"HTTP_TRIGGER","autoscaling.knative.dev/maxScale":"20","run.googleapis.com/base-images":"{\"worker\":\"us-central1-docker.pkg.dev/serverless-runtimes/google-22-full/runtimes/nodejs22\"}","run.googleapis.com/startup-cpu-boost":"true"}},"spec":{"containerConcurrency":80,"timeoutSeconds":60,"serviceAccountName":"620614484841-compute@developer.gserviceaccount.com","containers":[{"name":"worker","image":"us-central1-docker.pkg.dev/wain-d2e28/gcf-artifacts/wain--d2e28__us--central1__ssrwainadmin:version_1","env":[{"name":"VERCEL_URL","value":"wain-d2e28.web.app"},{"name":"__FIREBASE_FRAMEWORKS_ENTRY__","value":"next.js"},{"name":"__FIREBASE_DEFAULTS__","value":"{\"config\":{\"projectId\":\"wain-d2e28\",\"appId\":\"1:620614484841:web:ac86320829e764bc41b3f8\",\"storageBucket\":\"wain-d2e28.firebasestorage.app\",\"apiKey\":\"AIzaSyC9YKkNcRIbFkVeiO-sBbA2zgJxEzm6rlM\",\"authDomain\":\"wain-d2e28.firebaseapp.com\",\"messagingSenderId\":\"620614484841\",\"measurementId\":\"G-EV5MVJZX2R\",\"projectNumber\":\"620614484841\",\"version\":\"2\"},\"_authTokenSyncURL\":\"/__session\"}"},{"name":"FIREBASE_CONFIG","value":"{\"projectId\":\"wain-d2e28\",\"storageBucket\":\"wain-d2e28.firebasestorage.app\"}"},{"name":"GCLOUD_PROJECT","value":"wain-d2e28"},{"name":"EVENTARC_CLOUD_EVENT_SOURCE","value":"projects/wain-d2e28/locations/us-central1/services/ssrwainadmin"},{"name":"FUNCTION_TARGET","value":"ssrwainadmin"},{"name":"LOG_EXECUTION_ID","value":"true"}],"resources":{"limits":{"cpu":"1","memory":"512Mi"}},"ports":[{"name":"http1","containerPort":8080}],"startupProbe":{"timeoutSeconds":240,"periodSeconds":240,"failureThreshold":1,"tcpSocket":{"port":8080}}}],"runtimeClassName":"run.googleapis.com/linux-base-image-update"}},"traffic":[{"revisionName":"ssrwainadmin-00001-jex","tag":"fh-ac717aae5b7652ac"},{"revisionName":"ssrwainadmin-00003-kos","tag":"fh-e09e2206797c7f2d"},{"revisionName":"ssrwainadmin-00005-rus","tag":"fh-8b4c6931ffea8ddd"},{"revisionName":"ssrwainadmin-00007-gov","tag":"fh-c79287407e850ff0"},{"revisionName":"ssrwainadmin-00009-feq","tag":"fh-eea0b693dc7cff3f"},{"revisionName":"ssrwainadmin-00011-vug","tag":"fh-aa185f5f32a79909"},{"revisionName":"ssrwainadmin-00013-miz","tag":"fh-ba1199c4771bb658"},{"revisionName":"ssrwainadmin-00015-bix","tag":"fh-0b315898d9d0dab1"},{"revisionName":"ssrwainadmin-00017-kap","tag":"fh-428dbb9bf7e3d5ab"},{"revisionName":"ssrwainadmin-00019-zuy","tag":"fh-3442b45ffb9e9f3e"},{"revisionName":"ssrwainadmin-00021-wik","tag":"fh-4669903df0455378"},{"revisionName":"ssrwainadmin-00023-mag","tag":"fh-aa2c1c02f1ed0476"},{"revisionName":"ssrwainadmin-00026-cor","tag":"fh-326d2b3d7ba2e9ef"},{"revisionName":"ssrwainadmin-00028-lej","tag":"fh-1d361d1e203d9fda"},{"revisionName":"ssrwainadmin-00030-wot","tag":"fh-6f652a32554e8dfe"},{"revisionName":"ssrwainadmin-00032-kod","tag":"fh-92be92cd8c8b37e8"},{"revisionName":"ssrwainadmin-00034-gun","tag":"fh-a9db6b465483eaba"},{"revisionName":"ssrwainadmin-00036-pam","tag":"fh-45270ea856bc3c61"},{"revisionName":"ssrwainadmin-00038-pop","tag":"fh-0d492fa2b30328db"},{"revisionName":"ssrwainadmin-00040-kiw","tag":"fh-479ce2748595397a"},{"revisionName":"ssrwainadmin-00042-kev","tag":"fh-a11625b324506ae3"},{"revisionName":"ssrwainadmin-00044-duj","tag":"fh-db8793a4e293242a"},{"revisionName":"ssrwainadmin-00046-san","tag":"fh-f6fd98b8b09374e1"},{"revisionName":"ssrwainadmin-00048-ved","tag":"fh-86cdd5d350c917e3"},{"revisionName":"ssrwainadmin-00050-diw","tag":"fh-eaea606c5c8b15a8"},{"revisionName":"ssrwainadmin-00052-xin","tag":"fh-8063195206209c84"},{"revisionName":"ssrwainadmin-00054-zen","tag":"fh-6af74c86f4f743d6"},{"revisionName":"ssrwainadmin-00056-guf","tag":"fh-6986c20d5584ac8e"},{"revisionName":"ssrwainadmin-00059-tel","tag":"fh-ba0db4e68bfab5bb"},{"revisionName":"ssrwainadmin-00061-vuv","tag":"fh-6783fe19f6f440f7"},{"revisionName":"ssrwainadmin-00063-fid","tag":"fh-1ae655ff4c727dca"},{"revisionName":"ssrwainadmin-00065-bum","tag":"fh-2e171e2d2982c186"},{"revisionName":"ssrwainadmin-00067-xig","tag":"fh-809a835117d7ca5d"},{"percent":100,"latestRevision":true},{"revisionName":"ssrwainadmin-00069-xug","tag":"fh-e1fbe438e21c1ef0"}]},"status":{"observedGeneration":70,"conditions":[{"type":"Ready","status":"Unknown","reason":"AssigningTraffic","message":"Assigning traffic to latest specified targets.","lastTransitionTime":"2026-05-08T12:32:31.461431Z"},{"type":"BaseImageValidated","status":"True","severity":"Info"},{"type":"ConfigurationsReady","status":"True","lastTransitionTime":"2026-05-08T12:32:20.114620Z"},{"type":"RoutesReady","status":"Unknown","reason":"AssigningTraffic","message":"Assigning traffic to latest specified targets.","lastTransitionTime":"2026-05-08T12:32:31.461431Z"}],"latestReadyRevisionName":"ssrwainadmin-00069-xug","latestCreatedRevisionName":"ssrwainadmin-00069-xug","traffic":[{"revisionName":"ssrwainadmin-00001-jex","tag":"fh-ac717aae5b7652ac","url":"https://fh-ac717aae5b7652ac---ssrwainadmin-wvn5fhzfsq-uc.a.run.app"},{"revisionName":"ssrwainadmin-00003-kos","tag":"fh-e09e2206797c7f2d","url":"https://fh-e09e2206797c7f2d---ssrwainadmin-wvn5fhzfsq-uc.a.run.app"},{"revisionName":"ssrwainadmin-00005-rus","tag":"fh-8b4c6931ffea8ddd","url":"https://fh-8b4c6931ffea8ddd---ssrwainadmin-wvn5fhzfsq-uc.a.run.app"},{"revisionName":"ssrwainadmin-00007-gov","tag":"fh-c79287407e850ff0","url":"https://fh-c79287407e850ff0---ssrwainadmin-wvn5fhzfsq-uc.a.run.app"},{"revisionName":"ssrwainadmin-00009-feq","tag":"fh-eea0b693dc7cff3f","url":"https://fh-eea0b693dc7cff3f---ssrwainadmin-wvn5fhzfsq-uc.a.run.app"},{"revisionName":"ssrwainadmin-00011-vug","tag":"fh-aa185f5f32a79909","url":"https://fh-aa185f5f32a79909---ssrwainadmin-wvn5fhzfsq-uc.a.run.app"},{"revisionName":"ssrwainadmin-00013-miz","tag":"fh-ba1199c4771bb658","url":"https://fh-ba1199c4771bb658---ssrwainadmin-wvn5fhzfsq-uc.a.run.app"},{"revisionName":"ssrwainadmin-00015-bix","tag":"fh-0b315898d9d0dab1","url":"https://fh-0b315898d9d0dab1---ssrwainadmin-wvn5fhzfsq-uc.a.run.app"},{"revisionName":"ssrwainadmin-00017-kap","tag":"fh-428dbb9bf7e3d5ab","url":"https://fh-428dbb9bf7e3d5ab---ssrwainadmin-wvn5fhzfsq-uc.a.run.app"},{"revisionName":"ssrwainadmin-00019-zuy","tag":"fh-3442b45ffb9e9f3e","url":"https://fh-3442b45ffb9e9f3e---ssrwainadmin-wvn5fhzfsq-uc.a.run.app"},{"revisionName":"ssrwainadmin-00021-wik","tag":"fh-4669903df0455378","url":"https://fh-4669903df0455378---ssrwainadmin-wvn5fhzfsq-uc.a.run.app"},{"revisionName":"ssrwainadmin-00023-mag","tag":"fh-aa2c1c02f1ed0476","url":"https://fh-aa2c1c02f1ed0476---ssrwainadmin-wvn5fhzfsq-uc.a.run.app"},{"revisionName":"ssrwainadmin-00026-cor","tag":"fh-326d2b3d7ba2e9ef","url":"https://fh-326d2b3d7ba2e9ef---ssrwainadmin-wvn5fhzfsq-uc.a.run.app"},{"revisionName":"ssrwainadmin-00028-lej","tag":"fh-1d361d1e203d9fda","url":"https://fh-1d361d1e203d9fda---ssrwainadmin-wvn5fhzfsq-uc.a.run.app"},{"revisionName":"ssrwainadmin-00030-wot","tag":"fh-6f652a32554e8dfe","url":"https://fh-6f652a32554e8dfe---ssrwainadmin-wvn5fhzfsq-uc.a.run.app"},{"revisionName":"ssrwainadmin-00032-kod","tag":"fh-92be92cd8c8b37e8","url":"https://fh-92be92cd8c8b37e8---ssrwainadmin-wvn5fhzfsq-uc.a.run.app"},{"revisionName":"ssrwainadmin-00034-gun","tag":"fh-a9db6b465483eaba","url":"https://fh-a9db6b465483eaba---ssrwainadmin-wvn5fhzfsq-uc.a.run.app"},{"revisionName":"ssrwainadmin-00036-pam","tag":"fh-45270ea856bc3c61","url":"https://fh-45270ea856bc3c61---ssrwainadmin-wvn5fhzfsq-uc.a.run.app"},{"revisionName":"ssrwainadmin-00038-pop","tag":"fh-0d492fa2b30328db","url":"https://fh-0d492fa2b30328db---ssrwainadmin-wvn5fhzfsq-uc.a.run.app"},{"revisionName":"ssrwainadmin-00040-kiw","tag":"fh-479ce2748595397a","url":"https://fh-479ce2748595397a---ssrwainadmin-wvn5fhzfsq-uc.a.run.app"},{"revisionName":"ssrwainadmin-00042-kev","tag":"fh-a11625b324506ae3","url":"https://fh-a11625b324506ae3---ssrwainadmin-wvn5fhzfsq-uc.a.run.app"},{"revisionName":"ssrwainadmin-00044-duj","tag":"fh-db8793a4e293242a","url":"https://fh-db8793a4e293242a---ssrwainadmin-wvn5fhzfsq-uc.a.run.app"},{"revisionName":"ssrwainadmin-00046-san","tag":"fh-f6fd98b8b09374e1","url":"https://fh-f6fd98b8b09374e1---ssrwainadmin-wvn5fhzfsq-uc.a.run.app"},{"revisionName":"ssrwainadmin-00048-ved","tag":"fh-86cdd5d350c917e3","url":"https://fh-86cdd5d350c917e3---ssrwainadmin-wvn5fhzfsq-uc.a.run.app"},{"revisionName":"ssrwainadmin-00050-diw","tag":"fh-eaea606c5c8b15a8","url":"https://fh-eaea606c5c8b15a8---ssrwainadmin-wvn5fhzfsq-uc.a.run.app"},{"revisionName":"ssrwainadmin-00052-xin","tag":"fh-8063195206209c84","url":"https://fh-8063195206209c84---ssrwainadmin-wvn5fhzfsq-uc.a.run.app"},{"revisionName":"ssrwainadmin-00054-zen","tag":"fh-6af74c86f4f743d6","url":"https://fh-6af74c86f4f743d6---ssrwainadmin-wvn5fhzfsq-uc.a.run.app"},{"revisionName":"ssrwainadmin-00056-guf","tag":"fh-6986c20d5584ac8e","url":"https://fh-6986c20d5584ac8e---ssrwainadmin-wvn5fhzfsq-uc.a.run.app"},{"revisionName":"ssrwainadmin-00059-tel","tag":"fh-ba0db4e68bfab5bb","url":"https://fh-ba0db4e68bfab5bb---ssrwainadmin-wvn5fhzfsq-uc.a.run.app"},{"revisionName":"ssrwainadmin-00061-vuv","tag":"fh-6783fe19f6f440f7","url":"https://fh-6783fe19f6f440f7---ssrwainadmin-wvn5fhzfsq-uc.a.run.app"},{"revisionName":"ssrwainadmin-00063-fid","tag":"fh-1ae655ff4c727dca","url":"https://fh-1ae655ff4c727dca---ssrwainadmin-wvn5fhzfsq-uc.a.run.app"},{"revisionName":"ssrwainadmin-00065-bum","tag":"fh-2e171e2d2982c186","url":"https://fh-2e171e2d2982c186---ssrwainadmin-wvn5fhzfsq-uc.a.run.app"},{"revisionName":"ssrwainadmin-00067-xig","tag":"fh-809a835117d7ca5d","url":"https://fh-809a835117d7ca5d---ssrwainadmin-wvn5fhzfsq-uc.a.run.app"},{"revisionName":"ssrwainadmin-00069-xug","percent":100,"tag":"fh-e1fbe438e21c1ef0","latestRevision":true,"url":"https://fh-e1fbe438e21c1ef0---ssrwainadmin-wvn5fhzfsq-uc.a.run.app"}],"url":"https://ssrwainadmin-wvn5fhzfsq-uc.a.run.app","address":{"url":"https://ssrwainadmin-wvn5fhzfsq-uc.a.run.app"}}}
[2026-05-08T12:32:31.540Z] Waiting for service ssrwainadmin to be ready. Status is [{"type":"Ready","status":"Unknown","reason":"AssigningTraffic","message":"Assigning traffic to latest specified targets.","lastTransitionTime":"2026-05-08T12:32:31.461431Z"},{"type":"BaseImageValidated","status":"True","severity":"Info"},{"type":"ConfigurationsReady","status":"True","lastTransitionTime":"2026-05-08T12:32:20.114620Z"},{"type":"RoutesReady","status":"Unknown","reason":"AssigningTraffic","message":"Assigning traffic to latest specified targets.","lastTransitionTime":"2026-05-08T12:32:31.461431Z"}]
[2026-05-08T12:32:31.552Z] Checked if tokens are valid: true, expires at: 1778247113956
[2026-05-08T12:32:31.553Z] Checked if tokens are valid: true, expires at: 1778247113956
[2026-05-08T12:32:31.553Z] >>> [apiv2][query] GET https://run.googleapis.com/v1/projects/620614484841/locations/us-central1/services/ssrwainadmin [none]
[2026-05-08T12:32:32.549Z] <<< [apiv2][status] GET https://run.googleapis.com/v1/projects/620614484841/locations/us-central1/services/ssrwainadmin 200
[2026-05-08T12:32:32.549Z] <<< [apiv2][body] GET https://run.googleapis.com/v1/projects/620614484841/locations/us-central1/services/ssrwainadmin {"apiVersion":"serving.knative.dev/v1","kind":"Service","metadata":{"name":"ssrwainadmin","namespace":"620614484841","selfLink":"/apis/serving.knative.dev/v1/namespaces/620614484841/services/ssrwainadmin","uid":"bdc58e28-8483-469c-ad6e-ebbd8a11500a","resourceVersion":"AAZRTZdIHS4","generation":70,"labels":{"goog-managed-by":"cloudfunctions","goog-cloudfunctions-runtime":"nodejs22","cloud.googleapis.com/location":"us-central1","goog-drz-cloudfunctions-location":"us-central1","firebase-functions-hash":"7ad3330b49780db3985730d1b7cdf5554bbe5744","goog-drz-cloudfunctions-id":"ssrwainadmin","firebase-functions-codebase":"firebase-frameworks-wain-admin"},"annotations":{"serving.knative.dev/creator":"service-620614484841@gcf-admin-robot.iam.gserviceaccount.com","serving.knative.dev/lastModifier":"basil1222038@gmail.com","run.googleapis.com/custom-audiences":"[\"https://us-central1-wain-d2e28.cloudfunctions.net/ssrwainadmin\"]","run.googleapis.com/client-name":"cli-firebase","cloudfunctions.googleapis.com/function-id":"ssrwainadmin","run.googleapis.com/build-source-location":"gs://gcf-v2-sources-620614484841-us-central1/ssrwainadmin/function-source.zip#1778243349311945","run.googleapis.com/build-environment-variables":"{\"GOOGLE_NODE_RUN_SCRIPTS\":\"\"}","run.googleapis.com/build-function-target":"ssrwainadmin","run.googleapis.com/build-service-account":"projects/wain-d2e28/serviceAccounts/620614484841-compute@developer.gserviceaccount.com","run.googleapis.com/build-enable-automatic-updates":"true","run.googleapis.com/build-base-image":"us-central1-docker.pkg.dev/serverless-runtimes/google-22-full/runtimes/nodejs22","run.googleapis.com/build-image-uri":"us-central1-docker.pkg.dev/wain-d2e28/gcf-artifacts/wain--d2e28__us--central1__ssrwainadmin:version_1","run.googleapis.com/build-name":"projects/620614484841/locations/us-central1/builds/36811141-6bb7-43a1-9dfd-963653b65b6e","run.googleapis.com/operation-id":"73548fea-422a-4326-9177-e4695ff85318","run.googleapis.com/ingress":"all","run.googleapis.com/ingress-status":"all","run.googleapis.com/maxScale":"20","run.googleapis.com/urls":"[\"https://ssrwainadmin-620614484841.us-central1.run.app\",\"https://us-central1-wain-d2e28.cloudfunctions.net/ssrwainadmin\",\"https://ssrwainadmin-wvn5fhzfsq-uc.a.run.app\"]"},"creationTimestamp":"2026-04-19T15:35:29.358113Z"},"spec":{"template":{"metadata":{"name":"ssrwainadmin-00069-xug","labels":{"goog-drz-cloudfunctions-location":"us-central1","firebase-functions-hash":"7ad3330b49780db3985730d1b7cdf5554bbe5744","goog-drz-cloudfunctions-id":"ssrwainadmin","firebase-functions-codebase":"firebase-frameworks-wain-admin","run.googleapis.com/startupProbeType":"Default"},"annotations":{"run.googleapis.com/client-name":"cli-firebase","cloudfunctions.googleapis.com/trigger-type":"HTTP_TRIGGER","autoscaling.knative.dev/maxScale":"20","run.googleapis.com/base-images":"{\"worker\":\"us-central1-docker.pkg.dev/serverless-runtimes/google-22-full/runtimes/nodejs22\"}","run.googleapis.com/startup-cpu-boost":"true"}},"spec":{"containerConcurrency":80,"timeoutSeconds":60,"serviceAccountName":"620614484841-compute@developer.gserviceaccount.com","containers":[{"name":"worker","image":"us-central1-docker.pkg.dev/wain-d2e28/gcf-artifacts/wain--d2e28__us--central1__ssrwainadmin:version_1","env":[{"name":"VERCEL_URL","value":"wain-d2e28.web.app"},{"name":"__FIREBASE_FRAMEWORKS_ENTRY__","value":"next.js"},{"name":"__FIREBASE_DEFAULTS__","value":"{\"config\":{\"projectId\":\"wain-d2e28\",\"appId\":\"1:620614484841:web:ac86320829e764bc41b3f8\",\"storageBucket\":\"wain-d2e28.firebasestorage.app\",\"apiKey\":\"AIzaSyC9YKkNcRIbFkVeiO-sBbA2zgJxEzm6rlM\",\"authDomain\":\"wain-d2e28.firebaseapp.com\",\"messagingSenderId\":\"620614484841\",\"measurementId\":\"G-EV5MVJZX2R\",\"projectNumber\":\"620614484841\",\"version\":\"2\"},\"_authTokenSyncURL\":\"/__session\"}"},{"name":"FIREBASE_CONFIG","value":"{\"projectId\":\"wain-d2e28\",\"storageBucket\":\"wain-d2e28.firebasestorage.app\"}"},{"name":"GCLOUD_PROJECT","value":"wain-d2e28"},{"name":"EVENTARC_CLOUD_EVENT_SOURCE","value":"projects/wain-d2e28/locations/us-central1/services/ssrwainadmin"},{"name":"FUNCTION_TARGET","value":"ssrwainadmin"},{"name":"LOG_EXECUTION_ID","value":"true"}],"resources":{"limits":{"cpu":"1","memory":"512Mi"}},"ports":[{"name":"http1","containerPort":8080}],"startupProbe":{"timeoutSeconds":240,"periodSeconds":240,"failureThreshold":1,"tcpSocket":{"port":8080}}}],"runtimeClassName":"run.googleapis.com/linux-base-image-update"}},"traffic":[{"revisionName":"ssrwainadmin-00001-jex","tag":"fh-ac717aae5b7652ac"},{"revisionName":"ssrwainadmin-00003-kos","tag":"fh-e09e2206797c7f2d"},{"revisionName":"ssrwainadmin-00005-rus","tag":"fh-8b4c6931ffea8ddd"},{"revisionName":"ssrwainadmin-00007-gov","tag":"fh-c79287407e850ff0"},{"revisionName":"ssrwainadmin-00009-feq","tag":"fh-eea0b693dc7cff3f"},{"revisionName":"ssrwainadmin-00011-vug","tag":"fh-aa185f5f32a79909"},{"revisionName":"ssrwainadmin-00013-miz","tag":"fh-ba1199c4771bb658"},{"revisionName":"ssrwainadmin-00015-bix","tag":"fh-0b315898d9d0dab1"},{"revisionName":"ssrwainadmin-00017-kap","tag":"fh-428dbb9bf7e3d5ab"},{"revisionName":"ssrwainadmin-00019-zuy","tag":"fh-3442b45ffb9e9f3e"},{"revisionName":"ssrwainadmin-00021-wik","tag":"fh-4669903df0455378"},{"revisionName":"ssrwainadmin-00023-mag","tag":"fh-aa2c1c02f1ed0476"},{"revisionName":"ssrwainadmin-00026-cor","tag":"fh-326d2b3d7ba2e9ef"},{"revisionName":"ssrwainadmin-00028-lej","tag":"fh-1d361d1e203d9fda"},{"revisionName":"ssrwainadmin-00030-wot","tag":"fh-6f652a32554e8dfe"},{"revisionName":"ssrwainadmin-00032-kod","tag":"fh-92be92cd8c8b37e8"},{"revisionName":"ssrwainadmin-00034-gun","tag":"fh-a9db6b465483eaba"},{"revisionName":"ssrwainadmin-00036-pam","tag":"fh-45270ea856bc3c61"},{"revisionName":"ssrwainadmin-00038-pop","tag":"fh-0d492fa2b30328db"},{"revisionName":"ssrwainadmin-00040-kiw","tag":"fh-479ce2748595397a"},{"revisionName":"ssrwainadmin-00042-kev","tag":"fh-a11625b324506ae3"},{"revisionName":"ssrwainadmin-00044-duj","tag":"fh-db8793a4e293242a"},{"revisionName":"ssrwainadmin-00046-san","tag":"fh-f6fd98b8b09374e1"},{"revisionName":"ssrwainadmin-00048-ved","tag":"fh-86cdd5d350c917e3"},{"revisionName":"ssrwainadmin-00050-diw","tag":"fh-eaea606c5c8b15a8"},{"revisionName":"ssrwainadmin-00052-xin","tag":"fh-8063195206209c84"},{"revisionName":"ssrwainadmin-00054-zen","tag":"fh-6af74c86f4f743d6"},{"revisionName":"ssrwainadmin-00056-guf","tag":"fh-6986c20d5584ac8e"},{"revisionName":"ssrwainadmin-00059-tel","tag":"fh-ba0db4e68bfab5bb"},{"revisionName":"ssrwainadmin-00061-vuv","tag":"fh-6783fe19f6f440f7"},{"revisionName":"ssrwainadmin-00063-fid","tag":"fh-1ae655ff4c727dca"},{"revisionName":"ssrwainadmin-00065-bum","tag":"fh-2e171e2d2982c186"},{"revisionName":"ssrwainadmin-00067-xig","tag":"fh-809a835117d7ca5d"},{"percent":100,"latestRevision":true},{"revisionName":"ssrwainadmin-00069-xug","tag":"fh-e1fbe438e21c1ef0"}]},"status":{"observedGeneration":70,"conditions":[{"type":"Ready","status":"True","lastTransitionTime":"2026-05-08T12:32:32.681262Z"},{"type":"BaseImageValidated","status":"True","severity":"Info"},{"type":"ConfigurationsReady","status":"True","lastTransitionTime":"2026-05-08T12:32:20.114620Z"},{"type":"RoutesReady","status":"True","lastTransitionTime":"2026-05-08T12:32:32.650341Z"}],"latestReadyRevisionName":"ssrwainadmin-00069-xug","latestCreatedRevisionName":"ssrwainadmin-00069-xug","traffic":[{"revisionName":"ssrwainadmin-00001-jex","tag":"fh-ac717aae5b7652ac","url":"https://fh-ac717aae5b7652ac---ssrwainadmin-wvn5fhzfsq-uc.a.run.app"},{"revisionName":"ssrwainadmin-00003-kos","tag":"fh-e09e2206797c7f2d","url":"https://fh-e09e2206797c7f2d---ssrwainadmin-wvn5fhzfsq-uc.a.run.app"},{"revisionName":"ssrwainadmin-00005-rus","tag":"fh-8b4c6931ffea8ddd","url":"https://fh-8b4c6931ffea8ddd---ssrwainadmin-wvn5fhzfsq-uc.a.run.app"},{"revisionName":"ssrwainadmin-00007-gov","tag":"fh-c79287407e850ff0","url":"https://fh-c79287407e850ff0---ssrwainadmin-wvn5fhzfsq-uc.a.run.app"},{"revisionName":"ssrwainadmin-00009-feq","tag":"fh-eea0b693dc7cff3f","url":"https://fh-eea0b693dc7cff3f---ssrwainadmin-wvn5fhzfsq-uc.a.run.app"},{"revisionName":"ssrwainadmin-00011-vug","tag":"fh-aa185f5f32a79909","url":"https://fh-aa185f5f32a79909---ssrwainadmin-wvn5fhzfsq-uc.a.run.app"},{"revisionName":"ssrwainadmin-00013-miz","tag":"fh-ba1199c4771bb658","url":"https://fh-ba1199c4771bb658---ssrwainadmin-wvn5fhzfsq-uc.a.run.app"},{"revisionName":"ssrwainadmin-00015-bix","tag":"fh-0b315898d9d0dab1","url":"https://fh-0b315898d9d0dab1---ssrwainadmin-wvn5fhzfsq-uc.a.run.app"},{"revisionName":"ssrwainadmin-00017-kap","tag":"fh-428dbb9bf7e3d5ab","url":"https://fh-428dbb9bf7e3d5ab---ssrwainadmin-wvn5fhzfsq-uc.a.run.app"},{"revisionName":"ssrwainadmin-00019-zuy","tag":"fh-3442b45ffb9e9f3e","url":"https://fh-3442b45ffb9e9f3e---ssrwainadmin-wvn5fhzfsq-uc.a.run.app"},{"revisionName":"ssrwainadmin-00021-wik","tag":"fh-4669903df0455378","url":"https://fh-4669903df0455378---ssrwainadmin-wvn5fhzfsq-uc.a.run.app"},{"revisionName":"ssrwainadmin-00023-mag","tag":"fh-aa2c1c02f1ed0476","url":"https://fh-aa2c1c02f1ed0476---ssrwainadmin-wvn5fhzfsq-uc.a.run.app"},{"revisionName":"ssrwainadmin-00026-cor","tag":"fh-326d2b3d7ba2e9ef","url":"https://fh-326d2b3d7ba2e9ef---ssrwainadmin-wvn5fhzfsq-uc.a.run.app"},{"revisionName":"ssrwainadmin-00028-lej","tag":"fh-1d361d1e203d9fda","url":"https://fh-1d361d1e203d9fda---ssrwainadmin-wvn5fhzfsq-uc.a.run.app"},{"revisionName":"ssrwainadmin-00030-wot","tag":"fh-6f652a32554e8dfe","url":"https://fh-6f652a32554e8dfe---ssrwainadmin-wvn5fhzfsq-uc.a.run.app"},{"revisionName":"ssrwainadmin-00032-kod","tag":"fh-92be92cd8c8b37e8","url":"https://fh-92be92cd8c8b37e8---ssrwainadmin-wvn5fhzfsq-uc.a.run.app"},{"revisionName":"ssrwainadmin-00034-gun","tag":"fh-a9db6b465483eaba","url":"https://fh-a9db6b465483eaba---ssrwainadmin-wvn5fhzfsq-uc.a.run.app"},{"revisionName":"ssrwainadmin-00036-pam","tag":"fh-45270ea856bc3c61","url":"https://fh-45270ea856bc3c61---ssrwainadmin-wvn5fhzfsq-uc.a.run.app"},{"revisionName":"ssrwainadmin-00038-pop","tag":"fh-0d492fa2b30328db","url":"https://fh-0d492fa2b30328db---ssrwainadmin-wvn5fhzfsq-uc.a.run.app"},{"revisionName":"ssrwainadmin-00040-kiw","tag":"fh-479ce2748595397a","url":"https://fh-479ce2748595397a---ssrwainadmin-wvn5fhzfsq-uc.a.run.app"},{"revisionName":"ssrwainadmin-00042-kev","tag":"fh-a11625b324506ae3","url":"https://fh-a11625b324506ae3---ssrwainadmin-wvn5fhzfsq-uc.a.run.app"},{"revisionName":"ssrwainadmin-00044-duj","tag":"fh-db8793a4e293242a","url":"https://fh-db8793a4e293242a---ssrwainadmin-wvn5fhzfsq-uc.a.run.app"},{"revisionName":"ssrwainadmin-00046-san","tag":"fh-f6fd98b8b09374e1","url":"https://fh-f6fd98b8b09374e1---ssrwainadmin-wvn5fhzfsq-uc.a.run.app"},{"revisionName":"ssrwainadmin-00048-ved","tag":"fh-86cdd5d350c917e3","url":"https://fh-86cdd5d350c917e3---ssrwainadmin-wvn5fhzfsq-uc.a.run.app"},{"revisionName":"ssrwainadmin-00050-diw","tag":"fh-eaea606c5c8b15a8","url":"https://fh-eaea606c5c8b15a8---ssrwainadmin-wvn5fhzfsq-uc.a.run.app"},{"revisionName":"ssrwainadmin-00052-xin","tag":"fh-8063195206209c84","url":"https://fh-8063195206209c84---ssrwainadmin-wvn5fhzfsq-uc.a.run.app"},{"revisionName":"ssrwainadmin-00054-zen","tag":"fh-6af74c86f4f743d6","url":"https://fh-6af74c86f4f743d6---ssrwainadmin-wvn5fhzfsq-uc.a.run.app"},{"revisionName":"ssrwainadmin-00056-guf","tag":"fh-6986c20d5584ac8e","url":"https://fh-6986c20d5584ac8e---ssrwainadmin-wvn5fhzfsq-uc.a.run.app"},{"revisionName":"ssrwainadmin-00059-tel","tag":"fh-ba0db4e68bfab5bb","url":"https://fh-ba0db4e68bfab5bb---ssrwainadmin-wvn5fhzfsq-uc.a.run.app"},{"revisionName":"ssrwainadmin-00061-vuv","tag":"fh-6783fe19f6f440f7","url":"https://fh-6783fe19f6f440f7---ssrwainadmin-wvn5fhzfsq-uc.a.run.app"},{"revisionName":"ssrwainadmin-00063-fid","tag":"fh-1ae655ff4c727dca","url":"https://fh-1ae655ff4c727dca---ssrwainadmin-wvn5fhzfsq-uc.a.run.app"},{"revisionName":"ssrwainadmin-00065-bum","tag":"fh-2e171e2d2982c186","url":"https://fh-2e171e2d2982c186---ssrwainadmin-wvn5fhzfsq-uc.a.run.app"},{"revisionName":"ssrwainadmin-00067-xig","tag":"fh-809a835117d7ca5d","url":"https://fh-809a835117d7ca5d---ssrwainadmin-wvn5fhzfsq-uc.a.run.app"},{"revisionName":"ssrwainadmin-00069-xug","percent":100,"tag":"fh-e1fbe438e21c1ef0","latestRevision":true,"url":"https://fh-e1fbe438e21c1ef0---ssrwainadmin-wvn5fhzfsq-uc.a.run.app"}],"url":"https://ssrwainadmin-wvn5fhzfsq-uc.a.run.app","address":{"url":"https://ssrwainadmin-wvn5fhzfsq-uc.a.run.app"}}}
[2026-05-08T12:32:32.550Z] Checked if tokens are valid: true, expires at: 1778247113956
[2026-05-08T12:32:32.550Z] Checked if tokens are valid: true, expires at: 1778247113956
[2026-05-08T12:32:32.550Z] >>> [apiv2][query] PATCH https://firebasehosting.googleapis.com/v1beta1/projects/-/sites/wain-admin/versions/e1fbe438e21c1ef0 updateMask=status%2Cconfig
[2026-05-08T12:32:32.550Z] >>> [apiv2][body] PATCH https://firebasehosting.googleapis.com/v1beta1/projects/-/sites/wain-admin/versions/e1fbe438e21c1ef0 {"status":"FINALIZED","config":{"rewrites":[{"glob":"**","run":{"serviceId":"ssrwainadmin","region":"us-central1","tag":"fh-e1fbe438e21c1ef0"}}],"redirects":[],"headers":[{"glob":"**","headers":{"Content-Security-Policy":"default-src 'self'; base-uri 'self'; object-src 'none'; frame-ancestors 'none'; form-action 'self'; img-src 'self' data: blob: https:; font-src 'self' data: https:; script-src 'self' 'unsafe-inline' 'unsafe-eval' https:; style-src 'self' 'unsafe-inline' https:; connect-src 'self' https: wss: ws:; upgrade-insecure-requests","Content-Security-Policy-Report-Only":"default-src 'self'; base-uri 'self'; object-src 'none'; frame-ancestors 'none'; form-action 'self'; img-src 'self' data: blob: https:; font-src 'self' data: https:; script-src 'self' 'unsafe-inline' https://www.gstatic.com https://www.googletagmanager.com https://www.google-analytics.com; style-src 'self' https:; connect-src 'self' https: wss: ws:","Strict-Transport-Security":"max-age=31536000; includeSubDomains","Permissions-Policy":"camera=(), microphone=(), geolocation=(), payment=(), usb=(), browsing-topics=()","X-Content-Type-Options":"nosniff","X-Frame-Options":"DENY","Referrer-Policy":"strict-origin-when-cross-origin","Cross-Origin-Opener-Policy":"same-origin"}},{"glob":"/:path*","headers":{"Content-Security-Policy":"default-src 'self'; base-uri 'self'; object-src 'none'; frame-ancestors 'none'; form-action 'self'; img-src 'self' data: blob: https:; font-src 'self' data: https:; script-src 'self' 'unsafe-inline' 'unsafe-eval' https:; style-src 'self' 'unsafe-inline' https:; connect-src 'self' https: wss: ws:; upgrade-insecure-requests","Content-Security-Policy-Report-Only":"default-src 'self'; base-uri 'self'; object-src 'none'; frame-ancestors 'none'; form-action 'self'; img-src 'self' data: blob: https:; font-src 'self' data: https:; script-src 'self' 'unsafe-inline' https://www.gstatic.com https://www.googletagmanager.com https://www.google-analytics.com; style-src 'self' https:; connect-src 'self' https: wss: ws:","Strict-Transport-Security":"max-age=31536000; includeSubDomains","Permissions-Policy":"camera=(), microphone=(), geolocation=(), payment=(), usb=(), browsing-topics=()","X-Content-Type-Options":"nosniff","X-Frame-Options":"DENY","Referrer-Policy":"strict-origin-when-cross-origin","Cross-Origin-Opener-Policy":"same-origin"}},{"glob":"/_not-found","headers":{"x-next-cache-tags":"_N_T_/layout,_N_T_/_not-found/layout,_N_T_/_not-found/page,_N_T_/_not-found"}},{"glob":"**/*.[jt]s","headers":{"Set-Cookie":"__FIREBASE_DEFAULTS__=eyJjb25maWciOnsicHJvamVjdElkIjoid2Fpbi1kMmUyOCIsImFwcElkIjoiMTo2MjA2MTQ0ODQ4NDE6d2ViOmFjODYzMjA4MjllNzY0YmM0MWIzZjgiLCJzdG9yYWdlQnVja2V0Ijoid2Fpbi1kMmUyOC5maXJlYmFzZXN0b3JhZ2UuYXBwIiwiYXBpS2V5IjoiQUl6YVN5QzlZS2tOY1JJYkZrVmVpTy1zQmJBMnpnSnhFem02cmxNIiwiYXV0aERvbWFpbiI6IndhaW4tZDJlMjguZmlyZWJhc2VhcHAuY29tIiwibWVzc2FnaW5nU2VuZGVySWQiOiI2MjA2MTQ0ODQ4NDEiLCJtZWFzdXJlbWVudElkIjoiRy1FVjVNVkpaWDJSIiwicHJvamVjdE51bWJlciI6IjYyMDYxNDQ4NDg0MSIsInZlcnNpb24iOiIyIn0sIl9hdXRoVG9rZW5TeW5jVVJMIjoiL19fc2Vzc2lvbiJ9; SameSite=Strict; Expires=2028-04-01T23:08:13.574Z; Path=/;"}}],"cleanUrls":true,"trailingSlashBehavior":"REMOVE"}}
[2026-05-08T12:32:34.352Z] <<< [apiv2][status] PATCH https://firebasehosting.googleapis.com/v1beta1/projects/-/sites/wain-admin/versions/e1fbe438e21c1ef0 200
[2026-05-08T12:32:34.352Z] <<< [apiv2][body] PATCH https://firebasehosting.googleapis.com/v1beta1/projects/-/sites/wain-admin/versions/e1fbe438e21c1ef0 {"name":"projects/620614484841/sites/wain-admin/versions/e1fbe438e21c1ef0","status":"FINALIZED","config":{"headers":[{"headers":{"Content-Security-Policy":"default-src 'self'; base-uri 'self'; object-src 'none'; frame-ancestors 'none'; form-action 'self'; img-src 'self' data: blob: https:; font-src 'self' data: https:; script-src 'self' 'unsafe-inline' 'unsafe-eval' https:; style-src 'self' 'unsafe-inline' https:; connect-src 'self' https: wss: ws:; upgrade-insecure-requests","Content-Security-Policy-Report-Only":"default-src 'self'; base-uri 'self'; object-src 'none'; frame-ancestors 'none'; form-action 'self'; img-src 'self' data: blob: https:; font-src 'self' data: https:; script-src 'self' 'unsafe-inline' https://www.gstatic.com https://www.googletagmanager.com https://www.google-analytics.com; style-src 'self' https:; connect-src 'self' https: wss: ws:","Strict-Transport-Security":"max-age=31536000; includeSubDomains","Permissions-Policy":"camera=(), microphone=(), geolocation=(), payment=(), usb=(), browsing-topics=()","X-Content-Type-Options":"nosniff","X-Frame-Options":"DENY","Referrer-Policy":"strict-origin-when-cross-origin","Cross-Origin-Opener-Policy":"same-origin"},"glob":"**"},{"headers":{"Content-Security-Policy-Report-Only":"default-src 'self'; base-uri 'self'; object-src 'none'; frame-ancestors 'none'; form-action 'self'; img-src 'self' data: blob: https:; font-src 'self' data: https:; script-src 'self' 'unsafe-inline' https://www.gstatic.com https://www.googletagmanager.com https://www.google-analytics.com; style-src 'self' https:; connect-src 'self' https: wss: ws:","Strict-Transport-Security":"max-age=31536000; includeSubDomains","Permissions-Policy":"camera=(), microphone=(), geolocation=(), payment=(), usb=(), browsing-topics=()","X-Content-Type-Options":"nosniff","X-Frame-Options":"DENY","Referrer-Policy":"strict-origin-when-cross-origin","Cross-Origin-Opener-Policy":"same-origin","Content-Security-Policy":"default-src 'self'; base-uri 'self'; object-src 'none'; frame-ancestors 'none'; form-action 'self'; img-src 'self' data: blob: https:; font-src 'self' data: https:; script-src 'self' 'unsafe-inline' 'unsafe-eval' https:; style-src 'self' 'unsafe-inline' https:; connect-src 'self' https: wss: ws:; upgrade-insecure-requests"},"glob":"/:path*"},{"headers":{"x-next-cache-tags":"_N_T_/layout,_N_T_/_not-found/layout,_N_T_/_not-found/page,_N_T_/_not-found"},"glob":"/_not-found"},{"headers":{"Set-Cookie":"__FIREBASE_DEFAULTS__=eyJjb25maWciOnsicHJvamVjdElkIjoid2Fpbi1kMmUyOCIsImFwcElkIjoiMTo2MjA2MTQ0ODQ4NDE6d2ViOmFjODYzMjA4MjllNzY0YmM0MWIzZjgiLCJzdG9yYWdlQnVja2V0Ijoid2Fpbi1kMmUyOC5maXJlYmFzZXN0b3JhZ2UuYXBwIiwiYXBpS2V5IjoiQUl6YVN5QzlZS2tOY1JJYkZrVmVpTy1zQmJBMnpnSnhFem02cmxNIiwiYXV0aERvbWFpbiI6IndhaW4tZDJlMjguZmlyZWJhc2VhcHAuY29tIiwibWVzc2FnaW5nU2VuZGVySWQiOiI2MjA2MTQ0ODQ4NDEiLCJtZWFzdXJlbWVudElkIjoiRy1FVjVNVkpaWDJSIiwicHJvamVjdE51bWJlciI6IjYyMDYxNDQ4NDg0MSIsInZlcnNpb24iOiIyIn0sIl9hdXRoVG9rZW5TeW5jVVJMIjoiL19fc2Vzc2lvbiJ9; SameSite=Strict; Expires=2028-04-01T23:08:13.574Z; Path=/;"},"glob":"**/*.[jt]s"}],"rewrites":[{"glob":"**","run":{"serviceId":"ssrwainadmin","region":"us-central1","tag":"fh-e1fbe438e21c1ef0"}}],"cleanUrls":true,"trailingSlashBehavior":"REMOVE"},"labels":{"firebase-web-framework":"next_ssr","deployment-tool":"cli-firebase"},"createTime":"2026-05-08T12:28:44.717735Z","createUser":{"email":"basil1222038@gmail.com"},"finalizeTime":"2026-05-08T12:32:35.019194Z","finalizeUser":{"email":"basil1222038@gmail.com"}}
[2026-05-08T12:32:34.352Z] [hosting] finalized version for wain-admin:[object Object]
+  hosting[wain-admin]: version finalized 
i  hosting[wain-admin]: releasing new version... 
[2026-05-08T12:32:34.352Z] Checked if tokens are valid: true, expires at: 1778247113956
[2026-05-08T12:32:34.352Z] Checked if tokens are valid: true, expires at: 1778247113956
[2026-05-08T12:32:34.352Z] >>> [apiv2][query] POST https://firebasehosting.googleapis.com/v1beta1/projects/-/sites/wain-admin/channels/live/releases versionName=projects%2F620614484841%2Fsites%2Fwain-admin%2Fversions%2Fe1fbe438e21c1ef0
[2026-05-08T12:32:34.352Z] >>> [apiv2][body] POST https://firebasehosting.googleapis.com/v1beta1/projects/-/sites/wain-admin/channels/live/releases {}
[2026-05-08T12:32:36.475Z] <<< [apiv2][status] POST https://firebasehosting.googleapis.com/v1beta1/projects/-/sites/wain-admin/channels/live/releases 200
[2026-05-08T12:32:36.475Z] <<< [apiv2][body] POST https://firebasehosting.googleapis.com/v1beta1/projects/-/sites/wain-admin/channels/live/releases {"name":"projects/620614484841/sites/wain-admin/channels/live/releases/1778243556183000","version":{"name":"projects/620614484841/sites/wain-admin/versions/e1fbe438e21c1ef0","status":"FINALIZED","config":{"headers":[{"headers":{"Cross-Origin-Opener-Policy":"same-origin","Content-Security-Policy":"default-src 'self'; base-uri 'self'; object-src 'none'; frame-ancestors 'none'; form-action 'self'; img-src 'self' data: blob: https:; font-src 'self' data: https:; script-src 'self' 'unsafe-inline' 'unsafe-eval' https:; style-src 'self' 'unsafe-inline' https:; connect-src 'self' https: wss: ws:; upgrade-insecure-requests","Content-Security-Policy-Report-Only":"default-src 'self'; base-uri 'self'; object-src 'none'; frame-ancestors 'none'; form-action 'self'; img-src 'self' data: blob: https:; font-src 'self' data: https:; script-src 'self' 'unsafe-inline' https://www.gstatic.com https://www.googletagmanager.com https://www.google-analytics.com; style-src 'self' https:; connect-src 'self' https: wss: ws:","Strict-Transport-Security":"max-age=31536000; includeSubDomains","Permissions-Policy":"camera=(), microphone=(), geolocation=(), payment=(), usb=(), browsing-topics=()","X-Content-Type-Options":"nosniff","X-Frame-Options":"DENY","Referrer-Policy":"strict-origin-when-cross-origin"},"glob":"**"},{"headers":{"Strict-Transport-Security":"max-age=31536000; includeSubDomains","Permissions-Policy":"camera=(), microphone=(), geolocation=(), payment=(), usb=(), browsing-topics=()","X-Content-Type-Options":"nosniff","X-Frame-Options":"DENY","Referrer-Policy":"strict-origin-when-cross-origin","Cross-Origin-Opener-Policy":"same-origin","Content-Security-Policy":"default-src 'self'; base-uri 'self'; object-src 'none'; frame-ancestors 'none'; form-action 'self'; img-src 'self' data: blob: https:; font-src 'self' data: https:; script-src 'self' 'unsafe-inline' 'unsafe-eval' https:; style-src 'self' 'unsafe-inline' https:; connect-src 'self' https: wss: ws:; upgrade-insecure-requests","Content-Security-Policy-Report-Only":"default-src 'self'; base-uri 'self'; object-src 'none'; frame-ancestors 'none'; form-action 'self'; img-src 'self' data: blob: https:; font-src 'self' data: https:; script-src 'self' 'unsafe-inline' https://www.gstatic.com https://www.googletagmanager.com https://www.google-analytics.com; style-src 'self' https:; connect-src 'self' https: wss: ws:"},"glob":"/:path*"},{"headers":{"x-next-cache-tags":"_N_T_/layout,_N_T_/_not-found/layout,_N_T_/_not-found/page,_N_T_/_not-found"},"glob":"/_not-found"},{"headers":{"Set-Cookie":"__FIREBASE_DEFAULTS__=eyJjb25maWciOnsicHJvamVjdElkIjoid2Fpbi1kMmUyOCIsImFwcElkIjoiMTo2MjA2MTQ0ODQ4NDE6d2ViOmFjODYzMjA4MjllNzY0YmM0MWIzZjgiLCJzdG9yYWdlQnVja2V0Ijoid2Fpbi1kMmUyOC5maXJlYmFzZXN0b3JhZ2UuYXBwIiwiYXBpS2V5IjoiQUl6YVN5QzlZS2tOY1JJYkZrVmVpTy1zQmJBMnpnSnhFem02cmxNIiwiYXV0aERvbWFpbiI6IndhaW4tZDJlMjguZmlyZWJhc2VhcHAuY29tIiwibWVzc2FnaW5nU2VuZGVySWQiOiI2MjA2MTQ0ODQ4NDEiLCJtZWFzdXJlbWVudElkIjoiRy1FVjVNVkpaWDJSIiwicHJvamVjdE51bWJlciI6IjYyMDYxNDQ4NDg0MSIsInZlcnNpb24iOiIyIn0sIl9hdXRoVG9rZW5TeW5jVVJMIjoiL19fc2Vzc2lvbiJ9; SameSite=Strict; Expires=2028-04-01T23:08:13.574Z; Path=/;"},"glob":"**/*.[jt]s"}],"rewrites":[{"glob":"**","run":{"serviceId":"ssrwainadmin","region":"us-central1","tag":"fh-e1fbe438e21c1ef0"}}],"cleanUrls":true,"trailingSlashBehavior":"REMOVE"},"labels":{"firebase-web-framework":"next_ssr","deployment-tool":"cli-firebase"},"createTime":"2026-05-08T12:28:44.717735Z","createUser":{"email":"basil1222038@gmail.com","imageUrl":"https://lh3.googleusercontent.com/a/ACg8ocKrS7FknMpgMk4MwyGvjuUNqcZAttx3uzGjTX7HT-Fm0byWqjUN"},"finalizeTime":"2026-05-08T12:32:35.019194Z","finalizeUser":{"email":"basil1222038@gmail.com","imageUrl":"https://lh3.googleusercontent.com/a/ACg8ocKrS7FknMpgMk4MwyGvjuUNqcZAttx3uzGjTX7HT-Fm0byWqjUN"}},"type":"DEPLOY","releaseTime":"2026-05-08T12:32:36.183Z","releaseUser":{"email":"basil1222038@gmail.com","imageUrl":"https://lh3.googleusercontent.com/a/ACg8ocKrS7FknMpgMk4MwyGvjuUNqcZAttx3uzGjTX7HT-Fm0byWqjUN"}}
[2026-05-08T12:32:36.475Z] [hosting] release: {"name":"projects/620614484841/sites/wain-admin/channels/live/releases/1778243556183000","version":{"name":"projects/620614484841/sites/wain-admin/versions/e1fbe438e21c1ef0","status":"FINALIZED","config":{"headers":[{"headers":{"Cross-Origin-Opener-Policy":"same-origin","Content-Security-Policy":"default-src 'self'; base-uri 'self'; object-src 'none'; frame-ancestors 'none'; form-action 'self'; img-src 'self' data: blob: https:; font-src 'self' data: https:; script-src 'self' 'unsafe-inline' 'unsafe-eval' https:; style-src 'self' 'unsafe-inline' https:; connect-src 'self' https: wss: ws:; upgrade-insecure-requests","Content-Security-Policy-Report-Only":"default-src 'self'; base-uri 'self'; object-src 'none'; frame-ancestors 'none'; form-action 'self'; img-src 'self' data: blob: https:; font-src 'self' data: https:; script-src 'self' 'unsafe-inline' https://www.gstatic.com https://www.googletagmanager.com https://www.google-analytics.com; style-src 'self' https:; connect-src 'self' https: wss: ws:","Strict-Transport-Security":"max-age=31536000; includeSubDomains","Permissions-Policy":"camera=(), microphone=(), geolocation=(), payment=(), usb=(), browsing-topics=()","X-Content-Type-Options":"nosniff","X-Frame-Options":"DENY","Referrer-Policy":"strict-origin-when-cross-origin"},"glob":"**"},{"headers":{"Strict-Transport-Security":"max-age=31536000; includeSubDomains","Permissions-Policy":"camera=(), microphone=(), geolocation=(), payment=(), usb=(), browsing-topics=()","X-Content-Type-Options":"nosniff","X-Frame-Options":"DENY","Referrer-Policy":"strict-origin-when-cross-origin","Cross-Origin-Opener-Policy":"same-origin","Content-Security-Policy":"default-src 'self'; base-uri 'self'; object-src 'none'; frame-ancestors 'none'; form-action 'self'; img-src 'self' data: blob: https:; font-src 'self' data: https:; script-src 'self' 'unsafe-inline' 'unsafe-eval' https:; style-src 'self' 'unsafe-inline' https:; connect-src 'self' https: wss: ws:; upgrade-insecure-requests","Content-Security-Policy-Report-Only":"default-src 'self'; base-uri 'self'; object-src 'none'; frame-ancestors 'none'; form-action 'self'; img-src 'self' data: blob: https:; font-src 'self' data: https:; script-src 'self' 'unsafe-inline' https://www.gstatic.com https://www.googletagmanager.com https://www.google-analytics.com; style-src 'self' https:; connect-src 'self' https: wss: ws:"},"glob":"/:path*"},{"headers":{"x-next-cache-tags":"_N_T_/layout,_N_T_/_not-found/layout,_N_T_/_not-found/page,_N_T_/_not-found"},"glob":"/_not-found"},{"headers":{"Set-Cookie":"__FIREBASE_DEFAULTS__=eyJjb25maWciOnsicHJvamVjdElkIjoid2Fpbi1kMmUyOCIsImFwcElkIjoiMTo2MjA2MTQ0ODQ4NDE6d2ViOmFjODYzMjA4MjllNzY0YmM0MWIzZjgiLCJzdG9yYWdlQnVja2V0Ijoid2Fpbi1kMmUyOC5maXJlYmFzZXN0b3JhZ2UuYXBwIiwiYXBpS2V5IjoiQUl6YVN5QzlZS2tOY1JJYkZrVmVpTy1zQmJBMnpnSnhFem02cmxNIiwiYXV0aERvbWFpbiI6IndhaW4tZDJlMjguZmlyZWJhc2VhcHAuY29tIiwibWVzc2FnaW5nU2VuZGVySWQiOiI2MjA2MTQ0ODQ4NDEiLCJtZWFzdXJlbWVudElkIjoiRy1FVjVNVkpaWDJSIiwicHJvamVjdE51bWJlciI6IjYyMDYxNDQ4NDg0MSIsInZlcnNpb24iOiIyIn0sIl9hdXRoVG9rZW5TeW5jVVJMIjoiL19fc2Vzc2lvbiJ9; SameSite=Strict; Expires=2028-04-01T23:08:13.574Z; Path=/;"},"glob":"**/*.[jt]s"}],"rewrites":[{"glob":"**","run":{"serviceId":"ssrwainadmin","region":"us-central1","tag":"fh-e1fbe438e21c1ef0"}}],"cleanUrls":true,"trailingSlashBehavior":"REMOVE"},"labels":{"firebase-web-framework":"next_ssr","deployment-tool":"cli-firebase"},"createTime":"2026-05-08T12:28:44.717735Z","createUser":{"email":"basil1222038@gmail.com","imageUrl":"https://lh3.googleusercontent.com/a/ACg8ocKrS7FknMpgMk4MwyGvjuUNqcZAttx3uzGjTX7HT-Fm0byWqjUN"},"finalizeTime":"2026-05-08T12:32:35.019194Z","finalizeUser":{"email":"basil1222038@gmail.com","imageUrl":"https://lh3.googleusercontent.com/a/ACg8ocKrS7FknMpgMk4MwyGvjuUNqcZAttx3uzGjTX7HT-Fm0byWqjUN"}},"type":"DEPLOY","releaseTime":"2026-05-08T12:32:36.183Z","releaseUser":{"email":"basil1222038@gmail.com","imageUrl":"https://lh3.googleusercontent.com/a/ACg8ocKrS7FknMpgMk4MwyGvjuUNqcZAttx3uzGjTX7HT-Fm0byWqjUN"}}
+  hosting[wain-admin]: release complete 

+  Deploy complete! 

Project Console: https://console.firebase.google.com/project/wain-d2e28/overview
Hosting URL: https://wain-d2e28.web.app
Hosting URL: https://wain-admin.web.app
