[2026-05-07T17:12:52.024Z] > command requires scopes: ["email","openid","https://www.googleapis.com/auth/cloudplatformprojects.readonly","https://www.googleapis.com/auth/firebase","https://www.googleapis.com/auth/cloud-platform"]
[2026-05-07T17:12:52.024Z] > authorizing via signed-in user (basil1222038@gmail.com)
[2026-05-07T17:12:52.025Z] [iam] checking project wain-d2e28 for permissions ["firebase.projects.get","firebasehosting.sites.update"]
[2026-05-07T17:12:52.025Z] Checked if tokens are valid: true, expires at: 1778175781006
[2026-05-07T17:12:52.025Z] Checked if tokens are valid: true, expires at: 1778175781006
[2026-05-07T17:12:52.026Z] >>> [apiv2][query] POST https://cloudresourcemanager.googleapis.com/v1/projects/wain-d2e28:testIamPermissions [none]
[2026-05-07T17:12:52.026Z] >>> [apiv2][(partial)header] POST https://cloudresourcemanager.googleapis.com/v1/projects/wain-d2e28:testIamPermissions  x-goog-user-project=wain-d2e28
[2026-05-07T17:12:52.026Z] >>> [apiv2][body] POST https://cloudresourcemanager.googleapis.com/v1/projects/wain-d2e28:testIamPermissions {"permissions":["firebase.projects.get","firebasehosting.sites.update"]}
[2026-05-07T17:12:53.091Z] <<< [apiv2][status] POST https://cloudresourcemanager.googleapis.com/v1/projects/wain-d2e28:testIamPermissions 200
[2026-05-07T17:12:53.091Z] <<< [apiv2][body] POST https://cloudresourcemanager.googleapis.com/v1/projects/wain-d2e28:testIamPermissions {"permissions":["firebase.projects.get","firebasehosting.sites.update"]}
[2026-05-07T17:12:53.092Z] Checked if tokens are valid: true, expires at: 1778175781006
[2026-05-07T17:12:53.092Z] Checked if tokens are valid: true, expires at: 1778175781006
[2026-05-07T17:12:53.092Z] >>> [apiv2][query] GET https://firebase.googleapis.com/v1beta1/projects/wain-d2e28 [none]
[2026-05-07T17:12:53.478Z] <<< [apiv2][status] GET https://firebase.googleapis.com/v1beta1/projects/wain-d2e28 200
[2026-05-07T17:12:53.479Z] <<< [apiv2][body] GET https://firebase.googleapis.com/v1beta1/projects/wain-d2e28 {"projectId":"wain-d2e28","projectNumber":"620614484841","displayName":"wain","name":"projects/wain-d2e28","resources":{"hostingSite":"wain-d2e28"},"state":"ACTIVE","etag":"1_72509c41-4f1e-45ef-afde-807b7ed55cf2"}
[2026-05-07T17:12:55.270Z] defaultcredentials: writing to file C:\Users\a-z\AppData\Roaming\firebase\basil1222038_gmail_com_application_default_credentials.json
[2026-05-07T17:12:55.271Z] Checked if tokens are valid: true, expires at: 1778175781006
[2026-05-07T17:12:55.271Z] Checked if tokens are valid: true, expires at: 1778175781006
[2026-05-07T17:12:55.272Z] >>> [apiv2][query] GET https://firebasehosting.googleapis.com/v1beta1/projects/wain-d2e28/sites pageToken=&pageSize=10
[2026-05-07T17:12:57.180Z] <<< [apiv2][status] GET https://firebasehosting.googleapis.com/v1beta1/projects/wain-d2e28/sites 200
[2026-05-07T17:12:57.180Z] <<< [apiv2][body] GET https://firebasehosting.googleapis.com/v1beta1/projects/wain-d2e28/sites {"sites":[{"name":"projects/wain-d2e28/sites/wain-admin","defaultUrl":"https://wain-admin.web.app","type":"USER_SITE"},{"name":"projects/wain-d2e28/sites/wain-d2e28","defaultUrl":"https://wain-d2e28.web.app","type":"DEFAULT_SITE"}]}
[2026-05-07T17:12:57.180Z] Checked if tokens are valid: true, expires at: 1778175781006
[2026-05-07T17:12:57.180Z] Checked if tokens are valid: true, expires at: 1778175781006
[2026-05-07T17:12:57.180Z] >>> [apiv2][query] GET https://firebasehosting.googleapis.com/v1beta1/projects/wain-d2e28/sites
[2026-05-07T17:12:58.299Z] <<< [apiv2][status] GET https://firebasehosting.googleapis.com/v1beta1/projects/wain-d2e28/sites 200
[2026-05-07T17:12:58.299Z] <<< [apiv2][body] GET https://firebasehosting.googleapis.com/v1beta1/projects/wain-d2e28/sites {"sites":[{"name":"projects/wain-d2e28/sites/wain-admin","defaultUrl":"https://wain-admin.web.app","type":"USER_SITE"},{"name":"projects/wain-d2e28/sites/wain-d2e28","defaultUrl":"https://wain-d2e28.web.app","type":"DEFAULT_SITE"}]}
[2026-05-07T17:12:58.299Z] Checked if tokens are valid: true, expires at: 1778175781006
[2026-05-07T17:12:58.299Z] Checked if tokens are valid: true, expires at: 1778175781006
[2026-05-07T17:12:58.299Z] >>> [apiv2][query] GET https://firebase.googleapis.com/v1beta1/projects/wain-d2e28/webApps/-/config [none]
[2026-05-07T17:12:58.905Z] <<< [apiv2][status] GET https://firebase.googleapis.com/v1beta1/projects/wain-d2e28/webApps/-/config 200
[2026-05-07T17:12:58.905Z] <<< [apiv2][body] GET https://firebase.googleapis.com/v1beta1/projects/wain-d2e28/webApps/-/config {"projectId":"wain-d2e28","appId":"1:620614484841:web:ac86320829e764bc41b3f8","storageBucket":"wain-d2e28.firebasestorage.app","apiKey":"[REDACTED_FIREBASE_WEB_API_KEY]","authDomain":"wain-d2e28.firebaseapp.com","messagingSenderId":"620614484841","measurementId":"G-EV5MVJZX2R","projectNumber":"620614484841","version":"2"}
No Firebase app associated with site wain-admin, injecting project default config.
  You can link a Web app to a Hosting site here https://console.firebase.google.com/project/wain-d2e28/settings/general/web

   Thank you for trying our early preview of Next.js support on Firebase Hosting.
   During the preview, support is best-effort and breaking changes can be expected. Proceed with caution.

   Documentation: https://firebase.google.com/docs/hosting/frameworks/nextjs
   File a bug: https://github.com/firebase/firebase-tools/issues/new?template=bug_report.md
   Submit a feature request: https://github.com/firebase/firebase-tools/issues/new?template=feature_request.md

   We'd love to learn from you. Express your interest in helping us shape the future of Firebase Hosting: https://goo.gle/41enW5X


WARNING: Your package.json contains a custom build that is being ignored. Only the Next.js default build script (e.g, "next build") is respected. If you have a more advanced build process you should build a custom integration https://firebase.google.com/docs/hosting/express

[2026-05-07T17:13:02.877Z] Checked if tokens are valid: true, expires at: 1778175781006
[2026-05-07T17:13:02.877Z] Checked if tokens are valid: true, expires at: 1778175781006
[2026-05-07T17:13:02.878Z] >>> [apiv2][query] GET https://firebasehosting.googleapis.com/v1beta1/projects/wain-d2e28/sites/wain-d2e28 [none]
[2026-05-07T17:13:03.891Z] <<< [apiv2][status] GET https://firebasehosting.googleapis.com/v1beta1/projects/wain-d2e28/sites/wain-d2e28 200
[2026-05-07T17:13:03.891Z] <<< [apiv2][body] GET https://firebasehosting.googleapis.com/v1beta1/projects/wain-d2e28/sites/wain-d2e28 {"name":"projects/wain-d2e28/sites/wain-d2e28","defaultUrl":"https://wain-d2e28.web.app","type":"DEFAULT_SITE"}
  ▲ Next.js 14.2.35

  - Environments: .env.local, .env.production


   Creating an optimized production build ...

 ✓ Compiled successfully

   Linting and checking validity of types ...

   Collecting page data ...

   Generating static pages (0/31) ...

[SECURITY_AUDIT] {"timestamp":"2026-05-07T17:13:16.834Z","source":"route-guards","eventType":"admin_route_access_denied","reason":"unauthenticated","status":401,"path":"/admin/media","routeKey":"media"}
[SECURITY_AUDIT] {"timestamp":"2026-05-07T17:13:16.836Z","source":"route-guards","eventType":"admin_session_required_missing","reason":"unauthenticated","status":401,"path":"/admin"}
[SECURITY_AUDIT] {"timestamp":"2026-05-07T17:13:16.845Z","source":"route-guards","eventType":"admin_route_access_denied","reason":"unauthenticated","status":401,"path":"/admin/media","routeKey":"media"}
[SECURITY_AUDIT] {"timestamp":"2026-05-07T17:13:16.845Z","source":"route-guards","eventType":"admin_session_required_missing","reason":"unauthenticated","status":401,"path":"/admin"}

[PERF] requireAdminSession: 6ms
[PERF] requireAdminSession: 4ms
[PERF] requireAdminSession: 5ms
[PERF] requireAdminSession: 16ms
[PERF] requireAdminSession: 6ms
[PERF] requireAdminSession: 3ms
[PERF] requireAdminSession: 7ms
[PERF] requireAdminSession: 3ms

[SECURITY_AUDIT] {"timestamp":"2026-05-07T17:13:16.840Z","source":"route-guards","eventType":"admin_route_access_denied","reason":"unauthenticated","status":401,"path":"/admin/wallet-audit","routeKey":"wallet_audit"}
[SECURITY_AUDIT] {"timestamp":"2026-05-07T17:13:16.843Z","source":"route-guards","eventType":"admin_session_required_missing","reason":"unauthenticated","status":401,"path":"/admin"}
[SECURITY_AUDIT] {"timestamp":"2026-05-07T17:13:16.848Z","source":"route-guards","eventType":"admin_route_access_denied","reason":"unauthenticated","status":401,"path":"/admin/wallet-audit","routeKey":"wallet_audit"}
[SECURITY_AUDIT] {"timestamp":"2026-05-07T17:13:16.849Z","source":"route-guards","eventType":"admin_session_required_missing","reason":"unauthenticated","status":401,"path":"/admin"}
[SECURITY_AUDIT] {"timestamp":"2026-05-07T17:13:16.848Z","source":"route-guards","eventType":"admin_session_required_missing","reason":"unauthenticated","status":401,"path":"/admin"}
[SECURITY_AUDIT] {"timestamp":"2026-05-07T17:13:16.868Z","source":"route-guards","eventType":"admin_session_required_missing","reason":"unauthenticated","status":401,"path":"/admin"}
[SECURITY_AUDIT] {"timestamp":"2026-05-07T17:13:16.859Z","source":"route-guards","eventType":"admin_route_access_denied","reason":"unauthenticated","status":401,"path":"/admin/readiness","routeKey":"readiness"}
[SECURITY_AUDIT] {"timestamp":"2026-05-07T17:13:16.861Z","source":"route-guards","eventType":"admin_session_required_missing","reason":"unauthenticated","status":401,"path":"/admin"}
[SECURITY_AUDIT] {"timestamp":"2026-05-07T17:13:16.867Z","source":"route-guards","eventType":"admin_route_access_denied","reason":"unauthenticated","status":401,"path":"/admin/readiness","routeKey":"readiness"}
[SECURITY_AUDIT] {"timestamp":"2026-05-07T17:13:16.867Z","source":"route-guards","eventType":"admin_session_required_missing","reason":"unauthenticated","status":401,"path":"/admin"}
[SECURITY_AUDIT] {"timestamp":"2026-05-07T17:13:16.870Z","source":"route-guards","eventType":"admin_route_access_denied","reason":"unauthenticated","status":401,"path":"/admin/config","routeKey":"config"}
[SECURITY_AUDIT] {"timestamp":"2026-05-07T17:13:16.872Z","source":"route-guards","eventType":"admin_session_required_missing","reason":"unauthenticated","status":401,"path":"/admin"}
[SECURITY_AUDIT] {"timestamp":"2026-05-07T17:13:16.882Z","source":"route-guards","eventType":"admin_route_access_denied","reason":"unauthenticated","status":401,"path":"/admin/config","routeKey":"config"}
[SECURITY_AUDIT] {"timestamp":"2026-05-07T17:13:16.883Z","source":"route-guards","eventType":"admin_session_required_missing","reason":"unauthenticated","status":401,"path":"/admin"}

[PERF] requireAdminSession: 22ms
[PERF] requireAdminSession: 7ms

[SECURITY_AUDIT] {"timestamp":"2026-05-07T17:13:16.875Z","source":"route-guards","eventType":"admin_route_access_denied","reason":"unauthenticated","status":401,"path":"/admin/venues","routeKey":"venues"}
[SECURITY_AUDIT] {"timestamp":"2026-05-07T17:13:16.877Z","source":"route-guards","eventType":"admin_session_required_missing","reason":"unauthenticated","status":401,"path":"/admin"}
[SECURITY_AUDIT] {"timestamp":"2026-05-07T17:13:16.883Z","source":"route-guards","eventType":"admin_route_access_denied","reason":"unauthenticated","status":401,"path":"/admin/venues","routeKey":"venues"}
[SECURITY_AUDIT] {"timestamp":"2026-05-07T17:13:16.883Z","source":"route-guards","eventType":"admin_session_required_missing","reason":"unauthenticated","status":401,"path":"/admin"}

[PERF] requireAdminSession: 7ms
[PERF] requireAdminSession: 4ms

   Generating static pages (7/31)

   Generating static pages (15/31)

   Generating static pages (23/31)

[SECURITY_AUDIT] {"timestamp":"2026-05-07T17:13:17.370Z","source":"route-guards","eventType":"admin_route_access_denied","reason":"unauthenticated","status":401,"path":"/admin/reversals","routeKey":"reversals"}
[SECURITY_AUDIT] {"timestamp":"2026-05-07T17:13:17.371Z","source":"route-guards","eventType":"admin_session_required_missing","reason":"unauthenticated","status":401,"path":"/admin"}
[SECURITY_AUDIT] {"timestamp":"2026-05-07T17:13:17.376Z","source":"route-guards","eventType":"admin_route_access_denied","reason":"unauthenticated","status":401,"path":"/admin/reversals","routeKey":"reversals"}
[SECURITY_AUDIT] {"timestamp":"2026-05-07T17:13:17.377Z","source":"route-guards","eventType":"admin_session_required_missing","reason":"unauthenticated","status":401,"path":"/admin"}

[PERF] requireAdminSession: 522ms
[PERF] requireAdminSession: 3ms

 ✓ Generating static pages (31/31)

   Finalizing page optimization ...
   Collecting build traces ...



Route (app)                              Size     First Load JS
┌ ○ /                                    189 B          87.6 kB
├ ○ /_not-found                          189 B          87.6 kB
├ ƒ /admin                               189 B          87.6 kB
├ ƒ /admin/access-denied                 186 B          96.3 kB
├ ƒ /admin/config                        11.9 kB         107 kB
├ ƒ /admin/content/offers                2.37 kB         109 kB
├ ƒ /admin/content/reviews               6.94 kB         107 kB
├ ƒ /admin/content/stories               2.38 kB         109 kB
├ ƒ /admin/dashboard                     186 B          96.3 kB
├ ƒ /admin/media                         12.3 kB         110 kB
├ ƒ /admin/readiness                     5.05 kB         150 kB
├ ƒ /admin/reversals                     4.77 kB         141 kB
├ ○ /admin/sign-in                       2.82 kB         133 kB
├ ƒ /admin/topups                        6.52 kB         148 kB
├ ƒ /admin/venues                        23.7 kB         164 kB
├ ƒ /admin/venues/[venueId]              5.4 kB          106 kB
├ ƒ /admin/wallet-audit                  5.33 kB         146 kB
├ ƒ /api/admin/command/config            0 B                0 B
├ ƒ /api/admin/command/content           0 B                0 B
├ ƒ /api/admin/command/finance           0 B                0 B
├ ƒ /api/admin/command/media             0 B                0 B
├ ƒ /api/admin/command/reviews           0 B                0 B
├ ƒ /api/admin/command/venues            0 B                0 B
├ ƒ /api/admin/health/config             0 B                0 B
├ ƒ /api/admin/session                   0 B                0 B
├ ƒ /api/admin/step-up/banner            0 B                0 B
├ ƒ /api/admin/step-up/health            0 B                0 B
├ ƒ /api/admin/step-up/issue             0 B                0 B
├ ƒ /api/admin/step-up/status            0 B                0 B
└ ƒ /api/admin/warmup                    0 B                0 B
+ First Load JS shared by all            87.4 kB
  ├ chunks/2117-aeeac4618dc8ed91.js      31.7 kB
  ├ chunks/fd9d1056-441e595c98aece7a.js  53.6 kB
  └ other shared chunks (total)          2.06 kB


ƒ Middleware                             25.6 kB


○  (Static)   prerendered as static content
ƒ  (Dynamic)  server-rendered on demand


Building a Cloud Function to run this application. This is needed due to:
 • middleware
 • non-static component /(public)/admin/access-denied/page
 • non-static component /api/admin/command/config/route
 • non-static component /api/admin/command/content/route
 • non-static component /api/admin/command/finance/route
[2026-05-07T17:13:25.344Z]  • non-static component /api/admin/command/media/route
[2026-05-07T17:13:25.344Z]  • non-static component /api/admin/command/reviews/route
[2026-05-07T17:13:25.344Z]  • non-static component /api/admin/step-up/health/route
[2026-05-07T17:13:25.344Z]  • non-static component /api/admin/health/config/route
[2026-05-07T17:13:25.344Z]  • non-static component /api/admin/session/route
[2026-05-07T17:13:25.344Z]  • non-static component /api/admin/step-up/status/route
[2026-05-07T17:13:25.344Z]  • non-static component /api/admin/step-up/banner/route
[2026-05-07T17:13:25.344Z]  • non-static component /api/admin/command/venues/route
[2026-05-07T17:13:25.344Z]  • non-static component /api/admin/step-up/issue/route
[2026-05-07T17:13:25.344Z]  • non-static component /api/admin/warmup/route
[2026-05-07T17:13:25.344Z]  • non-static component /(protected)/admin/config/page
[2026-05-07T17:13:25.344Z]  • non-static component /(protected)/admin/media/page
[2026-05-07T17:13:25.344Z]  • non-static component /(protected)/admin/page
[2026-05-07T17:13:25.344Z]  • non-static component /(protected)/admin/reversals/page
[2026-05-07T17:13:25.344Z]  • non-static component /(protected)/admin/readiness/page
[2026-05-07T17:13:25.344Z]  • non-static component /(protected)/admin/venues/[venueId]/page
[2026-05-07T17:13:25.344Z]  • non-static component /(protected)/admin/venues/page
[2026-05-07T17:13:25.344Z]  • non-static component /(protected)/admin/wallet-audit/page
[2026-05-07T17:13:25.344Z]  • non-static component /(protected)/admin/content/stories/page
[2026-05-07T17:13:25.344Z]  • non-static component /(protected)/admin/content/reviews/page
[2026-05-07T17:13:25.344Z]  • non-static component /(protected)/admin/content/offers/page
[2026-05-07T17:13:25.344Z]  • non-static component /(protected)/admin/dashboard/page
[2026-05-07T17:13:25.344Z]  • non-static component /(protected)/admin/topups/page

[2026-05-07T17:13:26.132Z] skipping / due to it matching an unsupported rewrite/redirect/header or middlware
[2026-05-07T17:13:26.132Z] skipping /admin/sign-in due to it matching an unsupported rewrite/redirect/header or middlware
[2026-05-07T17:13:26.132Z] skipping /404 due to it matching an unsupported rewrite/redirect/header or middlware
Warning: Global esbuild version (0.21.5) does not match the required version (^0.19.2).
[2026-05-07T17:13:29.001Z] Checked if tokens are valid: true, expires at: 1778175781006
[2026-05-07T17:13:29.001Z] Checked if tokens are valid: true, expires at: 1778175781006
[2026-05-07T17:13:29.001Z] >>> [apiv2][query] GET https://firebasehosting.googleapis.com/v1beta1/projects/wain-d2e28/sites/wain-d2e28 [none]
[2026-05-07T17:13:30.382Z] <<< [apiv2][status] GET https://firebasehosting.googleapis.com/v1beta1/projects/wain-d2e28/sites/wain-d2e28 200
[2026-05-07T17:13:30.383Z] <<< [apiv2][body] GET https://firebasehosting.googleapis.com/v1beta1/projects/wain-d2e28/sites/wain-d2e28 {"name":"projects/wain-d2e28/sites/wain-d2e28","defaultUrl":"https://wain-d2e28.web.app","type":"DEFAULT_SITE"}
npm warn EBADENGINE Unsupported engine {
npm warn EBADENGINE   package: 'firebase-frameworks@0.11.8',
npm warn EBADENGINE   required: { node: '^16.0.0 || ^18.0.0 || ^20.0.0 || ^22.0.0' },
npm warn EBADENGINE   current: { node: 'v24.15.0', npm: '11.12.1' }
npm warn EBADENGINE }

changed 3 packages in 44s

39 packages are looking for funding
  run `npm fund` for details
[2026-05-07T17:14:15.032Z] [web frameworks] effective firebase.json:  {
  "hosting": [
    {
      "site": "wain-d2e28",
      "public": "public",
      "ignore": [
        "firebase.json",
        "**/.*",
        "**/node_modules/**"
      ],
      "rewrites": [
        {
          "source": "**",
          "destination": "/index.html"
        }
      ]
    },
    {
      "site": "wain-admin",
      "source": "admin_web_console",
      "headers": [
        {
          "source": "**",
          "headers": [
            {
              "key": "Content-Security-Policy-Report-Only",
              "value": "default-src 'self'; base-uri 'self'; object-src 'none'; frame-ancestors 'none'; form-action 'self'; img-src 'self' data: blob: https:; font-src 'self' data: https:; script-src 'self' 'unsafe-inline' 'unsafe-eval' https:; style-src 'self' 'unsafe-inline' https:; connect-src 'self' https: wss: ws:; upgrade-insecure-requests"
            },
            {
              "key": "Permissions-Policy",
              "value": "camera=(), microphone=(), geolocation=(), payment=(), usb=(), browsing-topics=()"
            },
            {
              "key": "X-Content-Type-Options",
              "value": "nosniff"
            },
            {
              "key": "X-Frame-Options",
              "value": "DENY"
            },
            {
              "key": "Referrer-Policy",
              "value": "strict-origin-when-cross-origin"
            },
            {
              "key": "Cross-Origin-Opener-Policy",
              "value": "same-origin"
            }
          ]
        },
        {
          "source": "/:path*",
          "headers": [
            {
              "key": "Content-Security-Policy-Report-Only",
              "value": "default-src 'self'; base-uri 'self'; object-src 'none'; frame-ancestors 'none'; form-action 'self'; img-src 'self' data: blob: https:; font-src 'self' data: https:; script-src 'self' 'unsafe-inline' 'unsafe-eval' https:; style-src 'self' 'unsafe-inline' https:; connect-src 'self' https: wss: ws:; upgrade-insecure-requests"
            },
            {
              "key": "Permissions-Policy",
              "value": "camera=(), microphone=(), geolocation=(), payment=(), usb=(), browsing-topics=()"
            },
            {
              "key": "X-Content-Type-Options",
              "value": "nosniff"
            },
            {
              "key": "X-Frame-Options",
              "value": "DENY"
            },
            {
              "key": "Referrer-Policy",
              "value": "strict-origin-when-cross-origin"
            },
            {
              "key": "Cross-Origin-Opener-Policy",
              "value": "same-origin"
            }
          ]
        },
        {
          "source": "/_not-found",
          "headers": [
            {
              "key": "x-next-cache-tags",
              "value": "_N_T_/layout,_N_T_/_not-found/layout,_N_T_/_not-found/page,_N_T_/_not-found"
            }
          ]
        },
        {
          "source": "**/*.[jt]s",
          "headers": [
            {
              "key": "Set-Cookie",
              "value": "__FIREBASE_DEFAULTS__=[REDACTED_FIREBASE_DEFAULTS]; SameSite=Strict; Expires=[REDACTED] Path=/;"
            }
          ]
        }
      ],
      "frameworksBackend": {
        "memory": "512MiB",
        "region": "us-central1"
      },
      "rewrites": [
        {
          "source": "**",
          "function": {
            "functionId": "ssrwainadmin",
            "region": "us-central1",
            "pinTag": true
          }
        }
      ],
      "redirects": [],
      "cleanUrls": true,
      "trailingSlash": false,
      "public": ".firebase\\wain-admin\\hosting",
      "webFramework": "next_ssr"
    }
  ],
  "functions": [
    {
      "source": "functions",
      "codebase": "default",
      "ignore": [
        "node_modules",
        ".git",
        "firebase-debug.log",
        "firebase-debug.*.log"
      ]
    },
    {
      "source": ".firebase\\wain-admin\\functions",
      "codebase": "firebase-frameworks-wain-admin"
    }
  ]
}
[2026-05-07T17:14:15.033Z] > command requires scopes: ["email","openid","https://www.googleapis.com/auth/cloudplatformprojects.readonly","https://www.googleapis.com/auth/firebase","https://www.googleapis.com/auth/cloud-platform"]
[2026-05-07T17:14:15.033Z] > authorizing via signed-in user (basil1222038@gmail.com)
[2026-05-07T17:14:15.033Z] [iam] checking project wain-d2e28 for permissions ["cloudfunctions.functions.create","cloudfunctions.functions.delete","cloudfunctions.functions.get","cloudfunctions.functions.list","cloudfunctions.functions.update","cloudfunctions.operations.get","firebase.projects.get"]
[2026-05-07T17:14:15.034Z] Checked if tokens are valid: true, expires at: 1778175781006
[2026-05-07T17:14:15.034Z] Checked if tokens are valid: true, expires at: 1778175781006
[2026-05-07T17:14:15.035Z] >>> [apiv2][query] POST https://cloudresourcemanager.googleapis.com/v1/projects/wain-d2e28:testIamPermissions [none]
[2026-05-07T17:14:15.035Z] >>> [apiv2][(partial)header] POST https://cloudresourcemanager.googleapis.com/v1/projects/wain-d2e28:testIamPermissions  x-goog-user-project=wain-d2e28
[2026-05-07T17:14:15.035Z] >>> [apiv2][body] POST https://cloudresourcemanager.googleapis.com/v1/projects/wain-d2e28:testIamPermissions {"permissions":["cloudfunctions.functions.create","cloudfunctions.functions.delete","cloudfunctions.functions.get","cloudfunctions.functions.list","cloudfunctions.functions.update","cloudfunctions.operations.get","firebase.projects.get"]}
[2026-05-07T17:14:16.037Z] <<< [apiv2][status] POST https://cloudresourcemanager.googleapis.com/v1/projects/wain-d2e28:testIamPermissions 200
[2026-05-07T17:14:16.037Z] <<< [apiv2][body] POST https://cloudresourcemanager.googleapis.com/v1/projects/wain-d2e28:testIamPermissions {"permissions":["cloudfunctions.functions.create","cloudfunctions.functions.delete","cloudfunctions.functions.get","cloudfunctions.functions.list","cloudfunctions.functions.update","cloudfunctions.operations.get","firebase.projects.get"]}
[2026-05-07T17:14:16.038Z] Checked if tokens are valid: true, expires at: 1778175781006
[2026-05-07T17:14:16.038Z] Checked if tokens are valid: true, expires at: 1778175781006
[2026-05-07T17:14:16.038Z] >>> [apiv2][query] GET https://cloudfunctions.googleapis.com/v1/projects/wain-d2e28/locations/-/functions [none]
[2026-05-07T17:14:16.998Z] <<< [apiv2][status] GET https://cloudfunctions.googleapis.com/v1/projects/wain-d2e28/locations/-/functions 200
[2026-05-07T17:14:16.998Z] <<< [apiv2][body] GET https://cloudfunctions.googleapis.com/v1/projects/wain-d2e28/locations/-/functions {"functions":[{"name":"projects/wain-d2e28/locations/us-central1/functions/adminUpdateVenueVisibility","httpsTrigger":{"url":"https://us-central1-wain-d2e28.cloudfunctions.net/adminUpdateVenueVisibility","securityLevel":"SECURE_ALWAYS"},"status":"ACTIVE","entryPoint":"adminUpdateVenueVisibility","timeout":"60s","availableMemoryMb":256,"serviceAccountEmail":"wain-d2e28@appspot.gserviceaccount.com","updateTime":"2026-05-07T16:46:41.100Z","versionId":"2","labels":{"firebase-functions-hash":"9364d461b35753a354d5b35ae8b044b1378feaf4","deployment-tool":"cli-firebase","deployment-callable":"true"},"sourceUploadUrl":"[REDACTED_SOURCE_UPLOAD_URL]","environmentVariables":{"FIREBASE_CONFIG":"{\"projectId\":\"wain-d2e28\",\"storageBucket\":\"wain-d2e28.firebasestorage.app\"}","GCLOUD_PROJECT":"wain-d2e28","EVENTARC_CLOUD_EVENT_SOURCE":"projects/wain-d2e28/locations/REGION_TBD/functions/adminUpdateVenueVisibility"},"runtime":"nodejs22","ingressSettings":"ALLOW_ALL","buildId":"6b75e6f4-c513-4aa7-9c9d-c3457077b46f","buildEnvironmentVariables":{"GOOGLE_NODE_RUN_SCRIPTS":""},"buildName":"projects/620614484841/locations/us-central1/builds/6b75e6f4-c513-4aa7-9c9d-c3457077b46f","dockerRegistry":"ARTIFACT_REGISTRY","automaticUpdatePolicy":{},"buildServiceAccount":"projects/wain-d2e28/serviceAccounts/620614484841-compute@developer.gserviceaccount.com","satisfiesPzi":true},{"name":"projects/wain-d2e28/locations/us-central1/functions/validateToken","httpsTrigger":{"url":"https://us-central1-wain-d2e28.cloudfunctions.net/validateToken","securityLevel":"SECURE_ALWAYS"},"status":"ACTIVE","entryPoint":"validateToken","timeout":"60s","availableMemoryMb":256,"serviceAccountEmail":"wain-d2e28@appspot.gserviceaccount.com","updateTime":"2026-05-07T16:46:17.331Z","versionId":"39","labels":{"deployment-tool":"cli-firebase","deployment-callable":"true","firebase-functions-hash":"9364d461b35753a354d5b35ae8b044b1378feaf4"},"sourceUploadUrl":"[REDACTED_SOURCE_UPLOAD_URL]","environmentVariables":{"FIREBASE_CONFIG":"{\"projectId\":\"wain-d2e28\",\"storageBucket\":\"wain-d2e28.firebasestorage.app\"}","GCLOUD_PROJECT":"wain-d2e28","EVENTARC_CLOUD_EVENT_SOURCE":"projects/wain-d2e28/locations/REGION_TBD/functions/validateToken"},"runtime":"nodejs22","ingressSettings":"ALLOW_ALL","buildId":"6b75e6f4-c513-4aa7-9c9d-c3457077b46f","buildEnvironmentVariables":{"GOOGLE_NODE_RUN_SCRIPTS":""},"buildName":"projects/620614484841/locations/us-central1/builds/6b75e6f4-c513-4aa7-9c9d-c3457077b46f","dockerRegistry":"ARTIFACT_REGISTRY","automaticUpdatePolicy":{},"buildServiceAccount":"projects/wain-d2e28/serviceAccounts/620614484841-compute@developer.gserviceaccount.com","satisfiesPzi":true},{"name":"projects/wain-d2e28/locations/us-central1/functions/verifyWalletOperationalReadiness","httpsTrigger":{"url":"https://us-central1-wain-d2e28.cloudfunctions.net/verifyWalletOperationalReadiness","securityLevel":"SECURE_ALWAYS"},"status":"ACTIVE","entryPoint":"verifyWalletOperationalReadiness","timeout":"60s","availableMemoryMb":256,"serviceAccountEmail":"wain-d2e28@appspot.gserviceaccount.com","updateTime":"2026-05-07T16:46:19.253Z","versionId":"5","labels":{"deployment-tool":"cli-firebase","deployment-callable":"true","firebase-functions-hash":"9364d461b35753a354d5b35ae8b044b1378feaf4"},"sourceUploadUrl":"[REDACTED_SOURCE_UPLOAD_URL]","environmentVariables":{"FIREBASE_CONFIG":"{\"projectId\":\"wain-d2e28\",\"storageBucket\":\"wain-d2e28.firebasestorage.app\"}","GCLOUD_PROJECT":"wain-d2e28","EVENTARC_CLOUD_EVENT_SOURCE":"projects/wain-d2e28/locations/REGION_TBD/functions/verifyWalletOperationalReadiness"},"runtime":"nodejs22","ingressSettings":"ALLOW_ALL","buildId":"6b75e6f4-c513-4aa7-9c9d-c3457077b46f","buildEnvironmentVariables":{"GOOGLE_NODE_RUN_SCRIPTS":""},"buildName":"projects/620614484841/locations/us-central1/builds/6b75e6f4-c513-4aa7-9c9d-c3457077b46f","dockerRegistry":"ARTIFACT_REGISTRY","automaticUpdatePolicy":{},"buildServiceAccount":"projects/wain-d2e28/serviceAccounts/620614484841-compute@developer.gserviceaccount.com","satisfiesPzi":true},{"name":"projects/wain-d2e28/locations/us-central1/functions/redeemInviteCode","httpsTrigger":{"url":"https://us-central1-wain-d2e28.cloudfunctions.net/redeemInviteCode","securityLevel":"SECURE_ALWAYS"},"status":"ACTIVE","entryPoint":"redeemInviteCode","timeout":"60s","availableMemoryMb":256,"serviceAccountEmail":"wain-d2e28@appspot.gserviceaccount.com","updateTime":"2026-05-07T16:46:19.267Z","versionId":"33","labels":{"deployment-tool":"cli-firebase","deployment-callable":"true","firebase-functions-hash":"9364d461b35753a354d5b35ae8b044b1378feaf4"},"sourceUploadUrl":"[REDACTED_SOURCE_UPLOAD_URL]","environmentVariables":{"FIREBASE_CONFIG":"{\"projectId\":\"wain-d2e28\",\"storageBucket\":\"wain-d2e28.firebasestorage.app\"}","GCLOUD_PROJECT":"wain-d2e28","EVENTARC_CLOUD_EVENT_SOURCE":"projects/wain-d2e28/locations/REGION_TBD/functions/redeemInviteCode"},"runtime":"nodejs22","ingressSettings":"ALLOW_ALL","buildId":"6b75e6f4-c513-4aa7-9c9d-c3457077b46f","buildEnvironmentVariables":{"GOOGLE_NODE_RUN_SCRIPTS":""},"buildName":"projects/620614484841/locations/us-central1/builds/6b75e6f4-c513-4aa7-9c9d-c3457077b46f","dockerRegistry":"ARTIFACT_REGISTRY","automaticUpdatePolicy":{},"buildServiceAccount":"projects/wain-d2e28/serviceAccounts/620614484841-compute@developer.gserviceaccount.com","satisfiesPzi":true},{"name":"projects/wain-d2e28/locations/us-central1/functions/listMerchantWalletLedgerEntriesForAdmin","httpsTrigger":{"url":"https://us-central1-wain-d2e28.cloudfunctions.net/listMerchantWalletLedgerEntriesForAdmin","securityLevel":"SECURE_ALWAYS"},"status":"ACTIVE","entryPoint":"listMerchantWalletLedgerEntriesForAdmin","timeout":"60s","availableMemoryMb":256,"serviceAccountEmail":"wain-d2e28@appspot.gserviceaccount.com","updateTime":"2026-05-07T16:46:17.381Z","versionId":"4","labels":{"deployment-tool":"cli-firebase","deployment-callable":"true","firebase-functions-hash":"9364d461b35753a354d5b35ae8b044b1378feaf4"},"sourceUploadUrl":"[REDACTED_SOURCE_UPLOAD_URL]","environmentVariables":{"FIREBASE_CONFIG":"{\"projectId\":\"wain-d2e28\",\"storageBucket\":\"wain-d2e28.firebasestorage.app\"}","GCLOUD_PROJECT":"wain-d2e28","EVENTARC_CLOUD_EVENT_SOURCE":"projects/wain-d2e28/locations/REGION_TBD/functions/listMerchantWalletLedgerEntriesForAdmin"},"runtime":"nodejs22","ingressSettings":"ALLOW_ALL","buildId":"6b75e6f4-c513-4aa7-9c9d-c3457077b46f","buildEnvironmentVariables":{"GOOGLE_NODE_RUN_SCRIPTS":""},"buildName":"projects/620614484841/locations/us-central1/builds/6b75e6f4-c513-4aa7-9c9d-c3457077b46f","dockerRegistry":"ARTIFACT_REGISTRY","automaticUpdatePolicy":{},"buildServiceAccount":"projects/wain-d2e28/serviceAccounts/620614484841-compute@developer.gserviceaccount.com","satisfiesPzi":true},{"name":"projects/wain-d2e28/locations/us-central1/functions/pinOffer","httpsTrigger":{"url":"https://us-central1-wain-d2e28.cloudfunctions.net/pinOffer","securityLevel":"SECURE_ALWAYS"},"status":"ACTIVE","entryPoint":"pinOffer","timeout":"60s","availableMemoryMb":256,"serviceAccountEmail":"wain-d2e28@appspot.gserviceaccount.com","updateTime":"2026-05-07T16:46:17.690Z","versionId":"5","labels":{"firebase-functions-hash":"9364d461b35753a354d5b35ae8b044b1378feaf4","deployment-tool":"cli-firebase","deployment-callable":"true"},"sourceUploadUrl":"[REDACTED_SOURCE_UPLOAD_URL]","environmentVariables":{"FIREBASE_CONFIG":"{\"projectId\":\"wain-d2e28\",\"storageBucket\":\"wain-d2e28.firebasestorage.app\"}","GCLOUD_PROJECT":"wain-d2e28","EVENTARC_CLOUD_EVENT_SOURCE":"projects/wain-d2e28/locations/REGION_TBD/functions/pinOffer"},"runtime":"nodejs22","ingressSettings":"ALLOW_ALL","buildId":"6b75e6f4-c513-4aa7-9c9d-c3457077b46f","buildEnvironmentVariables":{"GOOGLE_NODE_RUN_SCRIPTS":""},"buildName":"projects/620614484841/locations/us-central1/builds/6b75e6f4-c513-4aa7-9c9d-c3457077b46f","dockerRegistry":"ARTIFACT_REGISTRY","automaticUpdatePolicy":{},"buildServiceAccount":"projects/wain-d2e28/serviceAccounts/620614484841-compute@developer.gserviceaccount.com","satisfiesPzi":true},{"name":"projects/wain-d2e28/locations/us-central1/functions/backfillVenueBusyTimes","httpsTrigger":{"url":"https://us-central1-wain-d2e28.cloudfunctions.net/backfillVenueBusyTimes","securityLevel":"SECURE_ALWAYS"},"status":"ACTIVE","entryPoint":"backfillVenueBusyTimes","timeout":"60s","availableMemoryMb":256,"serviceAccountEmail":"wain-d2e28@appspot.gserviceaccount.com","updateTime":"2026-05-07T16:46:22.751Z","versionId":"10","labels":{"deployment-tool":"cli-firebase","deployment-callable":"true","firebase-functions-hash":"9364d461b35753a354d5b35ae8b044b1378feaf4"},"sourceUploadUrl":"[REDACTED_SOURCE_UPLOAD_URL]","environmentVariables":{"FIREBASE_CONFIG":"{\"projectId\":\"wain-d2e28\",\"storageBucket\":\"wain-d2e28.firebasestorage.app\"}","GCLOUD_PROJECT":"wain-d2e28","EVENTARC_CLOUD_EVENT_SOURCE":"projects/wain-d2e28/locations/REGION_TBD/functions/backfillVenueBusyTimes"},"runtime":"nodejs22","ingressSettings":"ALLOW_ALL","buildId":"6b75e6f4-c513-4aa7-9c9d-c3457077b46f","buildEnvironmentVariables":{"GOOGLE_NODE_RUN_SCRIPTS":""},"buildName":"projects/620614484841/locations/us-central1/builds/6b75e6f4-c513-4aa7-9c9d-c3457077b46f","dockerRegistry":"ARTIFACT_REGISTRY","automaticUpdatePolicy":{},"buildServiceAccount":"projects/wain-d2e28/serviceAccounts/620614484841-compute@developer.gserviceaccount.com","satisfiesPzi":true},{"name":"projects/wain-d2e28/locations/us-central1/functions/onMenuImportTaskCreate","eventTrigger":{"eventType":"providers/cloud.firestore/eventTypes/document.create","resource":"projects/wain-d2e28/databases/(default)/documents/venues/{venueId}/menu_import_tasks/{taskId}","service":"firestore.googleapis.com","failurePolicy":{"retry":{}}},"status":"ACTIVE","entryPoint":"onMenuImportTaskCreate","timeout":"540s","availableMemoryMb":1024,"serviceAccountEmail":"wain-d2e28@appspot.gserviceaccount.com","updateTime":"2026-05-07T16:47:40.704Z","versionId":"17","labels":{"deployment-tool":"cli-firebase","firebase-functions-hash":"9364d461b35753a354d5b35ae8b044b1378feaf4"},"sourceUploadUrl":"[REDACTED_SOURCE_UPLOAD_URL]","environmentVariables":{"FIREBASE_CONFIG":"{\"projectId\":\"wain-d2e28\",\"storageBucket\":\"wain-d2e28.firebasestorage.app\"}","GCLOUD_PROJECT":"wain-d2e28","EVENTARC_CLOUD_EVENT_SOURCE":"projects/wain-d2e28/locations/REGION_TBD/functions/onMenuImportTaskCreate"},"runtime":"nodejs22","maxInstances":3000,"ingressSettings":"ALLOW_ALL","buildId":"2ca61aba-0525-425e-bf3d-bc0b88a2a2e1","buildEnvironmentVariables":{"GOOGLE_NODE_RUN_SCRIPTS":""},"buildName":"projects/620614484841/locations/us-central1/builds/2ca61aba-0525-425e-bf3d-bc0b88a2a2e1","dockerRegistry":"ARTIFACT_REGISTRY","automaticUpdatePolicy":{},"buildServiceAccount":"projects/wain-d2e28/serviceAccounts/620614484841-compute@developer.gserviceaccount.com","satisfiesPzi":true},{"name":"projects/wain-d2e28/locations/us-central1/functions/listVenuesForAdmin","httpsTrigger":{"url":"https://us-central1-wain-d2e28.cloudfunctions.net/listVenuesForAdmin","securityLevel":"SECURE_ALWAYS"},"status":"ACTIVE","entryPoint":"listVenuesForAdmin","timeout":"60s","availableMemoryMb":256,"serviceAccountEmail":"wain-d2e28@appspot.gserviceaccount.com","updateTime":"2026-05-07T16:46:32.702Z","versionId":"2","labels":{"deployment-tool":"cli-firebase","deployment-callable":"true","firebase-functions-hash":"9364d461b35753a354d5b35ae8b044b1378feaf4"},"sourceUploadUrl":"[REDACTED_SOURCE_UPLOAD_URL]","environmentVariables":{"FIREBASE_CONFIG":"{\"projectId\":\"wain-d2e28\",\"storageBucket\":\"wain-d2e28.firebasestorage.app\"}","GCLOUD_PROJECT":"wain-d2e28","EVENTARC_CLOUD_EVENT_SOURCE":"projects/wain-d2e28/locations/REGION_TBD/functions/listVenuesForAdmin"},"runtime":"nodejs22","ingressSettings":"ALLOW_ALL","buildId":"6b75e6f4-c513-4aa7-9c9d-c3457077b46f","buildEnvironmentVariables":{"GOOGLE_NODE_RUN_SCRIPTS":""},"buildName":"projects/620614484841/locations/us-central1/builds/6b75e6f4-c513-4aa7-9c9d-c3457077b46f","dockerRegistry":"ARTIFACT_REGISTRY","automaticUpdatePolicy":{},"buildServiceAccount":"projects/wain-d2e28/serviceAccounts/620614484841-compute@developer.gserviceaccount.com","satisfiesPzi":true},{"name":"projects/wain-d2e28/locations/us-central1/functions/mediaSoftDeleteAsset","httpsTrigger":{"url":"https://us-central1-wain-d2e28.cloudfunctions.net/mediaSoftDeleteAsset","securityLevel":"SECURE_ALWAYS"},"status":"ACTIVE","entryPoint":"mediaSoftDeleteAsset","timeout":"60s","availableMemoryMb":256,"serviceAccountEmail":"wain-d2e28@appspot.gserviceaccount.com","updateTime":"2026-05-07T16:46:16.669Z","versionId":"3","labels":{"deployment-tool":"cli-firebase","deployment-callable":"true","firebase-functions-hash":"9364d461b35753a354d5b35ae8b044b1378feaf4"},"sourceUploadUrl":"[REDACTED_SOURCE_UPLOAD_URL]","environmentVariables":{"FIREBASE_CONFIG":"{\"projectId\":\"wain-d2e28\",\"storageBucket\":\"wain-d2e28.firebasestorage.app\"}","GCLOUD_PROJECT":"wain-d2e28","EVENTARC_CLOUD_EVENT_SOURCE":"projects/wain-d2e28/locations/REGION_TBD/functions/mediaSoftDeleteAsset"},"runtime":"nodejs22","ingressSettings":"ALLOW_ALL","buildId":"6b75e6f4-c513-4aa7-9c9d-c3457077b46f","buildEnvironmentVariables":{"GOOGLE_NODE_RUN_SCRIPTS":""},"buildName":"projects/620614484841/locations/us-central1/builds/6b75e6f4-c513-4aa7-9c9d-c3457077b46f","dockerRegistry":"ARTIFACT_REGISTRY","automaticUpdatePolicy":{},"buildServiceAccount":"projects/wain-d2e28/serviceAccounts/620614484841-compute@developer.gserviceaccount.com","satisfiesPzi":true},{"name":"projects/wain-d2e28/locations/us-central1/functions/adminCreateVenue","httpsTrigger":{"url":"https://us-central1-wain-d2e28.cloudfunctions.net/adminCreateVenue","securityLevel":"SECURE_ALWAYS"},"status":"ACTIVE","entryPoint":"adminCreateVenue","timeout":"60s","availableMemoryMb":256,"serviceAccountEmail":"wain-d2e28@appspot.gserviceaccount.com","updateTime":"2026-05-07T16:46:43.143Z","versionId":"2","labels":{"deployment-tool":"cli-firebase","deployment-callable":"true","firebase-functions-hash":"9364d461b35753a354d5b35ae8b044b1378feaf4"},"sourceUploadUrl":"[REDACTED_SOURCE_UPLOAD_URL]","environmentVariables":{"FIREBASE_CONFIG":"{\"projectId\":\"wain-d2e28\",\"storageBucket\":\"wain-d2e28.firebasestorage.app\"}","GCLOUD_PROJECT":"wain-d2e28","EVENTARC_CLOUD_EVENT_SOURCE":"projects/wain-d2e28/locations/REGION_TBD/functions/adminCreateVenue"},"runtime":"nodejs22","ingressSettings":"ALLOW_ALL","buildId":"6b75e6f4-c513-4aa7-9c9d-c3457077b46f","buildEnvironmentVariables":{"GOOGLE_NODE_RUN_SCRIPTS":""},"buildName":"projects/620614484841/locations/us-central1/builds/6b75e6f4-c513-4aa7-9c9d-c3457077b46f","dockerRegistry":"ARTIFACT_REGISTRY","automaticUpdatePolicy":{},"buildServiceAccount":"projects/wain-d2e28/serviceAccounts/620614484841-compute@developer.gserviceaccount.com","satisfiesPzi":true},{"name":"projects/wain-d2e28/locations/us-central1/functions/listMerchantTopUpRequestsForAdmin","httpsTrigger":{"url":"https://us-central1-wain-d2e28.cloudfunctions.net/listMerchantTopUpRequestsForAdmin","securityLevel":"SECURE_ALWAYS"},"status":"ACTIVE","entryPoint":"listMerchantTopUpRequestsForAdmin","timeout":"60s","availableMemoryMb":256,"serviceAccountEmail":"wain-d2e28@appspot.gserviceaccount.com","updateTime":"2026-05-07T16:46:16.471Z","versionId":"4","labels":{"deployment-tool":"cli-firebase","deployment-callable":"true","firebase-functions-hash":"9364d461b35753a354d5b35ae8b044b1378feaf4"},"sourceUploadUrl":"[REDACTED_SOURCE_UPLOAD_URL]","environmentVariables":{"FIREBASE_CONFIG":"{\"projectId\":\"wain-d2e28\",\"storageBucket\":\"wain-d2e28.firebasestorage.app\"}","GCLOUD_PROJECT":"wain-d2e28","EVENTARC_CLOUD_EVENT_SOURCE":"projects/wain-d2e28/locations/REGION_TBD/functions/listMerchantTopUpRequestsForAdmin"},"runtime":"nodejs22","ingressSettings":"ALLOW_ALL","buildId":"6b75e6f4-c513-4aa7-9c9d-c3457077b46f","buildEnvironmentVariables":{"GOOGLE_NODE_RUN_SCRIPTS":""},"buildName":"projects/620614484841/locations/us-central1/builds/6b75e6f4-c513-4aa7-9c9d-c3457077b46f","dockerRegistry":"ARTIFACT_REGISTRY","automaticUpdatePolicy":{},"buildServiceAccount":"projects/wain-d2e28/serviceAccounts/620614484841-compute@developer.gserviceaccount.com","satisfiesPzi":true},{"name":"projects/wain-d2e28/locations/us-central1/functions/configRollbackVersion","httpsTrigger":{"url":"https://us-central1-wain-d2e28.cloudfunctions.net/configRollbackVersion","securityLevel":"SECURE_ALWAYS"},"status":"ACTIVE","entryPoint":"configRollbackVersion","timeout":"60s","availableMemoryMb":256,"serviceAccountEmail":"wain-d2e28@appspot.gserviceaccount.com","updateTime":"2026-05-07T16:46:38.232Z","versionId":"2","labels":{"deployment-tool":"cli-firebase","deployment-callable":"true","firebase-functions-hash":"9364d461b35753a354d5b35ae8b044b1378feaf4"},"sourceUploadUrl":"[REDACTED_SOURCE_UPLOAD_URL]","environmentVariables":{"FIREBASE_CONFIG":"{\"projectId\":\"wain-d2e28\",\"storageBucket\":\"wain-d2e28.firebasestorage.app\"}","GCLOUD_PROJECT":"wain-d2e28","EVENTARC_CLOUD_EVENT_SOURCE":"projects/wain-d2e28/locations/REGION_TBD/functions/configRollbackVersion"},"runtime":"nodejs22","ingressSettings":"ALLOW_ALL","buildId":"6b75e6f4-c513-4aa7-9c9d-c3457077b46f","buildEnvironmentVariables":{"GOOGLE_NODE_RUN_SCRIPTS":""},"buildName":"projects/620614484841/locations/us-central1/builds/6b75e6f4-c513-4aa7-9c9d-c3457077b46f","dockerRegistry":"ARTIFACT_REGISTRY","automaticUpdatePolicy":{},"buildServiceAccount":"projects/wain-d2e28/serviceAccounts/620614484841-compute@developer.gserviceaccount.com","satisfiesPzi":true},{"name":"projects/wain-d2e28/locations/us-central1/functions/onReviewWrite","eventTrigger":{"eventType":"providers/cloud.firestore/eventTypes/document.write","resource":"projects/wain-d2e28/databases/(default)/documents/venues/{venueId}/reviews/{reviewId}","service":"firestore.googleapis.com","failurePolicy":{}},"status":"ACTIVE","entryPoint":"onReviewWrite","timeout":"60s","availableMemoryMb":256,"serviceAccountEmail":"wain-d2e28@appspot.gserviceaccount.com","updateTime":"2026-05-07T16:46:18.781Z","versionId":"28","labels":{"deployment-tool":"cli-firebase","firebase-functions-hash":"9364d461b35753a354d5b35ae8b044b1378feaf4"},"sourceUploadUrl":"[REDACTED_SOURCE_UPLOAD_URL]","environmentVariables":{"FIREBASE_CONFIG":"{\"projectId\":\"wain-d2e28\",\"storageBucket\":\"wain-d2e28.firebasestorage.app\"}","GCLOUD_PROJECT":"wain-d2e28","EVENTARC_CLOUD_EVENT_SOURCE":"projects/wain-d2e28/locations/REGION_TBD/functions/onReviewWrite"},"runtime":"nodejs22","maxInstances":3000,"ingressSettings":"ALLOW_ALL","buildId":"6b75e6f4-c513-4aa7-9c9d-c3457077b46f","buildEnvironmentVariables":{"GOOGLE_NODE_RUN_SCRIPTS":""},"buildName":"projects/620614484841/locations/us-central1/builds/6b75e6f4-c513-4aa7-9c9d-c3457077b46f","dockerRegistry":"ARTIFACT_REGISTRY","automaticUpdatePolicy":{},"buildServiceAccount":"projects/wain-d2e28/serviceAccounts/620614484841-compute@developer.gserviceaccount.com","satisfiesPzi":true},{"name":"projects/wain-d2e28/locations/us-central1/functions/searchVenuesInBounds","httpsTrigger":{"url":"https://us-central1-wain-d2e28.cloudfunctions.net/searchVenuesInBounds","securityLevel":"SECURE_ALWAYS"},"status":"ACTIVE","entryPoint":"searchVenuesInBounds","timeout":"60s","availableMemoryMb":256,"serviceAccountEmail":"wain-d2e28@appspot.gserviceaccount.com","updateTime":"2026-05-07T16:46:27.305Z","versionId":"29","labels":{"deployment-tool":"cli-firebase","deployment-callable":"true","firebase-functions-hash":"9364d461b35753a354d5b35ae8b044b1378feaf4"},"sourceUploadUrl":"[REDACTED_SOURCE_UPLOAD_URL]","environmentVariables":{"FIREBASE_CONFIG":"{\"projectId\":\"wain-d2e28\",\"storageBucket\":\"wain-d2e28.firebasestorage.app\"}","GCLOUD_PROJECT":"wain-d2e28","EVENTARC_CLOUD_EVENT_SOURCE":"projects/wain-d2e28/locations/REGION_TBD/functions/searchVenuesInBounds"},"runtime":"nodejs22","ingressSettings":"ALLOW_ALL","buildId":"6b75e6f4-c513-4aa7-9c9d-c3457077b46f","buildEnvironmentVariables":{"GOOGLE_NODE_RUN_SCRIPTS":""},"buildName":"projects/620614484841/locations/us-central1/builds/6b75e6f4-c513-4aa7-9c9d-c3457077b46f","dockerRegistry":"ARTIFACT_REGISTRY","automaticUpdatePolicy":{},"buildServiceAccount":"projects/wain-d2e28/serviceAccounts/620614484841-compute@developer.gserviceaccount.com","satisfiesPzi":true},{"name":"projects/wain-d2e28/locations/us-central1/functions/getAdminVenueWorkspaceReadBundle","httpsTrigger":{"url":"https://us-central1-wain-d2e28.cloudfunctions.net/getAdminVenueWorkspaceReadBundle","securityLevel":"SECURE_ALWAYS"},"status":"ACTIVE","entryPoint":"getAdminVenueWorkspaceReadBundle","timeout":"60s","availableMemoryMb":256,"serviceAccountEmail":"wain-d2e28@appspot.gserviceaccount.com","updateTime":"2026-05-07T16:46:33.388Z","versionId":"2","labels":{"deployment-tool":"cli-firebase","deployment-callable":"true","firebase-functions-hash":"9364d461b35753a354d5b35ae8b044b1378feaf4"},"sourceUploadUrl":"[REDACTED_SOURCE_UPLOAD_URL]","environmentVariables":{"FIREBASE_CONFIG":"{\"projectId\":\"wain-d2e28\",\"storageBucket\":\"wain-d2e28.firebasestorage.app\"}","GCLOUD_PROJECT":"wain-d2e28","EVENTARC_CLOUD_EVENT_SOURCE":"projects/wain-d2e28/locations/REGION_TBD/functions/getAdminVenueWorkspaceReadBundle"},"runtime":"nodejs22","ingressSettings":"ALLOW_ALL","buildId":"6b75e6f4-c513-4aa7-9c9d-c3457077b46f","buildEnvironmentVariables":{"GOOGLE_NODE_RUN_SCRIPTS":""},"buildName":"projects/620614484841/locations/us-central1/builds/6b75e6f4-c513-4aa7-9c9d-c3457077b46f","dockerRegistry":"ARTIFACT_REGISTRY","automaticUpdatePolicy":{},"buildServiceAccount":"projects/wain-d2e28/serviceAccounts/620614484841-compute@developer.gserviceaccount.com","satisfiesPzi":true},{"name":"projects/wain-d2e28/locations/us-central1/functions/walletLifecycleMaintenance","eventTrigger":{"eventType":"google.pubsub.topic.publish","resource":"projects/wain-d2e28/topics/firebase-schedule-walletLifecycleMaintenance-us-central1","service":"pubsub.googleapis.com","failurePolicy":{}},"status":"ACTIVE","entryPoint":"walletLifecycleMaintenance","timeout":"60s","availableMemoryMb":256,"serviceAccountEmail":"wain-d2e28@appspot.gserviceaccount.com","updateTime":"2026-05-07T16:46:19.569Z","versionId":"5","labels":{"deployment-tool":"cli-firebase","deployment-scheduled":"true","firebase-functions-hash":"9364d461b35753a354d5b35ae8b044b1378feaf4"},"sourceUploadUrl":"[REDACTED_SOURCE_UPLOAD_URL]","environmentVariables":{"FIREBASE_CONFIG":"{\"projectId\":\"wain-d2e28\",\"storageBucket\":\"wain-d2e28.firebasestorage.app\"}","GCLOUD_PROJECT":"wain-d2e28","EVENTARC_CLOUD_EVENT_SOURCE":"projects/wain-d2e28/locations/REGION_TBD/functions/walletLifecycleMaintenance"},"runtime":"nodejs22","maxInstances":3000,"ingressSettings":"ALLOW_ALL","buildId":"6b75e6f4-c513-4aa7-9c9d-c3457077b46f","buildEnvironmentVariables":{"GOOGLE_NODE_RUN_SCRIPTS":""},"buildName":"projects/620614484841/locations/us-central1/builds/6b75e6f4-c513-4aa7-9c9d-c3457077b46f","dockerRegistry":"ARTIFACT_REGISTRY","automaticUpdatePolicy":{},"buildServiceAccount":"projects/wain-d2e28/serviceAccounts/620614484841-compute@developer.gserviceaccount.com","satisfiesPzi":true},{"name":"projects/wain-d2e28/locations/us-central1/functions/listOffersForAdmin","httpsTrigger":{"url":"https://us-central1-wain-d2e28.cloudfunctions.net/listOffersForAdmin","securityLevel":"SECURE_ALWAYS"},"status":"ACTIVE","entryPoint":"listOffersForAdmin","timeout":"60s","availableMemoryMb":256,"serviceAccountEmail":"wain-d2e28@appspot.gserviceaccount.com","updateTime":"2026-05-07T16:46:38.167Z","versionId":"3","labels":{"deployment-tool":"cli-firebase","deployment-callable":"true","firebase-functions-hash":"9364d461b35753a354d5b35ae8b044b1378feaf4"},"sourceUploadUrl":"[REDACTED_SOURCE_UPLOAD_URL]","environmentVariables":{"FIREBASE_CONFIG":"{\"projectId\":\"wain-d2e28\",\"storageBucket\":\"wain-d2e28.firebasestorage.app\"}","GCLOUD_PROJECT":"wain-d2e28","EVENTARC_CLOUD_EVENT_SOURCE":"projects/wain-d2e28/locations/REGION_TBD/functions/listOffersForAdmin"},"runtime":"nodejs22","ingressSettings":"ALLOW_ALL","buildId":"6b75e6f4-c513-4aa7-9c9d-c3457077b46f","buildEnvironmentVariables":{"GOOGLE_NODE_RUN_SCRIPTS":""},"buildName":"projects/620614484841/locations/us-central1/builds/6b75e6f4-c513-4aa7-9c9d-c3457077b46f","dockerRegistry":"ARTIFACT_REGISTRY","automaticUpdatePolicy":{},"buildServiceAccount":"projects/wain-d2e28/serviceAccounts/620614484841-compute@developer.gserviceaccount.com","satisfiesPzi":true},{"name":"projects/wain-d2e28/locations/us-central1/functions/createMerchantTopUpRequest","httpsTrigger":{"url":"https://us-central1-wain-d2e28.cloudfunctions.net/createMerchantTopUpRequest","securityLevel":"SECURE_ALWAYS"},"status":"ACTIVE","entryPoint":"createMerchantTopUpRequest","timeout":"60s","availableMemoryMb":256,"serviceAccountEmail":"wain-d2e28@appspot.gserviceaccount.com","updateTime":"2026-05-07T16:46:21.529Z","versionId":"5","labels":{"deployment-tool":"cli-firebase","deployment-callable":"true","firebase-functions-hash":"9364d461b35753a354d5b35ae8b044b1378feaf4"},"sourceUploadUrl":"[REDACTED_SOURCE_UPLOAD_URL]","environmentVariables":{"FIREBASE_CONFIG":"{\"projectId\":\"wain-d2e28\",\"storageBucket\":\"wain-d2e28.firebasestorage.app\"}","GCLOUD_PROJECT":"wain-d2e28","EVENTARC_CLOUD_EVENT_SOURCE":"projects/wain-d2e28/locations/REGION_TBD/functions/createMerchantTopUpRequest"},"runtime":"nodejs22","ingressSettings":"ALLOW_ALL","buildId":"6b75e6f4-c513-4aa7-9c9d-c3457077b46f","buildEnvironmentVariables":{"GOOGLE_NODE_RUN_SCRIPTS":""},"buildName":"projects/620614484841/locations/us-central1/builds/6b75e6f4-c513-4aa7-9c9d-c3457077b46f","dockerRegistry":"ARTIFACT_REGISTRY","automaticUpdatePolicy":{},"buildServiceAccount":"projects/wain-d2e28/serviceAccounts/620614484841-compute@developer.gserviceaccount.com","satisfiesPzi":true},{"name":"projects/wain-d2e28/locations/us-central1/functions/walletExpiryReminderMaintenance","eventTrigger":{"eventType":"google.pubsub.topic.publish","resource":"projects/wain-d2e28/topics/firebase-schedule-walletExpiryReminderMaintenance-us-central1","service":"pubsub.googleapis.com","failurePolicy":{}},"status":"ACTIVE","entryPoint":"walletExpiryReminderMaintenance","timeout":"60s","availableMemoryMb":256,"serviceAccountEmail":"wain-d2e28@appspot.gserviceaccount.com","updateTime":"2026-05-07T16:46:23.696Z","versionId":"5","labels":{"deployment-tool":"cli-firebase","deployment-scheduled":"true","firebase-functions-hash":"9364d461b35753a354d5b35ae8b044b1378feaf4"},"sourceUploadUrl":"[REDACTED_SOURCE_UPLOAD_URL]","environmentVariables":{"FIREBASE_CONFIG":"{\"projectId\":\"wain-d2e28\",\"storageBucket\":\"wain-d2e28.firebasestorage.app\"}","GCLOUD_PROJECT":"wain-d2e28","EVENTARC_CLOUD_EVENT_SOURCE":"projects/wain-d2e28/locations/REGION_TBD/functions/walletExpiryReminderMaintenance"},"runtime":"nodejs22","maxInstances":3000,"ingressSettings":"ALLOW_ALL","buildId":"6b75e6f4-c513-4aa7-9c9d-c3457077b46f","buildEnvironmentVariables":{"GOOGLE_NODE_RUN_SCRIPTS":""},"buildName":"projects/620614484841/locations/us-central1/builds/6b75e6f4-c513-4aa7-9c9d-c3457077b46f","dockerRegistry":"ARTIFACT_REGISTRY","automaticUpdatePolicy":{},"buildServiceAccount":"projects/wain-d2e28/serviceAccounts/620614484841-compute@developer.gserviceaccount.com","satisfiesPzi":true},{"name":"projects/wain-d2e28/locations/us-central1/functions/mediaPurgeAsset","httpsTrigger":{"url":"https://us-central1-wain-d2e28.cloudfunctions.net/mediaPurgeAsset","securityLevel":"SECURE_ALWAYS"},"status":"ACTIVE","entryPoint":"mediaPurgeAsset","timeout":"60s","availableMemoryMb":256,"serviceAccountEmail":"wain-d2e28@appspot.gserviceaccount.com","updateTime":"2026-05-07T16:46:37.197Z","versionId":"3","labels":{"deployment-callable":"true","firebase-functions-hash":"9364d461b35753a354d5b35ae8b044b1378feaf4","deployment-tool":"cli-firebase"},"sourceUploadUrl":"[REDACTED_SOURCE_UPLOAD_URL]","environmentVariables":{"FIREBASE_CONFIG":"{\"projectId\":\"wain-d2e28\",\"storageBucket\":\"wain-d2e28.firebasestorage.app\"}","GCLOUD_PROJECT":"wain-d2e28","EVENTARC_CLOUD_EVENT_SOURCE":"projects/wain-d2e28/locations/REGION_TBD/functions/mediaPurgeAsset"},"runtime":"nodejs22","ingressSettings":"ALLOW_ALL","buildId":"6b75e6f4-c513-4aa7-9c9d-c3457077b46f","buildEnvironmentVariables":{"GOOGLE_NODE_RUN_SCRIPTS":""},"buildName":"projects/620614484841/locations/us-central1/builds/6b75e6f4-c513-4aa7-9c9d-c3457077b46f","dockerRegistry":"ARTIFACT_REGISTRY","automaticUpdatePolicy":{},"buildServiceAccount":"projects/wain-d2e28/serviceAccounts/620614484841-compute@developer.gserviceaccount.com","satisfiesPzi":true},{"name":"projects/wain-d2e28/locations/us-central1/functions/contentModerateStory","httpsTrigger":{"url":"https://us-central1-wain-d2e28.cloudfunctions.net/contentModerateStory","securityLevel":"SECURE_ALWAYS"},"status":"ACTIVE","entryPoint":"contentModerateStory","timeout":"60s","availableMemoryMb":256,"serviceAccountEmail":"wain-d2e28@appspot.gserviceaccount.com","updateTime":"2026-05-07T16:46:41.476Z","versionId":"3","labels":{"deployment-tool":"cli-firebase","deployment-callable":"true","firebase-functions-hash":"9364d461b35753a354d5b35ae8b044b1378feaf4"},"sourceUploadUrl":"[REDACTED_SOURCE_UPLOAD_URL]","environmentVariables":{"FIREBASE_CONFIG":"{\"projectId\":\"wain-d2e28\",\"storageBucket\":\"wain-d2e28.firebasestorage.app\"}","GCLOUD_PROJECT":"wain-d2e28","EVENTARC_CLOUD_EVENT_SOURCE":"projects/wain-d2e28/locations/REGION_TBD/functions/contentModerateStory"},"runtime":"nodejs22","ingressSettings":"ALLOW_ALL","buildId":"6b75e6f4-c513-4aa7-9c9d-c3457077b46f","buildEnvironmentVariables":{"GOOGLE_NODE_RUN_SCRIPTS":""},"buildName":"projects/620614484841/locations/us-central1/builds/6b75e6f4-c513-4aa7-9c9d-c3457077b46f","dockerRegistry":"ARTIFACT_REGISTRY","automaticUpdatePolicy":{},"buildServiceAccount":"projects/wain-d2e28/serviceAccounts/620614484841-compute@developer.gserviceaccount.com","satisfiesPzi":true},{"name":"projects/wain-d2e28/locations/us-central1/functions/configReviewDraft","httpsTrigger":{"url":"https://us-central1-wain-d2e28.cloudfunctions.net/configReviewDraft","securityLevel":"SECURE_ALWAYS"},"status":"ACTIVE","entryPoint":"configReviewDraft","timeout":"60s","availableMemoryMb":256,"serviceAccountEmail":"wain-d2e28@appspot.gserviceaccount.com","updateTime":"2026-05-07T16:46:40.847Z","versionId":"2","labels":{"deployment-tool":"cli-firebase","deployment-callable":"true","firebase-functions-hash":"9364d461b35753a354d5b35ae8b044b1378feaf4"},"sourceUploadUrl":"[REDACTED_SOURCE_UPLOAD_URL]","environmentVariables":{"FIREBASE_CONFIG":"{\"projectId\":\"wain-d2e28\",\"storageBucket\":\"wain-d2e28.firebasestorage.app\"}","GCLOUD_PROJECT":"wain-d2e28","EVENTARC_CLOUD_EVENT_SOURCE":"projects/wain-d2e28/locations/REGION_TBD/functions/configReviewDraft"},"runtime":"nodejs22","ingressSettings":"ALLOW_ALL","buildId":"6b75e6f4-c513-4aa7-9c9d-c3457077b46f","buildEnvironmentVariables":{"GOOGLE_NODE_RUN_SCRIPTS":""},"buildName":"projects/620614484841/locations/us-central1/builds/6b75e6f4-c513-4aa7-9c9d-c3457077b46f","dockerRegistry":"ARTIFACT_REGISTRY","automaticUpdatePolicy":{},"buildServiceAccount":"projects/wain-d2e28/serviceAccounts/620614484841-compute@developer.gserviceaccount.com","satisfiesPzi":true},{"name":"projects/wain-d2e28/locations/us-central1/functions/createClaimToken","httpsTrigger":{"url":"https://us-central1-wain-d2e28.cloudfunctions.net/createClaimToken","securityLevel":"SECURE_ALWAYS"},"status":"ACTIVE","entryPoint":"createClaimToken","timeout":"60s","availableMemoryMb":256,"serviceAccountEmail":"wain-d2e28@appspot.gserviceaccount.com","updateTime":"2026-05-07T16:46:21.798Z","versionId":"43","labels":{"deployment-tool":"cli-firebase","deployment-callable":"true","firebase-functions-hash":"9364d461b35753a354d5b35ae8b044b1378feaf4"},"sourceUploadUrl":"[REDACTED_SOURCE_UPLOAD_URL]","environmentVariables":{"FIREBASE_CONFIG":"{\"projectId\":\"wain-d2e28\",\"storageBucket\":\"wain-d2e28.firebasestorage.app\"}","GCLOUD_PROJECT":"wain-d2e28","EVENTARC_CLOUD_EVENT_SOURCE":"projects/wain-d2e28/locations/REGION_TBD/functions/createClaimToken"},"runtime":"nodejs22","ingressSettings":"ALLOW_ALL","buildId":"6b75e6f4-c513-4aa7-9c9d-c3457077b46f","buildEnvironmentVariables":{"GOOGLE_NODE_RUN_SCRIPTS":""},"buildName":"projects/620614484841/locations/us-central1/builds/6b75e6f4-c513-4aa7-9c9d-c3457077b46f","dockerRegistry":"ARTIFACT_REGISTRY","automaticUpdatePolicy":{},"buildServiceAccount":"projects/wain-d2e28/serviceAccounts/620614484841-compute@developer.gserviceaccount.com","satisfiesPzi":true},{"name":"projects/wain-d2e28/locations/us-central1/functions/listVenueReviewsForAdmin","httpsTrigger":{"url":"https://us-central1-wain-d2e28.cloudfunctions.net/listVenueReviewsForAdmin","securityLevel":"SECURE_ALWAYS"},"status":"ACTIVE","entryPoint":"listVenueReviewsForAdmin","timeout":"60s","availableMemoryMb":256,"serviceAccountEmail":"wain-d2e28@appspot.gserviceaccount.com","updateTime":"2026-05-07T16:46:22.692Z","versionId":"3","labels":{"deployment-tool":"cli-firebase","deployment-callable":"true","firebase-functions-hash":"9364d461b35753a354d5b35ae8b044b1378feaf4"},"sourceUploadUrl":"[REDACTED_SOURCE_UPLOAD_URL]","environmentVariables":{"FIREBASE_CONFIG":"{\"projectId\":\"wain-d2e28\",\"storageBucket\":\"wain-d2e28.firebasestorage.app\"}","GCLOUD_PROJECT":"wain-d2e28","EVENTARC_CLOUD_EVENT_SOURCE":"projects/wain-d2e28/locations/REGION_TBD/functions/listVenueReviewsForAdmin"},"runtime":"nodejs22","ingressSettings":"ALLOW_ALL","buildId":"6b75e6f4-c513-4aa7-9c9d-c3457077b46f","buildEnvironmentVariables":{"GOOGLE_NODE_RUN_SCRIPTS":""},"buildName":"projects/620614484841/locations/us-central1/builds/6b75e6f4-c513-4aa7-9c9d-c3457077b46f","dockerRegistry":"ARTIFACT_REGISTRY","automaticUpdatePolicy":{},"buildServiceAccount":"projects/wain-d2e28/serviceAccounts/620614484841-compute@developer.gserviceaccount.com","satisfiesPzi":true},{"name":"projects/wain-d2e28/locations/us-central1/functions/getAdminMediaInventoryReadBundle","httpsTrigger":{"url":"https://us-central1-wain-d2e28.cloudfunctions.net/getAdminMediaInventoryReadBundle","securityLevel":"SECURE_ALWAYS"},"status":"ACTIVE","entryPoint":"getAdminMediaInventoryReadBundle","timeout":"60s","availableMemoryMb":256,"serviceAccountEmail":"wain-d2e28@appspot.gserviceaccount.com","updateTime":"2026-05-07T16:46:23.467Z","versionId":"3","labels":{"deployment-tool":"cli-firebase","deployment-callable":"true","firebase-functions-hash":"9364d461b35753a354d5b35ae8b044b1378feaf4"},"sourceUploadUrl":"[REDACTED_SOURCE_UPLOAD_URL]","environmentVariables":{"FIREBASE_CONFIG":"{\"projectId\":\"wain-d2e28\",\"storageBucket\":\"wain-d2e28.firebasestorage.app\"}","GCLOUD_PROJECT":"wain-d2e28","EVENTARC_CLOUD_EVENT_SOURCE":"projects/wain-d2e28/locations/REGION_TBD/functions/getAdminMediaInventoryReadBundle"},"runtime":"nodejs22","ingressSettings":"ALLOW_ALL","buildId":"6b75e6f4-c513-4aa7-9c9d-c3457077b46f","buildEnvironmentVariables":{"GOOGLE_NODE_RUN_SCRIPTS":""},"buildName":"projects/620614484841/locations/us-central1/builds/6b75e6f4-c513-4aa7-9c9d-c3457077b46f","dockerRegistry":"ARTIFACT_REGISTRY","automaticUpdatePolicy":{},"buildServiceAccount":"projects/wain-d2e28/serviceAccounts/620614484841-compute@developer.gserviceaccount.com","satisfiesPzi":true},{"name":"projects/wain-d2e28/locations/us-central1/functions/aggregateVenueAnalytics","eventTrigger":{"eventType":"google.pubsub.topic.publish","resource":"projects/wain-d2e28/topics/firebase-schedule-aggregateVenueAnalytics-us-central1","service":"pubsub.googleapis.com","failurePolicy":{}},"status":"ACTIVE","entryPoint":"aggregateVenueAnalytics","timeout":"60s","availableMemoryMb":256,"serviceAccountEmail":"wain-d2e28@appspot.gserviceaccount.com","updateTime":"2026-05-07T16:46:20.336Z","versionId":"26","labels":{"firebase-functions-hash":"9364d461b35753a354d5b35ae8b044b1378feaf4","deployment-tool":"cli-firebase","deployment-scheduled":"true"},"sourceUploadUrl":"[REDACTED_SOURCE_UPLOAD_URL]","environmentVariables":{"FIREBASE_CONFIG":"{\"projectId\":\"wain-d2e28\",\"storageBucket\":\"wain-d2e28.firebasestorage.app\"}","GCLOUD_PROJECT":"wain-d2e28","EVENTARC_CLOUD_EVENT_SOURCE":"projects/wain-d2e28/locations/REGION_TBD/functions/aggregateVenueAnalytics"},"runtime":"nodejs22","maxInstances":3000,"ingressSettings":"ALLOW_ALL","buildId":"6b75e6f4-c513-4aa7-9c9d-c3457077b46f","buildEnvironmentVariables":{"GOOGLE_NODE_RUN_SCRIPTS":""},"buildName":"projects/620614484841/locations/us-central1/builds/6b75e6f4-c513-4aa7-9c9d-c3457077b46f","dockerRegistry":"ARTIFACT_REGISTRY","automaticUpdatePolicy":{},"buildServiceAccount":"projects/wain-d2e28/serviceAccounts/620614484841-compute@developer.gserviceaccount.com","satisfiesPzi":true},{"name":"projects/wain-d2e28/locations/us-central1/functions/listStoriesForAdmin","httpsTrigger":{"url":"https://us-central1-wain-d2e28.cloudfunctions.net/listStoriesForAdmin","securityLevel":"SECURE_ALWAYS"},"status":"ACTIVE","entryPoint":"listStoriesForAdmin","timeout":"60s","availableMemoryMb":256,"serviceAccountEmail":"wain-d2e28@appspot.gserviceaccount.com","updateTime":"2026-05-07T16:46:45.080Z","versionId":"3","labels":{"deployment-tool":"cli-firebase","deployment-callable":"true","firebase-functions-hash":"9364d461b35753a354d5b35ae8b044b1378feaf4"},"sourceUploadUrl":"[REDACTED_SOURCE_UPLOAD_URL]","environmentVariables":{"FIREBASE_CONFIG":"{\"projectId\":\"wain-d2e28\",\"storageBucket\":\"wain-d2e28.firebasestorage.app\"}","GCLOUD_PROJECT":"wain-d2e28","EVENTARC_CLOUD_EVENT_SOURCE":"projects/wain-d2e28/locations/REGION_TBD/functions/listStoriesForAdmin"},"runtime":"nodejs22","ingressSettings":"ALLOW_ALL","buildId":"6b75e6f4-c513-4aa7-9c9d-c3457077b46f","buildEnvironmentVariables":{"GOOGLE_NODE_RUN_SCRIPTS":""},"buildName":"projects/620614484841/locations/us-central1/builds/6b75e6f4-c513-4aa7-9c9d-c3457077b46f","dockerRegistry":"ARTIFACT_REGISTRY","automaticUpdatePolicy":{},"buildServiceAccount":"projects/wain-d2e28/serviceAccounts/620614484841-compute@developer.gserviceaccount.com","satisfiesPzi":true},{"name":"projects/wain-d2e28/locations/us-central1/functions/adminUpdateVenueOperationalStatus","httpsTrigger":{"url":"https://us-central1-wain-d2e28.cloudfunctions.net/adminUpdateVenueOperationalStatus","securityLevel":"SECURE_ALWAYS"},"status":"ACTIVE","entryPoint":"adminUpdateVenueOperationalStatus","timeout":"60s","availableMemoryMb":256,"serviceAccountEmail":"wain-d2e28@appspot.gserviceaccount.com","updateTime":"2026-05-07T16:46:43.109Z","versionId":"2","labels":{"firebase-functions-hash":"9364d461b35753a354d5b35ae8b044b1378feaf4","deployment-tool":"cli-firebase","deployment-callable":"true"},"sourceUploadUrl":"[REDACTED_SOURCE_UPLOAD_URL]","environmentVariables":{"FIREBASE_CONFIG":"{\"projectId\":\"wain-d2e28\",\"storageBucket\":\"wain-d2e28.firebasestorage.app\"}","GCLOUD_PROJECT":"wain-d2e28","EVENTARC_CLOUD_EVENT_SOURCE":"projects/wain-d2e28/locations/REGION_TBD/functions/adminUpdateVenueOperationalStatus"},"runtime":"nodejs22","ingressSettings":"ALLOW_ALL","buildId":"6b75e6f4-c513-4aa7-9c9d-c3457077b46f","buildEnvironmentVariables":{"GOOGLE_NODE_RUN_SCRIPTS":""},"buildName":"projects/620614484841/locations/us-central1/builds/6b75e6f4-c513-4aa7-9c9d-c3457077b46f","dockerRegistry":"ARTIFACT_REGISTRY","automaticUpdatePolicy":{},"buildServiceAccount":"projects/wain-d2e28/serviceAccounts/620614484841-compute@developer.gserviceaccount.com","satisfiesPzi":true},{"name":"projects/wain-d2e28/locations/us-central1/functions/runMenuOcr","httpsTrigger":{"url":"https://us-central1-wain-d2e28.cloudfunctions.net/runMenuOcr","securityLevel":"SECURE_ALWAYS"},"status":"ACTIVE","entryPoint":"runMenuOcr","timeout":"60s","availableMemoryMb":256,"serviceAccountEmail":"wain-d2e28@appspot.gserviceaccount.com","updateTime":"2026-05-07T16:46:18.090Z","versionId":"24","labels":{"firebase-functions-hash":"9364d461b35753a354d5b35ae8b044b1378feaf4","deployment-tool":"cli-firebase","deployment-callable":"true"},"sourceUploadUrl":"[REDACTED_SOURCE_UPLOAD_URL]","environmentVariables":{"FIREBASE_CONFIG":"{\"projectId\":\"wain-d2e28\",\"storageBucket\":\"wain-d2e28.firebasestorage.app\"}","GCLOUD_PROJECT":"wain-d2e28","EVENTARC_CLOUD_EVENT_SOURCE":"projects/wain-d2e28/locations/REGION_TBD/functions/runMenuOcr"},"runtime":"nodejs22","ingressSettings":"ALLOW_ALL","buildId":"6b75e6f4-c513-4aa7-9c9d-c3457077b46f","buildEnvironmentVariables":{"GOOGLE_NODE_RUN_SCRIPTS":""},"buildName":"projects/620614484841/locations/us-central1/builds/6b75e6f4-c513-4aa7-9c9d-c3457077b46f","dockerRegistry":"ARTIFACT_REGISTRY","automaticUpdatePolicy":{},"buildServiceAccount":"projects/wain-d2e28/serviceAccounts/620614484841-compute@developer.gserviceaccount.com","satisfiesPzi":true},{"name":"projects/wain-d2e28/locations/us-central1/functions/backfillMerchantAnalytics","httpsTrigger":{"url":"https://us-central1-wain-d2e28.cloudfunctions.net/backfillMerchantAnalytics","securityLevel":"SECURE_ALWAYS"},"status":"ACTIVE","entryPoint":"backfillMerchantAnalytics","timeout":"60s","availableMemoryMb":256,"serviceAccountEmail":"wain-d2e28@appspot.gserviceaccount.com","updateTime":"2026-05-07T16:46:19.977Z","versionId":"34","labels":{"deployment-tool":"cli-firebase","deployment-callable":"true","firebase-functions-hash":"9364d461b35753a354d5b35ae8b044b1378feaf4"},"sourceUploadUrl":"[REDACTED_SOURCE_UPLOAD_URL]","environmentVariables":{"FIREBASE_CONFIG":"{\"projectId\":\"wain-d2e28\",\"storageBucket\":\"wain-d2e28.firebasestorage.app\"}","GCLOUD_PROJECT":"wain-d2e28","EVENTARC_CLOUD_EVENT_SOURCE":"projects/wain-d2e28/locations/REGION_TBD/functions/backfillMerchantAnalytics"},"runtime":"nodejs22","ingressSettings":"ALLOW_ALL","buildId":"6b75e6f4-c513-4aa7-9c9d-c3457077b46f","buildEnvironmentVariables":{"GOOGLE_NODE_RUN_SCRIPTS":""},"buildName":"projects/620614484841/locations/us-central1/builds/6b75e6f4-c513-4aa7-9c9d-c3457077b46f","dockerRegistry":"ARTIFACT_REGISTRY","automaticUpdatePolicy":{},"buildServiceAccount":"projects/wain-d2e28/serviceAccounts/620614484841-compute@developer.gserviceaccount.com","satisfiesPzi":true},{"name":"projects/wain-d2e28/locations/us-central1/functions/extractMenuCandidates","httpsTrigger":{"url":"https://us-central1-wain-d2e28.cloudfunctions.net/extractMenuCandidates","securityLevel":"SECURE_ALWAYS"},"status":"ACTIVE","entryPoint":"extractMenuCandidates","timeout":"60s","availableMemoryMb":256,"serviceAccountEmail":"wain-d2e28@appspot.gserviceaccount.com","updateTime":"2026-05-07T16:46:16.936Z","versionId":"24","labels":{"deployment-tool":"cli-firebase","deployment-callable":"true","firebase-functions-hash":"9364d461b35753a354d5b35ae8b044b1378feaf4"},"sourceUploadUrl":"[REDACTED_SOURCE_UPLOAD_URL]","environmentVariables":{"FIREBASE_CONFIG":"{\"projectId\":\"wain-d2e28\",\"storageBucket\":\"wain-d2e28.firebasestorage.app\"}","GCLOUD_PROJECT":"wain-d2e28","EVENTARC_CLOUD_EVENT_SOURCE":"projects/wain-d2e28/locations/REGION_TBD/functions/extractMenuCandidates"},"runtime":"nodejs22","ingressSettings":"ALLOW_ALL","buildId":"6b75e6f4-c513-4aa7-9c9d-c3457077b46f","buildEnvironmentVariables":{"GOOGLE_NODE_RUN_SCRIPTS":""},"buildName":"projects/620614484841/locations/us-central1/builds/6b75e6f4-c513-4aa7-9c9d-c3457077b46f","dockerRegistry":"ARTIFACT_REGISTRY","automaticUpdatePolicy":{},"buildServiceAccount":"projects/wain-d2e28/serviceAccounts/620614484841-compute@developer.gserviceaccount.com","satisfiesPzi":true},{"name":"projects/wain-d2e28/locations/us-central1/functions/updateVenueHasOffers","eventTrigger":{"eventType":"providers/cloud.firestore/eventTypes/document.write","resource":"projects/wain-d2e28/databases/(default)/documents/offers/{offerId}","service":"firestore.googleapis.com","failurePolicy":{}},"status":"ACTIVE","entryPoint":"updateVenueHasOffers","timeout":"60s","availableMemoryMb":256,"serviceAccountEmail":"wain-d2e28@appspot.gserviceaccount.com","updateTime":"2026-05-07T16:46:16.638Z","versionId":"28","labels":{"firebase-functions-hash":"9364d461b35753a354d5b35ae8b044b1378feaf4","deployment-tool":"cli-firebase"},"sourceUploadUrl":"[REDACTED_SOURCE_UPLOAD_URL]","environmentVariables":{"FIREBASE_CONFIG":"{\"projectId\":\"wain-d2e28\",\"storageBucket\":\"wain-d2e28.firebasestorage.app\"}","GCLOUD_PROJECT":"wain-d2e28","EVENTARC_CLOUD_EVENT_SOURCE":"projects/wain-d2e28/locations/REGION_TBD/functions/updateVenueHasOffers"},"runtime":"nodejs22","maxInstances":3000,"ingressSettings":"ALLOW_ALL","buildId":"6b75e6f4-c513-4aa7-9c9d-c3457077b46f","buildEnvironmentVariables":{"GOOGLE_NODE_RUN_SCRIPTS":""},"buildName":"projects/620614484841/locations/us-central1/builds/6b75e6f4-c513-4aa7-9c9d-c3457077b46f","dockerRegistry":"ARTIFACT_REGISTRY","automaticUpdatePolicy":{},"buildServiceAccount":"projects/wain-d2e28/serviceAccounts/620614484841-compute@developer.gserviceaccount.com","satisfiesPzi":true},{"name":"projects/wain-d2e28/locations/us-central1/functions/trackVenueEvent","httpsTrigger":{"url":"https://us-central1-wain-d2e28.cloudfunctions.net/trackVenueEvent","securityLevel":"SECURE_ALWAYS"},"status":"ACTIVE","entryPoint":"trackVenueEvent","timeout":"60s","availableMemoryMb":256,"serviceAccountEmail":"wain-d2e28@appspot.gserviceaccount.com","updateTime":"2026-05-07T16:46:20.050Z","versionId":"28","labels":{"deployment-tool":"cli-firebase","deployment-callable":"true","firebase-functions-hash":"9364d461b35753a354d5b35ae8b044b1378feaf4"},"sourceUploadUrl":"[REDACTED_SOURCE_UPLOAD_URL]","environmentVariables":{"FIREBASE_CONFIG":"{\"projectId\":\"wain-d2e28\",\"storageBucket\":\"wain-d2e28.firebasestorage.app\"}","GCLOUD_PROJECT":"wain-d2e28","EVENTARC_CLOUD_EVENT_SOURCE":"projects/wain-d2e28/locations/REGION_TBD/functions/trackVenueEvent"},"runtime":"nodejs22","ingressSettings":"ALLOW_ALL","buildId":"6b75e6f4-c513-4aa7-9c9d-c3457077b46f","buildEnvironmentVariables":{"GOOGLE_NODE_RUN_SCRIPTS":""},"buildName":"projects/620614484841/locations/us-central1/builds/6b75e6f4-c513-4aa7-9c9d-c3457077b46f","dockerRegistry":"ARTIFACT_REGISTRY","automaticUpdatePolicy":{},"buildServiceAccount":"projects/wain-d2e28/serviceAccounts/620614484841-compute@developer.gserviceaccount.com","satisfiesPzi":true},{"name":"projects/wain-d2e28/locations/us-central1/functions/promoteStory","httpsTrigger":{"url":"https://us-central1-wain-d2e28.cloudfunctions.net/promoteStory","securityLevel":"SECURE_ALWAYS"},"status":"ACTIVE","entryPoint":"promoteStory","timeout":"60s","availableMemoryMb":256,"serviceAccountEmail":"wain-d2e28@appspot.gserviceaccount.com","updateTime":"2026-05-07T16:46:16.681Z","versionId":"35","labels":{"deployment-tool":"cli-firebase","deployment-callable":"true","firebase-functions-hash":"9364d461b35753a354d5b35ae8b044b1378feaf4"},"sourceUploadUrl":"[REDACTED_SOURCE_UPLOAD_URL]","environmentVariables":{"FIREBASE_CONFIG":"{\"projectId\":\"wain-d2e28\",\"storageBucket\":\"wain-d2e28.firebasestorage.app\"}","GCLOUD_PROJECT":"wain-d2e28","EVENTARC_CLOUD_EVENT_SOURCE":"projects/wain-d2e28/locations/REGION_TBD/functions/promoteStory"},"runtime":"nodejs22","ingressSettings":"ALLOW_ALL","buildId":"6b75e6f4-c513-4aa7-9c9d-c3457077b46f","buildEnvironmentVariables":{"GOOGLE_NODE_RUN_SCRIPTS":""},"buildName":"projects/620614484841/locations/us-central1/builds/6b75e6f4-c513-4aa7-9c9d-c3457077b46f","dockerRegistry":"ARTIFACT_REGISTRY","automaticUpdatePolicy":{},"buildServiceAccount":"projects/wain-d2e28/serviceAccounts/620614484841-compute@developer.gserviceaccount.com","satisfiesPzi":true},{"name":"projects/wain-d2e28/locations/us-central1/functions/createTransportHandoff","httpsTrigger":{"url":"https://us-central1-wain-d2e28.cloudfunctions.net/createTransportHandoff","securityLevel":"SECURE_ALWAYS"},"status":"ACTIVE","entryPoint":"createTransportHandoff","timeout":"60s","availableMemoryMb":256,"serviceAccountEmail":"wain-d2e28@appspot.gserviceaccount.com","updateTime":"2026-05-07T16:46:19.460Z","versionId":"9","labels":{"deployment-tool":"cli-firebase","deployment-callable":"true","firebase-functions-hash":"9364d461b35753a354d5b35ae8b044b1378feaf4"},"sourceUploadUrl":"[REDACTED_SOURCE_UPLOAD_URL]","environmentVariables":{"FIREBASE_CONFIG":"{\"projectId\":\"wain-d2e28\",\"storageBucket\":\"wain-d2e28.firebasestorage.app\"}","GCLOUD_PROJECT":"wain-d2e28","EVENTARC_CLOUD_EVENT_SOURCE":"projects/wain-d2e28/locations/REGION_TBD/functions/createTransportHandoff"},"runtime":"nodejs22","ingressSettings":"ALLOW_ALL","buildId":"6b75e6f4-c513-4aa7-9c9d-c3457077b46f","buildEnvironmentVariables":{"GOOGLE_NODE_RUN_SCRIPTS":""},"buildName":"projects/620614484841/locations/us-central1/builds/6b75e6f4-c513-4aa7-9c9d-c3457077b46f","dockerRegistry":"ARTIFACT_REGISTRY","automaticUpdatePolicy":{},"buildServiceAccount":"projects/wain-d2e28/serviceAccounts/620614484841-compute@developer.gserviceaccount.com","satisfiesPzi":true},{"name":"projects/wain-d2e28/locations/us-central1/functions/adminUpdateVenueSubscriptionStatus","httpsTrigger":{"url":"https://us-central1-wain-d2e28.cloudfunctions.net/adminUpdateVenueSubscriptionStatus","securityLevel":"SECURE_ALWAYS"},"status":"ACTIVE","entryPoint":"adminUpdateVenueSubscriptionStatus","timeout":"60s","availableMemoryMb":256,"serviceAccountEmail":"wain-d2e28@appspot.gserviceaccount.com","updateTime":"2026-05-07T16:46:43.588Z","versionId":"2","labels":{"deployment-tool":"cli-firebase","deployment-callable":"true","firebase-functions-hash":"9364d461b35753a354d5b35ae8b044b1378feaf4"},"sourceUploadUrl":"[REDACTED_SOURCE_UPLOAD_URL]","environmentVariables":{"FIREBASE_CONFIG":"{\"projectId\":\"wain-d2e28\",\"storageBucket\":\"wain-d2e28.firebasestorage.app\"}","GCLOUD_PROJECT":"wain-d2e28","EVENTARC_CLOUD_EVENT_SOURCE":"projects/wain-d2e28/locations/REGION_TBD/functions/adminUpdateVenueSubscriptionStatus"},"runtime":"nodejs22","ingressSettings":"ALLOW_ALL","buildId":"6b75e6f4-c513-4aa7-9c9d-c3457077b46f","buildEnvironmentVariables":{"GOOGLE_NODE_RUN_SCRIPTS":""},"buildName":"projects/620614484841/locations/us-central1/builds/6b75e6f4-c513-4aa7-9c9d-c3457077b46f","dockerRegistry":"ARTIFACT_REGISTRY","automaticUpdatePolicy":{},"buildServiceAccount":"projects/wain-d2e28/serviceAccounts/620614484841-compute@developer.gserviceaccount.com","satisfiesPzi":true},{"name":"projects/wain-d2e28/locations/us-central1/functions/configPublishDraft","httpsTrigger":{"url":"https://us-central1-wain-d2e28.cloudfunctions.net/configPublishDraft","securityLevel":"SECURE_ALWAYS"},"status":"ACTIVE","entryPoint":"configPublishDraft","timeout":"60s","availableMemoryMb":256,"serviceAccountEmail":"wain-d2e28@appspot.gserviceaccount.com","updateTime":"2026-05-07T16:46:41.746Z","versionId":"2","labels":{"firebase-functions-hash":"9364d461b35753a354d5b35ae8b044b1378feaf4","deployment-tool":"cli-firebase","deployment-callable":"true"},"sourceUploadUrl":"[REDACTED_SOURCE_UPLOAD_URL]","environmentVariables":{"FIREBASE_CONFIG":"{\"projectId\":\"wain-d2e28\",\"storageBucket\":\"wain-d2e28.firebasestorage.app\"}","GCLOUD_PROJECT":"wain-d2e28","EVENTARC_CLOUD_EVENT_SOURCE":"projects/wain-d2e28/locations/REGION_TBD/functions/configPublishDraft"},"runtime":"nodejs22","ingressSettings":"ALLOW_ALL","buildId":"6b75e6f4-c513-4aa7-9c9d-c3457077b46f","buildEnvironmentVariables":{"GOOGLE_NODE_RUN_SCRIPTS":""},"buildName":"projects/620614484841/locations/us-central1/builds/6b75e6f4-c513-4aa7-9c9d-c3457077b46f","dockerRegistry":"ARTIFACT_REGISTRY","automaticUpdatePolicy":{},"buildServiceAccount":"projects/wain-d2e28/serviceAccounts/620614484841-compute@developer.gserviceaccount.com","satisfiesPzi":true},{"name":"projects/wain-d2e28/locations/us-central1/functions/createMenuImportJob","httpsTrigger":{"url":"https://us-central1-wain-d2e28.cloudfunctions.net/createMenuImportJob","securityLevel":"SECURE_ALWAYS"},"status":"ACTIVE","entryPoint":"createMenuImportJob","timeout":"60s","availableMemoryMb":256,"serviceAccountEmail":"wain-d2e28@appspot.gserviceaccount.com","updateTime":"2026-05-07T16:46:24.409Z","versionId":"24","labels":{"deployment-tool":"cli-firebase","deployment-callable":"true","firebase-functions-hash":"9364d461b35753a354d5b35ae8b044b1378feaf4"},"sourceUploadUrl":"[REDACTED_SOURCE_UPLOAD_URL]","environmentVariables":{"FIREBASE_CONFIG":"{\"projectId\":\"wain-d2e28\",\"storageBucket\":\"wain-d2e28.firebasestorage.app\"}","GCLOUD_PROJECT":"wain-d2e28","EVENTARC_CLOUD_EVENT_SOURCE":"projects/wain-d2e28/locations/REGION_TBD/functions/createMenuImportJob"},"runtime":"nodejs22","ingressSettings":"ALLOW_ALL","buildId":"6b75e6f4-c513-4aa7-9c9d-c3457077b46f","buildEnvironmentVariables":{"GOOGLE_NODE_RUN_SCRIPTS":""},"buildName":"projects/620614484841/locations/us-central1/builds/6b75e6f4-c513-4aa7-9c9d-c3457077b46f","dockerRegistry":"ARTIFACT_REGISTRY","automaticUpdatePolicy":{},"buildServiceAccount":"projects/wain-d2e28/serviceAccounts/620614484841-compute@developer.gserviceaccount.com","satisfiesPzi":true},{"name":"projects/wain-d2e28/locations/us-central1/functions/mapExtractedMenu","httpsTrigger":{"url":"https://us-central1-wain-d2e28.cloudfunctions.net/mapExtractedMenu","securityLevel":"SECURE_ALWAYS"},"status":"ACTIVE","entryPoint":"mapExtractedMenu","timeout":"60s","availableMemoryMb":256,"serviceAccountEmail":"wain-d2e28@appspot.gserviceaccount.com","updateTime":"2026-05-07T16:46:23.732Z","versionId":"24","labels":{"firebase-functions-hash":"9364d461b35753a354d5b35ae8b044b1378feaf4","deployment-tool":"cli-firebase","deployment-callable":"true"},"sourceUploadUrl":"[REDACTED_SOURCE_UPLOAD_URL]","environmentVariables":{"FIREBASE_CONFIG":"{\"projectId\":\"wain-d2e28\",\"storageBucket\":\"wain-d2e28.firebasestorage.app\"}","GCLOUD_PROJECT":"wain-d2e28","EVENTARC_CLOUD_EVENT_SOURCE":"projects/wain-d2e28/locations/REGION_TBD/functions/mapExtractedMenu"},"runtime":"nodejs22","ingressSettings":"ALLOW_ALL","buildId":"6b75e6f4-c513-4aa7-9c9d-c3457077b46f","buildEnvironmentVariables":{"GOOGLE_NODE_RUN_SCRIPTS":""},"buildName":"projects/620614484841/locations/us-central1/builds/6b75e6f4-c513-4aa7-9c9d-c3457077b46f","dockerRegistry":"ARTIFACT_REGISTRY","automaticUpdatePolicy":{},"buildServiceAccount":"projects/wain-d2e28/serviceAccounts/620614484841-compute@developer.gserviceaccount.com","satisfiesPzi":true},{"name":"projects/wain-d2e28/locations/us-central1/functions/mediaReferenceCheckAsset","httpsTrigger":{"url":"https://us-central1-wain-d2e28.cloudfunctions.net/mediaReferenceCheckAsset","securityLevel":"SECURE_ALWAYS"},"status":"ACTIVE","entryPoint":"mediaReferenceCheckAsset","timeout":"60s","availableMemoryMb":256,"serviceAccountEmail":"wain-d2e28@appspot.gserviceaccount.com","updateTime":"2026-05-07T16:46:34.953Z","versionId":"3","labels":{"deployment-tool":"cli-firebase","deployment-callable":"true","firebase-functions-hash":"9364d461b35753a354d5b35ae8b044b1378feaf4"},"sourceUploadUrl":"[REDACTED_SOURCE_UPLOAD_URL]","environmentVariables":{"FIREBASE_CONFIG":"{\"projectId\":\"wain-d2e28\",\"storageBucket\":\"wain-d2e28.firebasestorage.app\"}","GCLOUD_PROJECT":"wain-d2e28","EVENTARC_CLOUD_EVENT_SOURCE":"projects/wain-d2e28/locations/REGION_TBD/functions/mediaReferenceCheckAsset"},"runtime":"nodejs22","ingressSettings":"ALLOW_ALL","buildId":"6b75e6f4-c513-4aa7-9c9d-c3457077b46f","buildEnvironmentVariables":{"GOOGLE_NODE_RUN_SCRIPTS":""},"buildName":"projects/620614484841/locations/us-central1/builds/6b75e6f4-c513-4aa7-9c9d-c3457077b46f","dockerRegistry":"ARTIFACT_REGISTRY","automaticUpdatePolicy":{},"buildServiceAccount":"projects/wain-d2e28/serviceAccounts/620614484841-compute@developer.gserviceaccount.com","satisfiesPzi":true},{"name":"projects/wain-d2e28/locations/us-central1/functions/adminUpdateVenueProfile","httpsTrigger":{"url":"https://us-central1-wain-d2e28.cloudfunctions.net/adminUpdateVenueProfile","securityLevel":"SECURE_ALWAYS"},"status":"ACTIVE","entryPoint":"adminUpdateVenueProfile","timeout":"60s","availableMemoryMb":256,"serviceAccountEmail":"wain-d2e28@appspot.gserviceaccount.com","updateTime":"2026-05-07T16:46:38.429Z","versionId":"2","labels":{"deployment-callable":"true","firebase-functions-hash":"9364d461b35753a354d5b35ae8b044b1378feaf4","deployment-tool":"cli-firebase"},"sourceUploadUrl":"[REDACTED_SOURCE_UPLOAD_URL]","environmentVariables":{"FIREBASE_CONFIG":"{\"projectId\":\"wain-d2e28\",\"storageBucket\":\"wain-d2e28.firebasestorage.app\"}","GCLOUD_PROJECT":"wain-d2e28","EVENTARC_CLOUD_EVENT_SOURCE":"projects/wain-d2e28/locations/REGION_TBD/functions/adminUpdateVenueProfile"},"runtime":"nodejs22","ingressSettings":"ALLOW_ALL","buildId":"6b75e6f4-c513-4aa7-9c9d-c3457077b46f","buildEnvironmentVariables":{"GOOGLE_NODE_RUN_SCRIPTS":""},"buildName":"projects/620614484841/locations/us-central1/builds/6b75e6f4-c513-4aa7-9c9d-c3457077b46f","dockerRegistry":"ARTIFACT_REGISTRY","automaticUpdatePolicy":{},"buildServiceAccount":"projects/wain-d2e28/serviceAccounts/620614484841-compute@developer.gserviceaccount.com","satisfiesPzi":true},{"name":"projects/wain-d2e28/locations/us-central1/functions/configUpsertDraft","httpsTrigger":{"url":"https://us-central1-wain-d2e28.cloudfunctions.net/configUpsertDraft","securityLevel":"SECURE_ALWAYS"},"status":"ACTIVE","entryPoint":"configUpsertDraft","timeout":"60s","availableMemoryMb":256,"serviceAccountEmail":"wain-d2e28@appspot.gserviceaccount.com","updateTime":"2026-05-07T16:46:39.980Z","versionId":"2","labels":{"deployment-tool":"cli-firebase","deployment-callable":"true","firebase-functions-hash":"9364d461b35753a354d5b35ae8b044b1378feaf4"},"sourceUploadUrl":"[REDACTED_SOURCE_UPLOAD_URL]","environmentVariables":{"FIREBASE_CONFIG":"{\"projectId\":\"wain-d2e28\",\"storageBucket\":\"wain-d2e28.firebasestorage.app\"}","GCLOUD_PROJECT":"wain-d2e28","EVENTARC_CLOUD_EVENT_SOURCE":"projects/wain-d2e28/locations/REGION_TBD/functions/configUpsertDraft"},"runtime":"nodejs22","ingressSettings":"ALLOW_ALL","buildId":"6b75e6f4-c513-4aa7-9c9d-c3457077b46f","buildEnvironmentVariables":{"GOOGLE_NODE_RUN_SCRIPTS":""},"buildName":"projects/620614484841/locations/us-central1/builds/6b75e6f4-c513-4aa7-9c9d-c3457077b46f","dockerRegistry":"ARTIFACT_REGISTRY","automaticUpdatePolicy":{},"buildServiceAccount":"projects/wain-d2e28/serviceAccounts/620614484841-compute@developer.gserviceaccount.com","satisfiesPzi":true},{"name":"projects/wain-d2e28/locations/us-central1/functions/approveWalletReversalRequest","httpsTrigger":{"url":"https://us-central1-wain-d2e28.cloudfunctions.net/approveWalletReversalRequest","securityLevel":"SECURE_ALWAYS"},"status":"ACTIVE","entryPoint":"approveWalletReversalRequest","timeout":"60s","availableMemoryMb":256,"serviceAccountEmail":"wain-d2e28@appspot.gserviceaccount.com","updateTime":"2026-05-07T16:46:19.907Z","versionId":"4","labels":{"deployment-tool":"cli-firebase","deployment-callable":"true","firebase-functions-hash":"9364d461b35753a354d5b35ae8b044b1378feaf4"},"sourceUploadUrl":"[REDACTED_SOURCE_UPLOAD_URL]","environmentVariables":{"FIREBASE_CONFIG":"{\"projectId\":\"wain-d2e28\",\"storageBucket\":\"wain-d2e28.firebasestorage.app\"}","GCLOUD_PROJECT":"wain-d2e28","EVENTARC_CLOUD_EVENT_SOURCE":"projects/wain-d2e28/locations/REGION_TBD/functions/approveWalletReversalRequest"},"runtime":"nodejs22","ingressSettings":"ALLOW_ALL","buildId":"6b75e6f4-c513-4aa7-9c9d-c3457077b46f","buildEnvironmentVariables":{"GOOGLE_NODE_RUN_SCRIPTS":""},"buildName":"projects/620614484841/locations/us-central1/builds/6b75e6f4-c513-4aa7-9c9d-c3457077b46f","dockerRegistry":"ARTIFACT_REGISTRY","automaticUpdatePolicy":{},"buildServiceAccount":"projects/wain-d2e28/serviceAccounts/620614484841-compute@developer.gserviceaccount.com","satisfiesPzi":true},{"name":"projects/wain-d2e28/locations/us-central1/functions/mediaQuarantineAsset","httpsTrigger":{"url":"https://us-central1-wain-d2e28.cloudfunctions.net/mediaQuarantineAsset","securityLevel":"SECURE_ALWAYS"},"status":"ACTIVE","entryPoint":"mediaQuarantineAsset","timeout":"60s","availableMemoryMb":256,"serviceAccountEmail":"wain-d2e28@appspot.gserviceaccount.com","updateTime":"2026-05-07T16:46:21.613Z","versionId":"3","labels":{"deployment-tool":"cli-firebase","deployment-callable":"true","firebase-functions-hash":"9364d461b35753a354d5b35ae8b044b1378feaf4"},"sourceUploadUrl":"[REDACTED_SOURCE_UPLOAD_URL]","environmentVariables":{"FIREBASE_CONFIG":"{\"projectId\":\"wain-d2e28\",\"storageBucket\":\"wain-d2e28.firebasestorage.app\"}","GCLOUD_PROJECT":"wain-d2e28","EVENTARC_CLOUD_EVENT_SOURCE":"projects/wain-d2e28/locations/REGION_TBD/functions/mediaQuarantineAsset"},"runtime":"nodejs22","ingressSettings":"ALLOW_ALL","buildId":"6b75e6f4-c513-4aa7-9c9d-c3457077b46f","buildEnvironmentVariables":{"GOOGLE_NODE_RUN_SCRIPTS":""},"buildName":"projects/620614484841/locations/us-central1/builds/6b75e6f4-c513-4aa7-9c9d-c3457077b46f","dockerRegistry":"ARTIFACT_REGISTRY","automaticUpdatePolicy":{},"buildServiceAccount":"projects/wain-d2e28/serviceAccounts/620614484841-compute@developer.gserviceaccount.com","satisfiesPzi":true},{"name":"projects/wain-d2e28/locations/us-central1/functions/getAdminConfigGovernanceBundle","httpsTrigger":{"url":"https://us-central1-wain-d2e28.cloudfunctions.net/getAdminConfigGovernanceBundle","securityLevel":"SECURE_ALWAYS"},"status":"ACTIVE","entryPoint":"getAdminConfigGovernanceBundle","timeout":"60s","availableMemoryMb":256,"serviceAccountEmail":"wain-d2e28@appspot.gserviceaccount.com","updateTime":"2026-05-07T16:46:43.723Z","versionId":"3","labels":{"firebase-functions-hash":"9364d461b35753a354d5b35ae8b044b1378feaf4","deployment-tool":"cli-firebase","deployment-callable":"true"},"sourceUploadUrl":"[REDACTED_SOURCE_UPLOAD_URL]","environmentVariables":{"FIREBASE_CONFIG":"{\"projectId\":\"wain-d2e28\",\"storageBucket\":\"wain-d2e28.firebasestorage.app\"}","GCLOUD_PROJECT":"wain-d2e28","EVENTARC_CLOUD_EVENT_SOURCE":"projects/wain-d2e28/locations/REGION_TBD/functions/getAdminConfigGovernanceBundle"},"runtime":"nodejs22","ingressSettings":"ALLOW_ALL","buildId":"6b75e6f4-c513-4aa7-9c9d-c3457077b46f","buildEnvironmentVariables":{"GOOGLE_NODE_RUN_SCRIPTS":""},"buildName":"projects/620614484841/locations/us-central1/builds/6b75e6f4-c513-4aa7-9c9d-c3457077b46f","dockerRegistry":"ARTIFACT_REGISTRY","automaticUpdatePolicy":{},"buildServiceAccount":"projects/wain-d2e28/serviceAccounts/620614484841-compute@developer.gserviceaccount.com","satisfiesPzi":true},{"name":"projects/wain-d2e28/locations/us-central1/functions/rebuildWalletReportsDaily","eventTrigger":{"eventType":"google.pubsub.topic.publish","resource":"projects/wain-d2e28/topics/firebase-schedule-rebuildWalletReportsDaily-us-central1","service":"pubsub.googleapis.com","failurePolicy":{}},"status":"ACTIVE","entryPoint":"rebuildWalletReportsDaily","timeout":"60s","availableMemoryMb":256,"serviceAccountEmail":"wain-d2e28@appspot.gserviceaccount.com","updateTime":"2026-05-07T16:46:17.699Z","versionId":"5","labels":{"deployment-tool":"cli-firebase","deployment-scheduled":"true","firebase-functions-hash":"9364d461b35753a354d5b35ae8b044b1378feaf4"},"sourceUploadUrl":"[REDACTED_SOURCE_UPLOAD_URL]","environmentVariables":{"FIREBASE_CONFIG":"{\"projectId\":\"wain-d2e28\",\"storageBucket\":\"wain-d2e28.firebasestorage.app\"}","GCLOUD_PROJECT":"wain-d2e28","EVENTARC_CLOUD_EVENT_SOURCE":"projects/wain-d2e28/locations/REGION_TBD/functions/rebuildWalletReportsDaily"},"runtime":"nodejs22","maxInstances":3000,"ingressSettings":"ALLOW_ALL","buildId":"6b75e6f4-c513-4aa7-9c9d-c3457077b46f","buildEnvironmentVariables":{"GOOGLE_NODE_RUN_SCRIPTS":""},"buildName":"projects/620614484841/locations/us-central1/builds/6b75e6f4-c513-4aa7-9c9d-c3457077b46f","dockerRegistry":"ARTIFACT_REGISTRY","automaticUpdatePolicy":{},"buildServiceAccount":"projects/wain-d2e28/serviceAccounts/620614484841-compute@developer.gserviceaccount.com","satisfiesPzi":true},{"name":"projects/wain-d2e28/locations/us-central1/functions/aggregateVenueBusyTimes","eventTrigger":{"eventType":"google.pubsub.topic.publish","resource":"projects/wain-d2e28/topics/firebase-schedule-aggregateVenueBusyTimes-us-central1","service":"pubsub.googleapis.com","failurePolicy":{}},"status":"ACTIVE","entryPoint":"aggregateVenueBusyTimes","timeout":"60s","availableMemoryMb":256,"serviceAccountEmail":"wain-d2e28@appspot.gserviceaccount.com","updateTime":"2026-05-07T16:46:19.301Z","versionId":"8","labels":{"deployment-scheduled":"true","firebase-functions-hash":"9364d461b35753a354d5b35ae8b044b1378feaf4","deployment-tool":"cli-firebase"},"sourceUploadUrl":"[REDACTED_SOURCE_UPLOAD_URL]","environmentVariables":{"FIREBASE_CONFIG":"{\"projectId\":\"wain-d2e28\",\"storageBucket\":\"wain-d2e28.firebasestorage.app\"}","GCLOUD_PROJECT":"wain-d2e28","EVENTARC_CLOUD_EVENT_SOURCE":"projects/wain-d2e28/locations/REGION_TBD/functions/aggregateVenueBusyTimes"},"runtime":"nodejs22","maxInstances":3000,"ingressSettings":"ALLOW_ALL","buildId":"6b75e6f4-c513-4aa7-9c9d-c3457077b46f","buildEnvironmentVariables":{"GOOGLE_NODE_RUN_SCRIPTS":""},"buildName":"projects/620614484841/locations/us-central1/builds/6b75e6f4-c513-4aa7-9c9d-c3457077b46f","dockerRegistry":"ARTIFACT_REGISTRY","automaticUpdatePolicy":{},"buildServiceAccount":"projects/wain-d2e28/serviceAccounts/620614484841-compute@developer.gserviceaccount.com","satisfiesPzi":true},{"name":"projects/wain-d2e28/locations/us-central1/functions/reverseWalletEntry","httpsTrigger":{"url":"https://us-central1-wain-d2e28.cloudfunctions.net/reverseWalletEntry","securityLevel":"SECURE_ALWAYS"},"status":"ACTIVE","entryPoint":"reverseWalletEntry","timeout":"60s","availableMemoryMb":256,"serviceAccountEmail":"wain-d2e28@appspot.gserviceaccount.com","updateTime":"2026-05-07T16:46:20.102Z","versionId":"5","labels":{"deployment-tool":"cli-firebase","deployment-callable":"true","firebase-functions-hash":"9364d461b35753a354d5b35ae8b044b1378feaf4"},"sourceUploadUrl":"[REDACTED_SOURCE_UPLOAD_URL]","environmentVariables":{"FIREBASE_CONFIG":"{\"projectId\":\"wain-d2e28\",\"storageBucket\":\"wain-d2e28.firebasestorage.app\"}","GCLOUD_PROJECT":"wain-d2e28","EVENTARC_CLOUD_EVENT_SOURCE":"projects/wain-d2e28/locations/REGION_TBD/functions/reverseWalletEntry"},"runtime":"nodejs22","ingressSettings":"ALLOW_ALL","buildId":"6b75e6f4-c513-4aa7-9c9d-c3457077b46f","buildEnvironmentVariables":{"GOOGLE_NODE_RUN_SCRIPTS":""},"buildName":"projects/620614484841/locations/us-central1/builds/6b75e6f4-c513-4aa7-9c9d-c3457077b46f","dockerRegistry":"ARTIFACT_REGISTRY","automaticUpdatePolicy":{},"buildServiceAccount":"projects/wain-d2e28/serviceAccounts/620614484841-compute@developer.gserviceaccount.com","satisfiesPzi":true},{"name":"projects/wain-d2e28/locations/us-central1/functions/processMenuImport","httpsTrigger":{"url":"https://us-central1-wain-d2e28.cloudfunctions.net/processMenuImport","securityLevel":"SECURE_ALWAYS"},"status":"ACTIVE","entryPoint":"processMenuImport","timeout":"60s","availableMemoryMb":256,"serviceAccountEmail":"wain-d2e28@appspot.gserviceaccount.com","updateTime":"2026-05-07T16:46:22.725Z","versionId":"24","labels":{"firebase-functions-hash":"9364d461b35753a354d5b35ae8b044b1378feaf4","deployment-tool":"cli-firebase","deployment-callable":"true"},"sourceUploadUrl":"[REDACTED_SOURCE_UPLOAD_URL]","environmentVariables":{"FIREBASE_CONFIG":"{\"projectId\":\"wain-d2e28\",\"storageBucket\":\"wain-d2e28.firebasestorage.app\"}","GCLOUD_PROJECT":"wain-d2e28","EVENTARC_CLOUD_EVENT_SOURCE":"projects/wain-d2e28/locations/REGION_TBD/functions/processMenuImport"},"runtime":"nodejs22","ingressSettings":"ALLOW_ALL","buildId":"6b75e6f4-c513-4aa7-9c9d-c3457077b46f","buildEnvironmentVariables":{"GOOGLE_NODE_RUN_SCRIPTS":""},"buildName":"projects/620614484841/locations/us-central1/builds/6b75e6f4-c513-4aa7-9c9d-c3457077b46f","dockerRegistry":"ARTIFACT_REGISTRY","automaticUpdatePolicy":{},"buildServiceAccount":"projects/wain-d2e28/serviceAccounts/620614484841-compute@developer.gserviceaccount.com","satisfiesPzi":true},{"name":"projects/wain-d2e28/locations/us-central1/functions/getTransportQuotes","httpsTrigger":{"url":"https://us-central1-wain-d2e28.cloudfunctions.net/getTransportQuotes","securityLevel":"SECURE_ALWAYS"},"status":"ACTIVE","entryPoint":"getTransportQuotes","timeout":"60s","availableMemoryMb":256,"serviceAccountEmail":"wain-d2e28@appspot.gserviceaccount.com","updateTime":"2026-05-07T16:46:16.817Z","versionId":"9","labels":{"deployment-tool":"cli-firebase","deployment-callable":"true","firebase-functions-hash":"9364d461b35753a354d5b35ae8b044b1378feaf4"},"sourceUploadUrl":"[REDACTED_SOURCE_UPLOAD_URL]","environmentVariables":{"FIREBASE_CONFIG":"{\"projectId\":\"wain-d2e28\",\"storageBucket\":\"wain-d2e28.firebasestorage.app\"}","GCLOUD_PROJECT":"wain-d2e28","EVENTARC_CLOUD_EVENT_SOURCE":"projects/wain-d2e28/locations/REGION_TBD/functions/getTransportQuotes"},"runtime":"nodejs22","ingressSettings":"ALLOW_ALL","buildId":"6b75e6f4-c513-4aa7-9c9d-c3457077b46f","buildEnvironmentVariables":{"GOOGLE_NODE_RUN_SCRIPTS":""},"buildName":"projects/620614484841/locations/us-central1/builds/6b75e6f4-c513-4aa7-9c9d-c3457077b46f","dockerRegistry":"ARTIFACT_REGISTRY","automaticUpdatePolicy":{},"buildServiceAccount":"projects/wain-d2e28/serviceAccounts/620614484841-compute@developer.gserviceaccount.com","satisfiesPzi":true},{"name":"projects/wain-d2e28/locations/us-central1/functions/contentModerateOffer","httpsTrigger":{"url":"https://us-central1-wain-d2e28.cloudfunctions.net/contentModerateOffer","securityLevel":"SECURE_ALWAYS"},"status":"ACTIVE","entryPoint":"contentModerateOffer","timeout":"60s","availableMemoryMb":256,"serviceAccountEmail":"wain-d2e28@appspot.gserviceaccount.com","updateTime":"2026-05-07T16:46:43.412Z","versionId":"3","labels":{"deployment-tool":"cli-firebase","deployment-callable":"true","firebase-functions-hash":"9364d461b35753a354d5b35ae8b044b1378feaf4"},"sourceUploadUrl":"[REDACTED_SOURCE_UPLOAD_URL]","environmentVariables":{"FIREBASE_CONFIG":"{\"projectId\":\"wain-d2e28\",\"storageBucket\":\"wain-d2e28.firebasestorage.app\"}","GCLOUD_PROJECT":"wain-d2e28","EVENTARC_CLOUD_EVENT_SOURCE":"projects/wain-d2e28/locations/REGION_TBD/functions/contentModerateOffer"},"runtime":"nodejs22","ingressSettings":"ALLOW_ALL","buildId":"6b75e6f4-c513-4aa7-9c9d-c3457077b46f","buildEnvironmentVariables":{"GOOGLE_NODE_RUN_SCRIPTS":""},"buildName":"projects/620614484841/locations/us-central1/builds/6b75e6f4-c513-4aa7-9c9d-c3457077b46f","dockerRegistry":"ARTIFACT_REGISTRY","automaticUpdatePolicy":{},"buildServiceAccount":"projects/wain-d2e28/serviceAccounts/620614484841-compute@developer.gserviceaccount.com","satisfiesPzi":true},{"name":"projects/wain-d2e28/locations/us-central1/functions/moderateVenueReviewForAdmin","httpsTrigger":{"url":"https://us-central1-wain-d2e28.cloudfunctions.net/moderateVenueReviewForAdmin","securityLevel":"SECURE_ALWAYS"},"status":"ACTIVE","entryPoint":"moderateVenueReviewForAdmin","timeout":"60s","availableMemoryMb":256,"serviceAccountEmail":"wain-d2e28@appspot.gserviceaccount.com","updateTime":"2026-05-07T16:46:16.381Z","versionId":"3","labels":{"deployment-tool":"cli-firebase","deployment-callable":"true","firebase-functions-hash":"9364d461b35753a354d5b35ae8b044b1378feaf4"},"sourceUploadUrl":"[REDACTED_SOURCE_UPLOAD_URL]","environmentVariables":{"FIREBASE_CONFIG":"{\"projectId\":\"wain-d2e28\",\"storageBucket\":\"wain-d2e28.firebasestorage.app\"}","GCLOUD_PROJECT":"wain-d2e28","EVENTARC_CLOUD_EVENT_SOURCE":"projects/wain-d2e28/locations/REGION_TBD/functions/moderateVenueReviewForAdmin"},"runtime":"nodejs22","ingressSettings":"ALLOW_ALL","buildId":"6b75e6f4-c513-4aa7-9c9d-c3457077b46f","buildEnvironmentVariables":{"GOOGLE_NODE_RUN_SCRIPTS":""},"buildName":"projects/620614484841/locations/us-central1/builds/6b75e6f4-c513-4aa7-9c9d-c3457077b46f","dockerRegistry":"ARTIFACT_REGISTRY","automaticUpdatePolicy":{},"buildServiceAccount":"projects/wain-d2e28/serviceAccounts/620614484841-compute@developer.gserviceaccount.com","satisfiesPzi":true},{"name":"projects/wain-d2e28/locations/us-central1/functions/reviewMerchantTopUpRequest","httpsTrigger":{"url":"https://us-central1-wain-d2e28.cloudfunctions.net/reviewMerchantTopUpRequest","securityLevel":"SECURE_ALWAYS"},"status":"ACTIVE","entryPoint":"reviewMerchantTopUpRequest","timeout":"60s","availableMemoryMb":256,"serviceAccountEmail":"wain-d2e28@appspot.gserviceaccount.com","updateTime":"2026-05-07T16:46:25.181Z","versionId":"5","labels":{"deployment-tool":"cli-firebase","deployment-callable":"true","firebase-functions-hash":"9364d461b35753a354d5b35ae8b044b1378feaf4"},"sourceUploadUrl":"[REDACTED_SOURCE_UPLOAD_URL]","environmentVariables":{"FIREBASE_CONFIG":"{\"projectId\":\"wain-d2e28\",\"storageBucket\":\"wain-d2e28.firebasestorage.app\"}","GCLOUD_PROJECT":"wain-d2e28","EVENTARC_CLOUD_EVENT_SOURCE":"projects/wain-d2e28/locations/REGION_TBD/functions/reviewMerchantTopUpRequest"},"runtime":"nodejs22","ingressSettings":"ALLOW_ALL","buildId":"6b75e6f4-c513-4aa7-9c9d-c3457077b46f","buildEnvironmentVariables":{"GOOGLE_NODE_RUN_SCRIPTS":""},"buildName":"projects/620614484841/locations/us-central1/builds/6b75e6f4-c513-4aa7-9c9d-c3457077b46f","dockerRegistry":"ARTIFACT_REGISTRY","automaticUpdatePolicy":{},"buildServiceAccount":"projects/wain-d2e28/serviceAccounts/620614484841-compute@developer.gserviceaccount.com","satisfiesPzi":true},{"name":"projects/wain-d2e28/locations/us-central1/functions/onWalletEntryWrite","eventTrigger":{"eventType":"providers/cloud.firestore/eventTypes/document.write","resource":"projects/wain-d2e28/databases/(default)/documents/merchant_wallets/{venueId}/entries/{entryId}","service":"firestore.googleapis.com","failurePolicy":{}},"status":"ACTIVE","entryPoint":"onWalletEntryWrite","timeout":"60s","availableMemoryMb":256,"serviceAccountEmail":"wain-d2e28@appspot.gserviceaccount.com","updateTime":"2026-05-07T16:46:23.540Z","versionId":"5","labels":{"deployment-tool":"cli-firebase","firebase-functions-hash":"9364d461b35753a354d5b35ae8b044b1378feaf4"},"sourceUploadUrl":"[REDACTED_SOURCE_UPLOAD_URL]","environmentVariables":{"FIREBASE_CONFIG":"{\"projectId\":\"wain-d2e28\",\"storageBucket\":\"wain-d2e28.firebasestorage.app\"}","GCLOUD_PROJECT":"wain-d2e28","EVENTARC_CLOUD_EVENT_SOURCE":"projects/wain-d2e28/locations/REGION_TBD/functions/onWalletEntryWrite"},"runtime":"nodejs22","maxInstances":3000,"ingressSettings":"ALLOW_ALL","buildId":"6b75e6f4-c513-4aa7-9c9d-c3457077b46f","buildEnvironmentVariables":{"GOOGLE_NODE_RUN_SCRIPTS":""},"buildName":"projects/620614484841/locations/us-central1/builds/6b75e6f4-c513-4aa7-9c9d-c3457077b46f","dockerRegistry":"ARTIFACT_REGISTRY","automaticUpdatePolicy":{},"buildServiceAccount":"projects/wain-d2e28/serviceAccounts/620614484841-compute@developer.gserviceaccount.com","satisfiesPzi":true},{"name":"projects/wain-d2e28/locations/us-central1/functions/redeemToken","httpsTrigger":{"url":"https://us-central1-wain-d2e28.cloudfunctions.net/redeemToken","securityLevel":"SECURE_ALWAYS"},"status":"ACTIVE","entryPoint":"redeemToken","timeout":"60s","availableMemoryMb":256,"serviceAccountEmail":"wain-d2e28@appspot.gserviceaccount.com","updateTime":"2026-05-07T16:46:17.285Z","versionId":"44","labels":{"deployment-callable":"true","firebase-functions-hash":"9364d461b35753a354d5b35ae8b044b1378feaf4","deployment-tool":"cli-firebase"},"sourceUploadUrl":"[REDACTED_SOURCE_UPLOAD_URL]","environmentVariables":{"FIREBASE_CONFIG":"{\"projectId\":\"wain-d2e28\",\"storageBucket\":\"wain-d2e28.firebasestorage.app\"}","GCLOUD_PROJECT":"wain-d2e28","EVENTARC_CLOUD_EVENT_SOURCE":"projects/wain-d2e28/locations/REGION_TBD/functions/redeemToken"},"runtime":"nodejs22","ingressSettings":"ALLOW_ALL","buildId":"6b75e6f4-c513-4aa7-9c9d-c3457077b46f","buildEnvironmentVariables":{"GOOGLE_NODE_RUN_SCRIPTS":""},"buildName":"projects/620614484841/locations/us-central1/builds/6b75e6f4-c513-4aa7-9c9d-c3457077b46f","dockerRegistry":"ARTIFACT_REGISTRY","automaticUpdatePolicy":{},"buildServiceAccount":"projects/wain-d2e28/serviceAccounts/620614484841-compute@developer.gserviceaccount.com","satisfiesPzi":true},{"name":"projects/wain-d2e28/locations/us-central1/functions/isCurrentUserAdmin","httpsTrigger":{"url":"https://us-central1-wain-d2e28.cloudfunctions.net/isCurrentUserAdmin","securityLevel":"SECURE_ALWAYS"},"status":"ACTIVE","entryPoint":"isCurrentUserAdmin","timeout":"60s","availableMemoryMb":256,"serviceAccountEmail":"wain-d2e28@appspot.gserviceaccount.com","updateTime":"2026-05-07T16:46:20.699Z","versionId":"5","labels":{"deployment-callable":"true","firebase-functions-hash":"9364d461b35753a354d5b35ae8b044b1378feaf4","deployment-tool":"cli-firebase"},"sourceUploadUrl":"[REDACTED_SOURCE_UPLOAD_URL]","environmentVariables":{"FIREBASE_CONFIG":"{\"projectId\":\"wain-d2e28\",\"storageBucket\":\"wain-d2e28.firebasestorage.app\"}","GCLOUD_PROJECT":"wain-d2e28","EVENTARC_CLOUD_EVENT_SOURCE":"projects/wain-d2e28/locations/REGION_TBD/functions/isCurrentUserAdmin"},"runtime":"nodejs22","ingressSettings":"ALLOW_ALL","buildId":"6b75e6f4-c513-4aa7-9c9d-c3457077b46f","buildEnvironmentVariables":{"GOOGLE_NODE_RUN_SCRIPTS":""},"buildName":"projects/620614484841/locations/us-central1/builds/6b75e6f4-c513-4aa7-9c9d-c3457077b46f","dockerRegistry":"ARTIFACT_REGISTRY","automaticUpdatePolicy":{},"buildServiceAccount":"projects/wain-d2e28/serviceAccounts/620614484841-compute@developer.gserviceaccount.com","satisfiesPzi":true},{"name":"projects/wain-d2e28/locations/us-central1/functions/checkExpiringOffers","eventTrigger":{"eventType":"google.pubsub.topic.publish","resource":"projects/wain-d2e28/topics/firebase-schedule-checkExpiringOffers-us-central1","service":"pubsub.googleapis.com","failurePolicy":{}},"status":"ACTIVE","entryPoint":"checkExpiringOffers","timeout":"60s","availableMemoryMb":256,"serviceAccountEmail":"wain-d2e28@appspot.gserviceaccount.com","updateTime":"2026-05-07T16:46:19.498Z","versionId":"28","labels":{"deployment-scheduled":"true","firebase-functions-hash":"9364d461b35753a354d5b35ae8b044b1378feaf4","deployment-tool":"cli-firebase"},"sourceUploadUrl":"[REDACTED_SOURCE_UPLOAD_URL]","environmentVariables":{"FIREBASE_CONFIG":"{\"projectId\":\"wain-d2e28\",\"storageBucket\":\"wain-d2e28.firebasestorage.app\"}","GCLOUD_PROJECT":"wain-d2e28","EVENTARC_CLOUD_EVENT_SOURCE":"projects/wain-d2e28/locations/REGION_TBD/functions/checkExpiringOffers"},"runtime":"nodejs22","maxInstances":3000,"ingressSettings":"ALLOW_ALL","buildId":"6b75e6f4-c513-4aa7-9c9d-c3457077b46f","buildEnvironmentVariables":{"GOOGLE_NODE_RUN_SCRIPTS":""},"buildName":"projects/620614484841/locations/us-central1/builds/6b75e6f4-c513-4aa7-9c9d-c3457077b46f","dockerRegistry":"ARTIFACT_REGISTRY","automaticUpdatePolicy":{},"buildServiceAccount":"projects/wain-d2e28/serviceAccounts/620614484841-compute@developer.gserviceaccount.com","satisfiesPzi":true},{"name":"projects/wain-d2e28/locations/us-central1/functions/enqueueMenuImport","httpsTrigger":{"url":"https://us-central1-wain-d2e28.cloudfunctions.net/enqueueMenuImport","securityLevel":"SECURE_ALWAYS"},"status":"ACTIVE","entryPoint":"enqueueMenuImport","timeout":"60s","availableMemoryMb":256,"serviceAccountEmail":"wain-d2e28@appspot.gserviceaccount.com","updateTime":"2026-05-07T16:46:17.635Z","versionId":"17","labels":{"firebase-functions-hash":"9364d461b35753a354d5b35ae8b044b1378feaf4","deployment-tool":"cli-firebase","deployment-callable":"true"},"sourceUploadUrl":"[REDACTED_SOURCE_UPLOAD_URL]","environmentVariables":{"FIREBASE_CONFIG":"{\"projectId\":\"wain-d2e28\",\"storageBucket\":\"wain-d2e28.firebasestorage.app\"}","GCLOUD_PROJECT":"wain-d2e28","EVENTARC_CLOUD_EVENT_SOURCE":"projects/wain-d2e28/locations/REGION_TBD/functions/enqueueMenuImport"},"runtime":"nodejs22","ingressSettings":"ALLOW_ALL","buildId":"6b75e6f4-c513-4aa7-9c9d-c3457077b46f","buildEnvironmentVariables":{"GOOGLE_NODE_RUN_SCRIPTS":""},"buildName":"projects/620614484841/locations/us-central1/builds/6b75e6f4-c513-4aa7-9c9d-c3457077b46f","dockerRegistry":"ARTIFACT_REGISTRY","automaticUpdatePolicy":{},"buildServiceAccount":"projects/wain-d2e28/serviceAccounts/620614484841-compute@developer.gserviceaccount.com","satisfiesPzi":true}]}
[2026-05-07T17:14:17.002Z] Checked if tokens are valid: true, expires at: 1778175781006
[2026-05-07T17:14:17.002Z] Checked if tokens are valid: true, expires at: 1778175781006
[2026-05-07T17:14:17.003Z] >>> [apiv2][query] GET https://cloudfunctions.googleapis.com/v2/projects/wain-d2e28/locations/-/functions filter=environment%3D%22GEN_2%22
[2026-05-07T17:14:18.126Z] <<< [apiv2][status] GET https://cloudfunctions.googleapis.com/v2/projects/wain-d2e28/locations/-/functions 200
[2026-05-07T17:14:18.126Z] <<< [apiv2][body] GET https://cloudfunctions.googleapis.com/v2/projects/wain-d2e28/locations/-/functions {"functions":[{"name":"projects/wain-d2e28/locations/us-central1/functions/ssrwainadmin","buildConfig":{"build":"projects/620614484841/locations/us-central1/builds/8ad88a1b-ee1f-46d4-8de3-1707f2c24634","runtime":"nodejs24","entryPoint":"ssrwainadmin","source":{"storageSource":{"bucket":"gcf-v2-sources-620614484841-us-central1","object":"ssrwainadmin/function-source.zip","generation":"1778172388945720"}},"environmentVariables":{"GOOGLE_NODE_RUN_SCRIPTS":""},"dockerRepository":"projects/wain-d2e28/locations/us-central1/repositories/gcf-artifacts","sourceProvenance":{"resolvedStorageSource":{"bucket":"gcf-v2-sources-620614484841-us-central1","object":"ssrwainadmin/function-source.zip","generation":"1778172388945720"}},"dockerRegistry":"ARTIFACT_REGISTRY","serviceAccount":"projects/wain-d2e28/serviceAccounts/620614484841-compute@developer.gserviceaccount.com","automaticUpdatePolicy":{}},"serviceConfig":{"service":"projects/wain-d2e28/locations/us-central1/services/ssrwainadmin","timeoutSeconds":60,"environmentVariables":{"VERCEL_URL":"wain-d2e28.web.app","__FIREBASE_FRAMEWORKS_ENTRY__":"next.js","__FIREBASE_DEFAULTS__":"{\"config\":{\"projectId\":\"wain-d2e28\",\"appId\":\"1:620614484841:web:ac86320829e764bc41b3f8\",\"storageBucket\":\"wain-d2e28.firebasestorage.app\",\"apiKey\":\"AIzaSyC9YKkNcRIbFkVeiO-sBbA2zgJxEzm6rlM\",\"authDomain\":\"wain-d2e28.firebaseapp.com\",\"messagingSenderId\":\"620614484841\",\"measurementId\":\"G-EV5MVJZX2R\",\"projectNumber\":\"620614484841\",\"version\":\"2\"},\"_authTokenSyncURL\":\"/__session\"}","FIREBASE_CONFIG":"{\"projectId\":\"wain-d2e28\",\"storageBucket\":\"wain-d2e28.firebasestorage.app\"}","GCLOUD_PROJECT":"wain-d2e28","EVENTARC_CLOUD_EVENT_SOURCE":"projects/wain-d2e28/locations/us-central1/services/ssrwainadmin","FUNCTION_TARGET":"ssrwainadmin","LOG_EXECUTION_ID":"true"},"maxInstanceCount":20,"ingressSettings":"ALLOW_ALL","uri":"https://ssrwainadmin-wvn5fhzfsq-uc.a.run.app","serviceAccountEmail":"620614484841-compute@developer.gserviceaccount.com","availableMemory":"512Mi","allTrafficOnLatestRevision":true,"revision":"ssrwainadmin-00063-fid","maxInstanceRequestConcurrency":80,"availableCpu":"1"},"state":"ACTIVE","updateTime":"2026-05-07T16:49:26.557403641Z","labels":{"firebase-functions-codebase":"firebase-frameworks-wain-admin","firebase-functions-hash":"795fee5e7cbef9252358cb4ea8528186596de91d","deployment-tool":"cli-firebase"},"environment":"GEN_2","url":"https://us-central1-wain-d2e28.cloudfunctions.net/ssrwainadmin","createTime":"2026-04-19T15:34:01.002358269Z","satisfiesPzi":true}]}
i  hosting: The following function(s) are pinned to site wain-admin and will be deployed as well: ssrwainadmin

=== Deploying to 'wain-d2e28'...

i  deploying functions, hosting
[2026-05-07T17:14:18.129Z] Checked if tokens are valid: true, expires at: 1778175781006
[2026-05-07T17:14:18.129Z] Checked if tokens are valid: true, expires at: 1778175781006
[2026-05-07T17:14:18.129Z] >>> [apiv2][query] GET https://cloudresourcemanager.googleapis.com/v1/projects/wain-d2e28 [none]
[2026-05-07T17:14:18.355Z] <<< [apiv2][status] GET https://cloudresourcemanager.googleapis.com/v1/projects/wain-d2e28 200
[2026-05-07T17:14:18.355Z] <<< [apiv2][body] GET https://cloudresourcemanager.googleapis.com/v1/projects/wain-d2e28 {"projectNumber":"620614484841","projectId":"wain-d2e28","lifecycleState":"ACTIVE","name":"wain","labels":{"firebase":"enabled","firebase-core":"disabled"},"createTime":"2026-02-04T02:43:09.330680Z"}
i  functions: preparing codebase firebase-frameworks-wain-admin for deployment
i  functions: ensuring required API cloudfunctions.googleapis.com is enabled...
i  functions: ensuring required API cloudbuild.googleapis.com is enabled...
i  artifactregistry: ensuring required API artifactregistry.googleapis.com is enabled...
[2026-05-07T17:14:18.357Z] Checked if tokens are valid: true, expires at: 1778175781006
[2026-05-07T17:14:18.357Z] Checked if tokens are valid: true, expires at: 1778175781006
[2026-05-07T17:14:18.358Z] >>> [apiv2][query] GET https://firebase.googleapis.com/v1beta1/projects/wain-d2e28/adminSdkConfig [none]
[2026-05-07T17:14:19.056Z] <<< [apiv2][status] GET https://firebase.googleapis.com/v1beta1/projects/wain-d2e28/adminSdkConfig 200
[2026-05-07T17:14:19.056Z] <<< [apiv2][body] GET https://firebase.googleapis.com/v1beta1/projects/wain-d2e28/adminSdkConfig {"projectId":"wain-d2e28","storageBucket":"wain-d2e28.firebasestorage.app"}
[2026-05-07T17:14:19.057Z] Checked if tokens are valid: true, expires at: 1778175781006
[2026-05-07T17:14:19.057Z] Checked if tokens are valid: true, expires at: 1778175781006
[2026-05-07T17:14:19.057Z] >>> [apiv2][query] GET https://runtimeconfig.googleapis.com/v1beta1/projects/wain-d2e28/configs [none]
[2026-05-07T17:14:19.434Z] <<< [apiv2][status] GET https://runtimeconfig.googleapis.com/v1beta1/projects/wain-d2e28/configs 200
[2026-05-07T17:14:19.434Z] <<< [apiv2][body] GET https://runtimeconfig.googleapis.com/v1beta1/projects/wain-d2e28/configs {}
[2026-05-07T17:14:19.435Z] Validating nodejs source
!  functions: package.json indicates an outdated version of firebase-functions. Please upgrade using npm install --save firebase-functions@latest in your functions directory.
!  functions: Please note that there will be breaking changes when you upgrade.
[2026-05-07T17:14:20.246Z] > [functions] package.json contents: {
  "name": "wain-admin-web-console",
  "version": "0.1.0",
  "private": true,
  "dependencies": {
    "@opentelemetry/api": "^1.9.1",
    "firebase": "^12.12.0",
    "firebase-admin": "^13.8.0",
    "lucide-react": "0.469.0",
    "next": "14.2.35",
    "react": "18.3.1",
    "react-dom": "18.3.1",
    "firebase-frameworks": "^0.11.0",
    "firebase-functions": "^6.0.1"
  },
  "main": "server.js",
  "engines": {
    "node": "24"
  }
}
[2026-05-07T17:14:20.246Z] Building nodejs source
i  functions: Loading and analyzing source code for codebase firebase-frameworks-wain-admin to determine what to deploy
[2026-05-07T17:14:20.247Z] Could not find functions.yaml. Must use http discovery
[2026-05-07T17:14:20.259Z] Found firebase-functions binary at 'C:\Users\a-z\OneDrive\Desktop\googleAITest\WAIN APP\wain_app\.firebase\wain-admin\functions\node_modules\.bin\firebase-functions'
Serving at port 8136

[2026-05-07T17:14:20.912Z] Got response from /__/functions.yaml {"endpoints":{"ssrwainadmin":{"availableMemoryMb":512,"timeoutSeconds":null,"minInstances":null,"maxInstances":null,"ingressSettings":null,"concurrency":null,"serviceAccountEmail":null,"vpc":null,"platform":"gcfv2","region":["us-central1"],"labels":{},"httpsTrigger":{},"entryPoint":"ssrwainadmin"}},"specVersion":"v1alpha1","requiredAPIs":[],"extensions":{}}
i  extensions: ensuring required API firebaseextensions.googleapis.com is enabled...
[2026-05-07T17:14:24.945Z] > command requires scopes: ["email","openid","https://www.googleapis.com/auth/cloudplatformprojects.readonly","https://www.googleapis.com/auth/firebase","https://www.googleapis.com/auth/cloud-platform"]
[2026-05-07T17:14:24.945Z] > authorizing via signed-in user (basil1222038@gmail.com)
[2026-05-07T17:14:24.945Z] [iam] checking project wain-d2e28 for permissions ["firebase.projects.get","firebaseextensions.instances.list"]
[2026-05-07T17:14:24.945Z] Checked if tokens are valid: true, expires at: 1778175781006
[2026-05-07T17:14:24.945Z] Checked if tokens are valid: true, expires at: 1778175781006
[2026-05-07T17:14:24.945Z] >>> [apiv2][query] POST https://cloudresourcemanager.googleapis.com/v1/projects/wain-d2e28:testIamPermissions [none]
[2026-05-07T17:14:24.945Z] >>> [apiv2][(partial)header] POST https://cloudresourcemanager.googleapis.com/v1/projects/wain-d2e28:testIamPermissions  x-goog-user-project=wain-d2e28
[2026-05-07T17:14:24.945Z] >>> [apiv2][body] POST https://cloudresourcemanager.googleapis.com/v1/projects/wain-d2e28:testIamPermissions {"permissions":["firebase.projects.get","firebaseextensions.instances.list"]}
[2026-05-07T17:14:25.904Z] <<< [apiv2][status] POST https://cloudresourcemanager.googleapis.com/v1/projects/wain-d2e28:testIamPermissions 200
[2026-05-07T17:14:25.904Z] <<< [apiv2][body] POST https://cloudresourcemanager.googleapis.com/v1/projects/wain-d2e28:testIamPermissions {"permissions":["firebase.projects.get","firebaseextensions.instances.list"]}
[2026-05-07T17:14:25.905Z] Checked if tokens are valid: true, expires at: 1778175781006
[2026-05-07T17:14:25.905Z] Checked if tokens are valid: true, expires at: 1778175781006
[2026-05-07T17:14:25.905Z] >>> [apiv2][query] GET https://firebaseextensions.googleapis.com/v1beta/projects/wain-d2e28/instances pageSize=100&pageToken=
[2026-05-07T17:14:27.091Z] <<< [apiv2][status] GET https://firebaseextensions.googleapis.com/v1beta/projects/wain-d2e28/instances 200
[2026-05-07T17:14:27.091Z] <<< [apiv2][body] GET https://firebaseextensions.googleapis.com/v1beta/projects/wain-d2e28/instances {}
i  functions: Loaded environment variables from .env.
i  functions: preparing .firebase\wain-admin\functions directory for uploading...
i  functions: packaged C:\Users\a-z\OneDrive\Desktop\googleAITest\WAIN APP\wain_app\.firebase\wain-admin\functions (104.53 MB) for uploading
i  functions: ensuring required API run.googleapis.com is enabled...
i  functions: ensuring required API eventarc.googleapis.com is enabled...
i  functions: ensuring required API pubsub.googleapis.com is enabled...
i  functions: ensuring required API storage.googleapis.com is enabled...
i  functions: generating the service identity for pubsub.googleapis.com...
[2026-05-07T17:14:30.505Z] Checked if tokens are valid: true, expires at: 1778175781006
[2026-05-07T17:14:30.506Z] Checked if tokens are valid: true, expires at: 1778175781006
i  functions: generating the service identity for eventarc.googleapis.com...
[2026-05-07T17:14:30.506Z] Checked if tokens are valid: true, expires at: 1778175781006
[2026-05-07T17:14:30.506Z] Checked if tokens are valid: true, expires at: 1778175781006
[2026-05-07T17:14:30.506Z] >>> [apiv2][query] POST https://serviceusage.googleapis.com/v1beta1/projects/620614484841/services/pubsub.googleapis.com:generateServiceIdentity [none]
[2026-05-07T17:14:30.506Z] >>> [apiv2][(partial)header] POST https://serviceusage.googleapis.com/v1beta1/projects/620614484841/services/pubsub.googleapis.com:generateServiceIdentity  x-goog-user-project=620614484841
[2026-05-07T17:14:30.506Z] >>> [apiv2][body] POST https://serviceusage.googleapis.com/v1beta1/projects/620614484841/services/pubsub.googleapis.com:generateServiceIdentity {}
[2026-05-07T17:14:30.507Z] >>> [apiv2][query] POST https://serviceusage.googleapis.com/v1beta1/projects/620614484841/services/eventarc.googleapis.com:generateServiceIdentity [none]
[2026-05-07T17:14:30.507Z] >>> [apiv2][(partial)header] POST https://serviceusage.googleapis.com/v1beta1/projects/620614484841/services/eventarc.googleapis.com:generateServiceIdentity  x-goog-user-project=620614484841
[2026-05-07T17:14:30.507Z] >>> [apiv2][body] POST https://serviceusage.googleapis.com/v1beta1/projects/620614484841/services/eventarc.googleapis.com:generateServiceIdentity {}
[2026-05-07T17:14:31.759Z] <<< [apiv2][status] POST https://serviceusage.googleapis.com/v1beta1/projects/620614484841/services/pubsub.googleapis.com:generateServiceIdentity 200
[2026-05-07T17:14:31.759Z] <<< [apiv2][body] POST https://serviceusage.googleapis.com/v1beta1/projects/620614484841/services/pubsub.googleapis.com:generateServiceIdentity {"name":"operations/finished.DONE_OPERATION","done":true,"response":{"@type":"type.googleapis.com/google.api.serviceusage.v1beta1.ServiceIdentity","email":"service-620614484841@gcp-sa-pubsub.iam.gserviceaccount.com","uniqueId":"102822466195109060269"}}
[2026-05-07T17:14:31.790Z] <<< [apiv2][status] POST https://serviceusage.googleapis.com/v1beta1/projects/620614484841/services/eventarc.googleapis.com:generateServiceIdentity 200
[2026-05-07T17:14:31.790Z] <<< [apiv2][body] POST https://serviceusage.googleapis.com/v1beta1/projects/620614484841/services/eventarc.googleapis.com:generateServiceIdentity {"name":"operations/finished.DONE_OPERATION","done":true,"response":{"@type":"type.googleapis.com/google.api.serviceusage.v1beta1.ServiceIdentity","email":"service-620614484841@gcp-sa-eventarc.iam.gserviceaccount.com","uniqueId":"114155144753487320045"}}
[2026-05-07T17:14:31.793Z] Checked if tokens are valid: true, expires at: 1778175781006
[2026-05-07T17:14:31.793Z] Checked if tokens are valid: true, expires at: 1778175781006
[2026-05-07T17:14:31.793Z] >>> [apiv2][query] GET https://cloudresourcemanager.googleapis.com/v1/projects/wain-d2e28 [none]
[2026-05-07T17:14:32.777Z] <<< [apiv2][status] GET https://cloudresourcemanager.googleapis.com/v1/projects/wain-d2e28 200
[2026-05-07T17:14:32.777Z] <<< [apiv2][body] GET https://cloudresourcemanager.googleapis.com/v1/projects/wain-d2e28 {"projectNumber":"620614484841","projectId":"wain-d2e28","lifecycleState":"ACTIVE","name":"wain","labels":{"firebase":"enabled","firebase-core":"disabled"},"createTime":"2026-02-04T02:43:09.330680Z"}
[2026-05-07T17:14:32.778Z] Checked if tokens are valid: true, expires at: 1778175781006
[2026-05-07T17:14:32.778Z] Checked if tokens are valid: true, expires at: 1778175781006
[2026-05-07T17:14:32.778Z] >>> [apiv2][query] GET https://compute.googleapis.com/compute/v1/projects/620614484841 [none]
[2026-05-07T17:14:33.144Z] <<< [apiv2][status] GET https://compute.googleapis.com/compute/v1/projects/620614484841 403
[2026-05-07T17:14:33.145Z] <<< [apiv2][body] GET https://compute.googleapis.com/compute/v1/projects/620614484841 {"error":{"code":403,"message":"Compute Engine API has not been used in project 620614484841 before or it is disabled. Enable it by visiting https://console.developers.google.com/apis/api/compute.googleapis.com/overview?project=620614484841 then retry. If you enabled this API recently, wait a few minutes for the action to propagate to our systems and retry.","errors":[{"message":"Compute Engine API has not been used in project 620614484841 before or it is disabled. Enable it by visiting https://console.developers.google.com/apis/api/compute.googleapis.com/overview?project=620614484841 then retry. If you enabled this API recently, wait a few minutes for the action to propagate to our systems and retry.","domain":"usageLimits","reason":"accessNotConfigured","extendedHelp":"https://console.developers.google.com"}],"status":"PERMISSION_DENIED","details":[{"@type":"type.googleapis.com/google.rpc.ErrorInfo","reason":"SERVICE_DISABLED","domain":"googleapis.com","metadata":{"service":"compute.googleapis.com","containerInfo":"620614484841","serviceTitle":"Compute Engine API","consumer":"projects/620614484841","activationUrl":"https://console.developers.google.com/apis/api/compute.googleapis.com/overview?project=620614484841"}},{"@type":"type.googleapis.com/google.rpc.LocalizedMessage","locale":"en-US","message":"Compute Engine API has not been used in project 620614484841 before or it is disabled. Enable it by visiting https://console.developers.google.com/apis/api/compute.googleapis.com/overview?project=620614484841 then retry. If you enabled this API recently, wait a few minutes for the action to propagate to our systems and retry."},{"@type":"type.googleapis.com/google.rpc.Help","links":[{"description":"Google developers console API activation","url":"https://console.developers.google.com/apis/api/compute.googleapis.com/overview?project=620614484841"}]}]}}
[2026-05-07T17:14:33.145Z] unable to look up default compute service account. Falling back to 620614484841-compute@developer.gserviceaccount.com. Error: {"name":"FirebaseError","children":[],"context":{"body":{"error":{"code":403,"message":"Compute Engine API has not been used in project 620614484841 before or it is disabled. Enable it by visiting https://console.developers.google.com/apis/api/compute.googleapis.com/overview?project=620614484841 then retry. If you enabled this API recently, wait a few minutes for the action to propagate to our systems and retry.","errors":[{"message":"Compute Engine API has not been used in project 620614484841 before or it is disabled. Enable it by visiting https://console.developers.google.com/apis/api/compute.googleapis.com/overview?project=620614484841 then retry. If you enabled this API recently, wait a few minutes for the action to propagate to our systems and retry.","domain":"usageLimits","reason":"accessNotConfigured","extendedHelp":"https://console.developers.google.com"}],"status":"PERMISSION_DENIED","details":[{"@type":"type.googleapis.com/google.rpc.ErrorInfo","reason":"SERVICE_DISABLED","domain":"googleapis.com","metadata":{"service":"compute.googleapis.com","containerInfo":"620614484841","serviceTitle":"Compute Engine API","consumer":"projects/620614484841","activationUrl":"https://console.developers.google.com/apis/api/compute.googleapis.com/overview?project=620614484841"}},{"@type":"type.googleapis.com/google.rpc.LocalizedMessage","locale":"en-US","message":"Compute Engine API has not been used in project 620614484841 before or it is disabled. Enable it by visiting https://console.developers.google.com/apis/api/compute.googleapis.com/overview?project=620614484841 then retry. If you enabled this API recently, wait a few minutes for the action to propagate to our systems and retry."},{"@type":"type.googleapis.com/google.rpc.Help","links":[{"description":"Google developers console API activation","url":"https://console.developers.google.com/apis/api/compute.googleapis.com/overview?project=620614484841"}]}]}},"response":{"statusCode":403}},"exit":1,"message":"Request to https://compute.googleapis.com/compute/v1/projects/620614484841 had HTTP Error: 403, Compute Engine API has not been used in project 620614484841 before or it is disabled. Enable it by visiting https://console.developers.google.com/apis/api/compute.googleapis.com/overview?project=620614484841 then retry. If you enabled this API recently, wait a few minutes for the action to propagate to our systems and retry.","status":403}
[2026-05-07T17:14:33.146Z] Checked if tokens are valid: true, expires at: 1778175781006
[2026-05-07T17:14:33.146Z] Checked if tokens are valid: true, expires at: 1778175781006
[2026-05-07T17:14:33.146Z] Checked if tokens are valid: true, expires at: 1778175781006
[2026-05-07T17:14:33.146Z] Checked if tokens are valid: true, expires at: 1778175781006
[2026-05-07T17:14:33.146Z] >>> [apiv2][query] GET https://firebasehosting.googleapis.com/v1beta1/projects/wain-d2e28/sites/wain-d2e28 [none]
[2026-05-07T17:14:33.147Z] >>> [apiv2][query] GET https://firebasehosting.googleapis.com/v1beta1/projects/wain-d2e28/sites/wain-admin [none]
[2026-05-07T17:14:34.221Z] <<< [apiv2][status] GET https://firebasehosting.googleapis.com/v1beta1/projects/wain-d2e28/sites/wain-admin 200
[2026-05-07T17:14:34.221Z] <<< [apiv2][body] GET https://firebasehosting.googleapis.com/v1beta1/projects/wain-d2e28/sites/wain-admin {"name":"projects/wain-d2e28/sites/wain-admin","defaultUrl":"https://wain-admin.web.app","type":"USER_SITE"}
[2026-05-07T17:14:34.223Z] Checked if tokens are valid: true, expires at: 1778175781006
[2026-05-07T17:14:34.223Z] Checked if tokens are valid: true, expires at: 1778175781006
[2026-05-07T17:14:34.224Z] >>> [apiv2][query] POST https://firebasehosting.googleapis.com/v1beta1/projects/-/sites/wain-admin/versions [none]
[2026-05-07T17:14:34.224Z] >>> [apiv2][body] POST https://firebasehosting.googleapis.com/v1beta1/projects/-/sites/wain-admin/versions {"status":"CREATED","labels":{"deployment-tool":"cli-firebase","firebase-web-framework":"next_ssr"}}
[2026-05-07T17:14:34.497Z] <<< [apiv2][status] GET https://firebasehosting.googleapis.com/v1beta1/projects/wain-d2e28/sites/wain-d2e28 200
[2026-05-07T17:14:34.497Z] <<< [apiv2][body] GET https://firebasehosting.googleapis.com/v1beta1/projects/wain-d2e28/sites/wain-d2e28 {"name":"projects/wain-d2e28/sites/wain-d2e28","defaultUrl":"https://wain-d2e28.web.app","type":"DEFAULT_SITE"}
[2026-05-07T17:14:34.498Z] Checked if tokens are valid: true, expires at: 1778175781006
[2026-05-07T17:14:34.498Z] Checked if tokens are valid: true, expires at: 1778175781006
[2026-05-07T17:14:34.498Z] >>> [apiv2][query] POST https://firebasehosting.googleapis.com/v1beta1/projects/-/sites/wain-d2e28/versions [none]
[2026-05-07T17:14:34.498Z] >>> [apiv2][body] POST https://firebasehosting.googleapis.com/v1beta1/projects/-/sites/wain-d2e28/versions {"status":"CREATED","labels":{"deployment-tool":"cli-firebase"}}
[2026-05-07T17:14:36.169Z] <<< [apiv2][status] POST https://firebasehosting.googleapis.com/v1beta1/projects/-/sites/wain-admin/versions 200
[2026-05-07T17:14:36.169Z] <<< [apiv2][body] POST https://firebasehosting.googleapis.com/v1beta1/projects/-/sites/wain-admin/versions {"name":"projects/620614484841/sites/wain-admin/versions/2e171e2d2982c186","status":"CREATED","config":{},"labels":{"deployment-tool":"cli-firebase","firebase-web-framework":"next_ssr"}}
[2026-05-07T17:14:36.469Z] <<< [apiv2][status] POST https://firebasehosting.googleapis.com/v1beta1/projects/-/sites/wain-d2e28/versions 200
[2026-05-07T17:14:36.469Z] <<< [apiv2][body] POST https://firebasehosting.googleapis.com/v1beta1/projects/-/sites/wain-d2e28/versions {"name":"projects/620614484841/sites/wain-d2e28/versions/a8a1fab4a2429756","status":"CREATED","config":{},"labels":{"deployment-tool":"cli-firebase"}}
[2026-05-07T17:14:36.469Z] Checked if tokens are valid: true, expires at: 1778175781006
[2026-05-07T17:14:36.469Z] Checked if tokens are valid: true, expires at: 1778175781006
[2026-05-07T17:14:36.470Z] >>> [apiv2][query] GET https://cloudbilling.googleapis.com/v1/projects/wain-d2e28/billingInfo [none]
[2026-05-07T17:14:37.326Z] <<< [apiv2][status] GET https://cloudbilling.googleapis.com/v1/projects/wain-d2e28/billingInfo 200
[2026-05-07T17:14:37.326Z] <<< [apiv2][body] GET https://cloudbilling.googleapis.com/v1/projects/wain-d2e28/billingInfo {"name":"projects/wain-d2e28/billingInfo","projectId":"wain-d2e28","billingAccountName":"billingAccounts/01ABFF-2BEBC0-19C4E7","billingEnabled":true}
[2026-05-07T17:14:37.327Z] Checked if tokens are valid: true, expires at: 1778175781006
[2026-05-07T17:14:37.327Z] Checked if tokens are valid: true, expires at: 1778175781006
[2026-05-07T17:14:37.327Z] >>> [apiv2][query] POST https://cloudfunctions.googleapis.com/v2/projects/wain-d2e28/locations/us-central1/functions:generateUploadUrl [none]
[2026-05-07T17:14:38.248Z] <<< [apiv2][status] POST https://cloudfunctions.googleapis.com/v2/projects/wain-d2e28/locations/us-central1/functions:generateUploadUrl 200
[2026-05-07T17:14:38.249Z] <<< [apiv2][body] POST https://cloudfunctions.googleapis.com/v2/projects/wain-d2e28/locations/us-central1/functions:generateUploadUrl {"uploadUrl":"https://storage.googleapis.com/gcf-v2-uploads-620614484841.us-central1.cloudfunctions.appspot.com/31c45ef9-6511-492d-be13-bd6bcea918d7.zip?[REDACTED_SIGNED_UPLOAD_QUERY]","storageSource":{"bucket":"gcf-v2-uploads-620614484841.us-central1.cloudfunctions.appspot.com","object":"31c45ef9-6511-492d-be13-bd6bcea918d7.zip"}}
[2026-05-07T17:14:38.249Z] >>> [apiv2][query] PUT https://storage.googleapis.com/gcf-v2-uploads-620614484841.us-central1.cloudfunctions.appspot.com/31c45ef9-6511-492d-be13-bd6bcea918d7.zip [REDACTED_SIGNED_UPLOAD_QUERY]
[2026-05-07T17:14:38.250Z] >>> [apiv2][body] PUT https://storage.googleapis.com/gcf-v2-uploads-620614484841.us-central1.cloudfunctions.appspot.com/31c45ef9-6511-492d-be13-bd6bcea918d7.zip [stream]
[2026-05-07T17:14:59.043Z] <<< [apiv2][status] PUT https://storage.googleapis.com/gcf-v2-uploads-620614484841.us-central1.cloudfunctions.appspot.com/31c45ef9-6511-492d-be13-bd6bcea918d7.zip 200
[2026-05-07T17:14:59.044Z] <<< [apiv2][body] PUT https://storage.googleapis.com/gcf-v2-uploads-620614484841.us-central1.cloudfunctions.appspot.com/31c45ef9-6511-492d-be13-bd6bcea918d7.zip [omitted]
+  functions: .firebase\wain-admin\functions source uploaded successfully
i  hosting[wain-d2e28]: beginning deploy...
i  hosting[wain-d2e28]: found 5 files in public
[2026-05-07T17:14:59.051Z] [hosting] uploading with 200 concurrency
[2026-05-07T17:14:59.053Z] Checked if tokens are valid: true, expires at: 1778175781006
[2026-05-07T17:14:59.053Z] Checked if tokens are valid: true, expires at: 1778175781006
[2026-05-07T17:14:59.059Z] [hosting] hash cache [cHVibGlj] stored for 5 files
[2026-05-07T17:14:59.059Z] [hosting][hash queue][FINAL] {"max":1,"min":0,"avg":0,"active":0,"complete":5,"success":5,"errored":0,"retried":0,"total":5,"elapsed":7}
[2026-05-07T17:14:59.060Z] >>> [apiv2][query] POST https://firebasehosting.googleapis.com/v1beta1/projects/620614484841/sites/wain-d2e28/versions/a8a1fab4a2429756:populateFiles [none]
[2026-05-07T17:14:59.060Z] >>> [apiv2][body] POST https://firebasehosting.googleapis.com/v1beta1/projects/620614484841/sites/wain-d2e28/versions/a8a1fab4a2429756:populateFiles {"files":{"/terms.html":"593045dde4f3b596798e889e7fc3819d93b8bc29137e072f2df8520c7aa9698e\r","/privacy.html":"50bdd9d6086482068d96e5c4343406439aeb7d0f1356cbb2a8bcc9c2c3d1df38\r","/index.html":"7633c3efb67deaaa0678fa4902dffba915b00ac6934e9d49dab8b62d4d26b815\r","/google35c44e0bb516bc53.html":"83465094b2b28ac6eb713a1ea26fd3347b84b62847e862d64850477f43933799\r","/venue/index.html":"b6479bd013661b413806b4b9378e3e7b741837fe5432d36b3ff7f9e424d34db4"}}
[2026-05-07T17:15:00.352Z] <<< [apiv2][status] POST https://firebasehosting.googleapis.com/v1beta1/projects/620614484841/sites/wain-d2e28/versions/a8a1fab4a2429756:populateFiles 200
[2026-05-07T17:15:00.352Z] <<< [apiv2][body] POST https://firebasehosting.googleapis.com/v1beta1/projects/620614484841/sites/wain-d2e28/versions/a8a1fab4a2429756:populateFiles {"uploadUrl":"https://upload-firebasehosting.googleapis.com/upload/sites/wain-d2e28/versions/a8a1fab4a2429756/files"}
[2026-05-07T17:15:00.352Z] [hosting][populate queue][FINAL] {"max":1299,"min":1299,"avg":1299,"active":0,"complete":1,"success":1,"errored":0,"retried":0,"total":1,"elapsed":1299}
[2026-05-07T17:15:00.353Z] [hosting] uploads queued: 0
[2026-05-07T17:15:00.353Z] [hosting][upload queue][FINAL] {"max":0,"min":9999999999,"avg":0,"active":0,"complete":0,"success":0,"errored":0,"retried":0,"total":0,"elapsed":1778174100353}
i  hosting: upload complete
+  hosting[wain-d2e28]: file upload complete
[2026-05-07T17:15:00.353Z] [hosting] deploy completed after 1307ms
i  hosting[wain-admin]: beginning deploy...
i  hosting[wain-admin]: found 64 files in .firebase\wain-admin\hosting
[2026-05-07T17:15:00.377Z] [hosting] uploading with 200 concurrency
[2026-05-07T17:15:00.440Z] Checked if tokens are valid: true, expires at: 1778175781006
[2026-05-07T17:15:00.441Z] Checked if tokens are valid: true, expires at: 1778175781006
[2026-05-07T17:15:00.442Z] [hosting] hash cache [LmZpcmViYXNlXHdhaW4tYWRtaW5caG9zdGluZw] stored for 64 files
[2026-05-07T17:15:00.442Z] [hosting][hash queue][FINAL] {"max":58,"min":0,"avg":34.124999999999986,"active":0,"complete":64,"success":64,"errored":0,"retried":0,"total":64,"elapsed":62}
[2026-05-07T17:15:00.442Z] >>> [apiv2][query] POST https://firebasehosting.googleapis.com/v1beta1/projects/620614484841/sites/wain-admin/versions/2e171e2d2982c186:populateFiles [none]
[2026-05-07T17:15:00.442Z] >>> [apiv2][body] POST https://firebasehosting.googleapis.com/v1beta1/projects/620614484841/sites/wain-admin/versions/2e171e2d2982c186:populateFiles {"files":{"/favicon.ico":"93c7a8c4d81f275f8779e5eb0672819d092a70358835660494704ed46741cb10","/_next/static/chunks/main-app-a4cbbe27ece30754.js":"a9e2be66ad0267b82e993c14619969b98d30ff11ac8f3a45a4b092187a561e8a","/_next/static/chunks/webpack-8017a06f322899e8.js":"778a3a613f3f57892e501ef38c92ad6694c2db59c4267b035d7bc004a8b0a986","/_next/static/chunks/8669.53c2913c67f0cc81.js":"dfc9131f917b7099b60ff260e5519ffa8e3a07726d6b0c7aa748eecd7e876cd3","/_next/static/chunks/6010-39f7664aa00a4663.js":"cc3c9a115fe93c1d86dea73b54a954692a4a6f76f0b8b52f03ef0b719fb9bca3","/_next/static/chunks/7965-eba78896a4bbfb17.js":"4ed0265a1797bde9a4716f53084b97272b5627bb4efd7bb5a47f7ac7aedb0b99","/_next/static/chunks/4753-f9c105ae5c53fc1a.js":"51a03f317d1a42b3d1f5951393d80068da36ea1beeddfd841af4b83b5da8043c","/_next/static/chunks/6116-f22ed671ebb12f0d.js":"bfe8f2358648d4cc360f5805e8fc01e75c0827dda4fc4cf3baed093b7f53a5cc","/_next/static/chunks/2288-c63a2dd09c35cb7b.js":"dabfcf1648610c5c700d4a8614046b34e774a55c1aa55617ab049afc55ebc606","/_next/static/chunks/368-315f2525164be858.js":"6b8b850968fc7404fb9e08528032691b32c824161dbfbfba9d6d79a11f5cdc1b","/_next/static/chunks/pages/_error-7ce03bcf1df914ce.js":"1c77f6c0cdf448fc5f354790d8210b8e6d87d735821578e31b0016ad4ff66020","/_next/static/chunks/app/page-642fddf8c8245d07.js":"309ac58b6f0544d482f42138ed865f44df0df7273184fc569aa45b925fb9c0a3","/.well-known/aws/securityagent-domain-verification.json":"36c9d81199b520fe56fe9f058af4193c2c925be37d862d5566f76dade64f0027","/.well-known/aws/security-agent-domain-verification.json":"36c9d81199b520fe56fe9f058af4193c2c925be37d862d5566f76dade64f0027","/.well-known/appspecific/com.chrome.devtools.json":"126665b3261b522e804ae3b034dce42c018ce08d55752fc5d9b2a7ed88203f86","/_next/static/chunks/app/not-found-78a3b49c3e51362f.js":"6808046414bd589b637affe249defe10c1882822bd5fa47763f0fb2b706b3cfa","/_next/static/chunks/app/layout-569bfa06ceecf219.js":"eb10a536b22da0dac32c3d9b91360adbab4d53174acb221b476022ddf3680e5d","/_next/static/chunks/pages/_app-78ddf957b9a9b996.js":"580fe7a88d3eb8991a74b537c28d9fa29a611ec898c6d2f106c3f08fc73d84aa","/_next/static/chunks/app/(public)/admin/access-denied/page-4de9f440fdae91db.js":"c22556dd47b376264b0b58ac9a56fecc04081cecc0092af344636bcd8b35d36d","/_next/static/chunks/app/_not-found/page-0ca0c2c0641ba26f.js":"169387d89d9249be95096c5aba1ddac7add2cec08d2a0e70f9aa969c06db57d8","/_next/static/chunks/1498-1b40d04fc302b173.js":"3ba9b22e9cf95cb8051ef5b48525ab597a474d1a16564a72d955411bba1197b8","/_next/static/chunks/app/(protected)/admin/page-08dae27fe811d461.js":"8ea559796729d574a143bf87a338419e9a1e4010b00f6b90dd86e7ff3d994730","/_next/static/chunks/app/(protected)/admin/loading-066b1e41b8dc595e.js":"1d6822bd78ca1c5bcb4edd9462ed65d8fa6e91b404eb9d9ffcbaa1c4001492b2","/_next/static/chunks/app/(protected)/admin/wallet-audit/loading-3bd7a7ebde9d6afc.js":"0730c538c489b2576c69f0fa71e26a049194d5ffbb3f2416be306591e07fcced","/_next/static/chunks/app/(protected)/admin/error-895b717949ba736c.js":"1f3ddc4080cc89a34d9a4dd0bbafb49f8716f8e12ce5b91e0e1ad29b6ce125b0","/_next/static/chunks/101-6a8221522c5abbd9.js":"a0f613d237f84963e0ea41c6bad3244c8815d3d96e66d25e50bb4ee4f9b7be79","/_next/static/chunks/2972-af824fe164b17c63.js":"d06d0ca1e061728a84ea067329cb424ca26801b6aa003031a4709d5900c7b8cf","/_next/static/chunks/app/(public)/admin/sign-in/page-8bcce3689f6b9e5f.js":"fa1a2585b121ea14c0e65c908ae0291e18b79fed8a81488a78b6b1144a0f4585","/_next/static/chunks/app/(protected)/admin/wallet-audit/page-9a7245b51519d8aa.js":"fa51b8955b9508138dead6d7ddb8f6afa5455b96b6c0b6b590ba6462422b981b","/_next/static/chunks/app/(protected)/admin/venues/[venueId]/loading-a601ed3681162b14.js":"6a2a69f7abbf1e240646f5915321f29c46acf8f3c55ab1e42a72486291ffe2c7","/_next/static/chunks/app/(protected)/admin/venues/loading-a8e33e053bb90bac.js":"9ea4df069bbc95cf7f784b381f843199a4fd0a2855c5824677a59c556c77bd5b","/_next/static/chunks/app/(protected)/admin/topups/loading-d31031a4406d7751.js":"116bdfd35770b70ae8aec3b03478192a5afe7d7ddc060c87943c1a44094d8c0f","/_next/static/chunks/app/(protected)/admin/venues/[venueId]/page-90160241d6980722.js":"94b8b87ec4ad37c3a6ee791a6a314d5a3ee4d07ae2c3061672a307b1df3755d7","/_next/static/chunks/app/(protected)/admin/venues/[venueId]/error-df0100196f7d3a26.js":"a557c1d94314839a0d532216aa368681c7883a95f798b1354eb9b8600460521e","/_next/static/chunks/app/(protected)/admin/layout-296bb737ee1cfc78.js":"68c721a2033f89dc7b759449b64fc8c66d2eb0feb740fea17bf0f54cb47cf683","/_next/static/chunks/app/(protected)/admin/reversals/loading-3632e5edc82465f1.js":"426de1bc81ceaecfa67713f843d6391d27e87988095207ff9f83f7458b6f119e","/_next/static/chunks/app/(protected)/admin/topups/error-57f6f0612635cba1.js":"34b4c39facfca02af28d882b3114a5ca3e24b2f2d5d33a61f6a58c849c8ac186","/_next/static/chunks/app/(protected)/admin/reversals/page-5c115806e7ce5774.js":"ffad3b72676e6d79d7f19bf97ca6639583b04f235ad660e8083a6b66402bec4e","/_next/static/chunks/app/(protected)/admin/venues/page-8c667e0e722150c9.js":"3fa4bf58b012c4aedf93c0236023dd15fd6ac94600fbb82b950e1eb8a92d6283","/_next/static/chunks/app/(protected)/admin/media/loading-ad9f23facff9930c.js":"f34647992da4099a48d0b77aba33dcb44a5875310dba485f9f7ad473255db9af","/_next/static/chunks/app/(protected)/admin/dashboard/page-edc2f8bd741b71af.js":"ec8df5c0c02b53848b111a4c3ea2f0739f5d0c3c2849547f972e4236ef73b81d","/_next/static/chunks/app/(protected)/admin/readiness/page-6c0d569f2687d3a0.js":"abddab27e1f8c36f46bb41a7b23719c797fb549ea5632e587178af8ebb367fdf","/_next/static/chunks/app/(protected)/admin/dashboard/loading-b227efdef643beea.js":"d51d1143a5fe3109b3899a1da6390bd8a6daf05670c5aac7e0d632f265a6cea5","/_next/static/chunks/app/(protected)/admin/readiness/loading-0878b28cfb9ae1c4.js":"c4c21a2728bdcbdea8684babeb7fc85c62c12cd9bc40aaa971e96fb1d3315cd0","/_next/static/chunks/app/(protected)/admin/content/stories/page-14841c359900a9d3.js":"4d62ee09b2eea661807cc8b28537cc5662ab82d40af41f5976eb28dd1671f5d3","/_next/static/css/d1e3b77a017f8b2a.css":"85ca89b8492cc6ddc51f1fb157e990c56164f3cce4e3d699528a5e9f2f11f9f1","/_next/static/chunks/app/(protected)/admin/media/page-b754eceb40a7d0e0.js":"7d969a71aa1355a8e018fa13b81671ef0d2100900c41376f299aea9ab9ea35c7","/_next/static/chunks/app/(protected)/admin/topups/page-cba5d04fda5880a0.js":"b19804b3032f079d9a1ee45ce05e4498a6fa6c93fb6a6fda132b520aa3ed516e","/_next/static/chunks/4ea34a6d-bbefa1514672cd30.js":"1c5f6c41476fb9c77eadd1dda9af8e112896c4b40b92b5fa05bdf6b4a973e8e5","/_next/static/chunks/polyfills-42372ed130431b0a.js":"18e28d3214eda45048d80d3925ea7627b809e69ad2e95f7f98459e9146a61c3d","/_next/static/chunks/2117-aeeac4618dc8ed91.js":"92cb5585cc8eb904af53a95d2b9e5461be9f133374174165c5071edea5d57440","/_next/static/chunks/app/(protected)/admin/content/stories/loading-714fd0f933712ed9.js":"0c684421ee04b4d4674301084e880f1625c269660117cafca3087f761f735aeb","/_next/static/chunks/app/(protected)/admin/content/reviews/loading-69d7df081c176ce4.js":"46d27b5c21cee70fe29888b6b750caf1b4a64f311908695adb694213410d24bb","/_next/static/chunks/app/(protected)/admin/content/offers/page-1a7b83336c2277e7.js":"8b208eb8dd9f03ad7fb0fec638ab59d89df39bad26a8250e83780e30f1c03b26","/_next/static/chunks/app/(protected)/admin/content/offers/loading-86e406e7138a4bd8.js":"556753bca6f5085c7592cd6c8c5238fe8f3aeec40959caeb32a585a842fbb9b1","/_next/static/chunks/app/(protected)/admin/content/reviews/page-89e230df37a0872c.js":"7689d4d431ed1bbd3b062ceee795bea6d8a0a66d72bf0b44cfa04a184bcfbe80","/_next/static/chunks/app/(protected)/admin/config/loading-97d7632290cab976.js":"d4783cc663d098d73bd3b38352d2284da148badf9bac11fa47b95c20f7bb7a22","/_next/static/6CorIS3ubDrWApEQa722f/_buildManifest.js":"55dede7675b2fb7b9103a899a493b1f6ec0032c6426fbe3a2d0c5d433d734f65","/_next/static/chunks/main-bdce458395bc5369.js":"9d1bd78180e4e2bdcecd1b8efacd3035be23e21e0f8d49e39dc7ebe513a029e4","/_next/static/chunks/app/(protected)/admin/config/error-270abeffec660721.js":"12069678e13d67c85a99d4cc79dcc6fb1e6f681afae60144df343f10fac4ef41","/_next/static/6CorIS3ubDrWApEQa722f/_ssgManifest.js":"dc28a4dc92fe352ed5d2201bd3972ce47691bc8e89e0400a68d1541d0567c6d5","/_next/static/chunks/framework-a63c59c368572696.js":"17eeaa77ef3d8023a2785c0e65bd8a191b303ab5544779f2b5435fac04eec76c","/_next/static/chunks/app/(protected)/admin/config/page-9f1056bf117cef52.js":"1fce65b2fe1f55de62f14b989ce13603375b7905a12e45d577a552ba3398011b","/_next/static/chunks/fd9d1056-441e595c98aece7a.js":"8a30346ffd48443fa44fab737805c02e717625d88baa80a01d80943c5f5d9b1e"}}
[2026-05-07T17:15:01.630Z] <<< [apiv2][status] POST https://firebasehosting.googleapis.com/v1beta1/projects/620614484841/sites/wain-admin/versions/2e171e2d2982c186:populateFiles 200
[2026-05-07T17:15:01.630Z] <<< [apiv2][body] POST https://firebasehosting.googleapis.com/v1beta1/projects/620614484841/sites/wain-admin/versions/2e171e2d2982c186:populateFiles {"uploadRequiredHashes":["1d6822bd78ca1c5bcb4edd9462ed65d8fa6e91b404eb9d9ffcbaa1c4001492b2","68c721a2033f89dc7b759449b64fc8c66d2eb0feb740fea17bf0f54cb47cf683","bfe8f2358648d4cc360f5805e8fc01e75c0827dda4fc4cf3baed093b7f53a5cc","0730c538c489b2576c69f0fa71e26a049194d5ffbb3f2416be306591e07fcced","55dede7675b2fb7b9103a899a493b1f6ec0032c6426fbe3a2d0c5d433d734f65","dfc9131f917b7099b60ff260e5519ffa8e3a07726d6b0c7aa748eecd7e876cd3","cc3c9a115fe93c1d86dea73b54a954692a4a6f76f0b8b52f03ef0b719fb9bca3","a557c1d94314839a0d532216aa368681c7883a95f798b1354eb9b8600460521e","556753bca6f5085c7592cd6c8c5238fe8f3aeec40959caeb32a585a842fbb9b1","6b8b850968fc7404fb9e08528032691b32c824161dbfbfba9d6d79a11f5cdc1b","a9e2be66ad0267b82e993c14619969b98d30ff11ac8f3a45a4b092187a561e8a","ec8df5c0c02b53848b111a4c3ea2f0739f5d0c3c2849547f972e4236ef73b81d","f34647992da4099a48d0b77aba33dcb44a5875310dba485f9f7ad473255db9af","d06d0ca1e061728a84ea067329cb424ca26801b6aa003031a4709d5900c7b8cf","c22556dd47b376264b0b58ac9a56fecc04081cecc0092af344636bcd8b35d36d","1c5f6c41476fb9c77eadd1dda9af8e112896c4b40b92b5fa05bdf6b4a973e8e5","8ea559796729d574a143bf87a338419e9a1e4010b00f6b90dd86e7ff3d994730","4d62ee09b2eea661807cc8b28537cc5662ab82d40af41f5976eb28dd1671f5d3","8a30346ffd48443fa44fab737805c02e717625d88baa80a01d80943c5f5d9b1e","6a2a69f7abbf1e240646f5915321f29c46acf8f3c55ab1e42a72486291ffe2c7","c4c21a2728bdcbdea8684babeb7fc85c62c12cd9bc40aaa971e96fb1d3315cd0","309ac58b6f0544d482f42138ed865f44df0df7273184fc569aa45b925fb9c0a3","d4783cc663d098d73bd3b38352d2284da148badf9bac11fa47b95c20f7bb7a22","46d27b5c21cee70fe29888b6b750caf1b4a64f311908695adb694213410d24bb","8b208eb8dd9f03ad7fb0fec638ab59d89df39bad26a8250e83780e30f1c03b26","b19804b3032f079d9a1ee45ce05e4498a6fa6c93fb6a6fda132b520aa3ed516e","426de1bc81ceaecfa67713f843d6391d27e87988095207ff9f83f7458b6f119e","17eeaa77ef3d8023a2785c0e65bd8a191b303ab5544779f2b5435fac04eec76c","fa51b8955b9508138dead6d7ddb8f6afa5455b96b6c0b6b590ba6462422b981b","92cb5585cc8eb904af53a95d2b9e5461be9f133374174165c5071edea5d57440","1c77f6c0cdf448fc5f354790d8210b8e6d87d735821578e31b0016ad4ff66020","51a03f317d1a42b3d1f5951393d80068da36ea1beeddfd841af4b83b5da8043c","12069678e13d67c85a99d4cc79dcc6fb1e6f681afae60144df343f10fac4ef41","6808046414bd589b637affe249defe10c1882822bd5fa47763f0fb2b706b3cfa","778a3a613f3f57892e501ef38c92ad6694c2db59c4267b035d7bc004a8b0a986","18e28d3214eda45048d80d3925ea7627b809e69ad2e95f7f98459e9146a61c3d","580fe7a88d3eb8991a74b537c28d9fa29a611ec898c6d2f106c3f08fc73d84aa","9ea4df069bbc95cf7f784b381f843199a4fd0a2855c5824677a59c556c77bd5b","1fce65b2fe1f55de62f14b989ce13603375b7905a12e45d577a552ba3398011b","3ba9b22e9cf95cb8051ef5b48525ab597a474d1a16564a72d955411bba1197b8","dabfcf1648610c5c700d4a8614046b34e774a55c1aa55617ab049afc55ebc606","1f3ddc4080cc89a34d9a4dd0bbafb49f8716f8e12ce5b91e0e1ad29b6ce125b0","9d1bd78180e4e2bdcecd1b8efacd3035be23e21e0f8d49e39dc7ebe513a029e4","169387d89d9249be95096c5aba1ddac7add2cec08d2a0e70f9aa969c06db57d8","94b8b87ec4ad37c3a6ee791a6a314d5a3ee4d07ae2c3061672a307b1df3755d7","fa1a2585b121ea14c0e65c908ae0291e18b79fed8a81488a78b6b1144a0f4585","abddab27e1f8c36f46bb41a7b23719c797fb549ea5632e587178af8ebb367fdf","7d969a71aa1355a8e018fa13b81671ef0d2100900c41376f299aea9ab9ea35c7","4ed0265a1797bde9a4716f53084b97272b5627bb4efd7bb5a47f7ac7aedb0b99","34b4c39facfca02af28d882b3114a5ca3e24b2f2d5d33a61f6a58c849c8ac186","a0f613d237f84963e0ea41c6bad3244c8815d3d96e66d25e50bb4ee4f9b7be79","ffad3b72676e6d79d7f19bf97ca6639583b04f235ad660e8083a6b66402bec4e","d51d1143a5fe3109b3899a1da6390bd8a6daf05670c5aac7e0d632f265a6cea5","3fa4bf58b012c4aedf93c0236023dd15fd6ac94600fbb82b950e1eb8a92d6283","116bdfd35770b70ae8aec3b03478192a5afe7d7ddc060c87943c1a44094d8c0f","7689d4d431ed1bbd3b062ceee795bea6d8a0a66d72bf0b44cfa04a184bcfbe80","0c684421ee04b4d4674301084e880f1625c269660117cafca3087f761f735aeb","eb10a536b22da0dac32c3d9b91360adbab4d53174acb221b476022ddf3680e5d"],"uploadUrl":"https://upload-firebasehosting.googleapis.com/upload/sites/wain-admin/versions/2e171e2d2982c186/files"}
[2026-05-07T17:15:01.631Z] Checked if tokens are valid: true, expires at: 1778175781006
[2026-05-07T17:15:01.631Z] Checked if tokens are valid: true, expires at: 1778175781006
[2026-05-07T17:15:01.631Z] Checked if tokens are valid: true, expires at: 1778175781006
[2026-05-07T17:15:01.631Z] Checked if tokens are valid: true, expires at: 1778175781006
[2026-05-07T17:15:01.631Z] Checked if tokens are valid: true, expires at: 1778175781006
[2026-05-07T17:15:01.631Z] Checked if tokens are valid: true, expires at: 1778175781006
[2026-05-07T17:15:01.631Z] Checked if tokens are valid: true, expires at: 1778175781006
[2026-05-07T17:15:01.631Z] Checked if tokens are valid: true, expires at: 1778175781006
[2026-05-07T17:15:01.631Z] Checked if tokens are valid: true, expires at: 1778175781006
[2026-05-07T17:15:01.631Z] Checked if tokens are valid: true, expires at: 1778175781006
[2026-05-07T17:15:01.631Z] Checked if tokens are valid: true, expires at: 1778175781006
[2026-05-07T17:15:01.631Z] Checked if tokens are valid: true, expires at: 1778175781006
[2026-05-07T17:15:01.632Z] Checked if tokens are valid: true, expires at: 1778175781006
[2026-05-07T17:15:01.632Z] Checked if tokens are valid: true, expires at: 1778175781006
[2026-05-07T17:15:01.632Z] Checked if tokens are valid: true, expires at: 1778175781006
[2026-05-07T17:15:01.632Z] Checked if tokens are valid: true, expires at: 1778175781006
[2026-05-07T17:15:01.632Z] Checked if tokens are valid: true, expires at: 1778175781006
[2026-05-07T17:15:01.632Z] Checked if tokens are valid: true, expires at: 1778175781006
[2026-05-07T17:15:01.632Z] Checked if tokens are valid: true, expires at: 1778175781006
[2026-05-07T17:15:01.632Z] Checked if tokens are valid: true, expires at: 1778175781006
[2026-05-07T17:15:01.632Z] Checked if tokens are valid: true, expires at: 1778175781006
[2026-05-07T17:15:01.632Z] Checked if tokens are valid: true, expires at: 1778175781006
[2026-05-07T17:15:01.632Z] Checked if tokens are valid: true, expires at: 1778175781006
[2026-05-07T17:15:01.632Z] Checked if tokens are valid: true, expires at: 1778175781006
[2026-05-07T17:15:01.632Z] Checked if tokens are valid: true, expires at: 1778175781006
[2026-05-07T17:15:01.632Z] Checked if tokens are valid: true, expires at: 1778175781006
[2026-05-07T17:15:01.632Z] Checked if tokens are valid: true, expires at: 1778175781006
[2026-05-07T17:15:01.632Z] Checked if tokens are valid: true, expires at: 1778175781006
[2026-05-07T17:15:01.632Z] Checked if tokens are valid: true, expires at: 1778175781006
[2026-05-07T17:15:01.632Z] Checked if tokens are valid: true, expires at: 1778175781006
[2026-05-07T17:15:01.632Z] Checked if tokens are valid: true, expires at: 1778175781006
[2026-05-07T17:15:01.632Z] Checked if tokens are valid: true, expires at: 1778175781006
[2026-05-07T17:15:01.632Z] Checked if tokens are valid: true, expires at: 1778175781006
[2026-05-07T17:15:01.632Z] Checked if tokens are valid: true, expires at: 1778175781006
[2026-05-07T17:15:01.632Z] Checked if tokens are valid: true, expires at: 1778175781006
[2026-05-07T17:15:01.633Z] Checked if tokens are valid: true, expires at: 1778175781006
[2026-05-07T17:15:01.633Z] Checked if tokens are valid: true, expires at: 1778175781006
[2026-05-07T17:15:01.633Z] Checked if tokens are valid: true, expires at: 1778175781006
[2026-05-07T17:15:01.633Z] Checked if tokens are valid: true, expires at: 1778175781006
[2026-05-07T17:15:01.633Z] Checked if tokens are valid: true, expires at: 1778175781006
[2026-05-07T17:15:01.633Z] Checked if tokens are valid: true, expires at: 1778175781006
[2026-05-07T17:15:01.633Z] Checked if tokens are valid: true, expires at: 1778175781006
[2026-05-07T17:15:01.633Z] Checked if tokens are valid: true, expires at: 1778175781006
[2026-05-07T17:15:01.633Z] Checked if tokens are valid: true, expires at: 1778175781006
[2026-05-07T17:15:01.633Z] Checked if tokens are valid: true, expires at: 1778175781006
[2026-05-07T17:15:01.633Z] Checked if tokens are valid: true, expires at: 1778175781006
[2026-05-07T17:15:01.633Z] Checked if tokens are valid: true, expires at: 1778175781006
[2026-05-07T17:15:01.633Z] Checked if tokens are valid: true, expires at: 1778175781006
[2026-05-07T17:15:01.633Z] Checked if tokens are valid: true, expires at: 1778175781006
[2026-05-07T17:15:01.633Z] Checked if tokens are valid: true, expires at: 1778175781006
[2026-05-07T17:15:01.634Z] Checked if tokens are valid: true, expires at: 1778175781006
[2026-05-07T17:15:01.634Z] Checked if tokens are valid: true, expires at: 1778175781006
[2026-05-07T17:15:01.634Z] Checked if tokens are valid: true, expires at: 1778175781006
[2026-05-07T17:15:01.634Z] Checked if tokens are valid: true, expires at: 1778175781006
[2026-05-07T17:15:01.634Z] Checked if tokens are valid: true, expires at: 1778175781006
[2026-05-07T17:15:01.634Z] Checked if tokens are valid: true, expires at: 1778175781006
[2026-05-07T17:15:01.634Z] Checked if tokens are valid: true, expires at: 1778175781006
[2026-05-07T17:15:01.634Z] Checked if tokens are valid: true, expires at: 1778175781006
[2026-05-07T17:15:01.634Z] Checked if tokens are valid: true, expires at: 1778175781006
[2026-05-07T17:15:01.634Z] Checked if tokens are valid: true, expires at: 1778175781006
[2026-05-07T17:15:01.634Z] Checked if tokens are valid: true, expires at: 1778175781006
[2026-05-07T17:15:01.634Z] Checked if tokens are valid: true, expires at: 1778175781006
[2026-05-07T17:15:01.634Z] Checked if tokens are valid: true, expires at: 1778175781006
[2026-05-07T17:15:01.634Z] Checked if tokens are valid: true, expires at: 1778175781006
[2026-05-07T17:15:01.635Z] Checked if tokens are valid: true, expires at: 1778175781006
[2026-05-07T17:15:01.635Z] Checked if tokens are valid: true, expires at: 1778175781006
[2026-05-07T17:15:01.635Z] Checked if tokens are valid: true, expires at: 1778175781006
[2026-05-07T17:15:01.635Z] Checked if tokens are valid: true, expires at: 1778175781006
[2026-05-07T17:15:01.635Z] Checked if tokens are valid: true, expires at: 1778175781006
[2026-05-07T17:15:01.635Z] Checked if tokens are valid: true, expires at: 1778175781006
[2026-05-07T17:15:01.635Z] Checked if tokens are valid: true, expires at: 1778175781006
[2026-05-07T17:15:01.635Z] Checked if tokens are valid: true, expires at: 1778175781006
[2026-05-07T17:15:01.635Z] Checked if tokens are valid: true, expires at: 1778175781006
[2026-05-07T17:15:01.635Z] Checked if tokens are valid: true, expires at: 1778175781006
[2026-05-07T17:15:01.635Z] Checked if tokens are valid: true, expires at: 1778175781006
[2026-05-07T17:15:01.636Z] Checked if tokens are valid: true, expires at: 1778175781006
[2026-05-07T17:15:01.636Z] Checked if tokens are valid: true, expires at: 1778175781006
[2026-05-07T17:15:01.636Z] Checked if tokens are valid: true, expires at: 1778175781006
[2026-05-07T17:15:01.636Z] Checked if tokens are valid: true, expires at: 1778175781006
[2026-05-07T17:15:01.636Z] Checked if tokens are valid: true, expires at: 1778175781006
[2026-05-07T17:15:01.636Z] Checked if tokens are valid: true, expires at: 1778175781006
[2026-05-07T17:15:01.636Z] Checked if tokens are valid: true, expires at: 1778175781006
[2026-05-07T17:15:01.636Z] Checked if tokens are valid: true, expires at: 1778175781006
[2026-05-07T17:15:01.636Z] Checked if tokens are valid: true, expires at: 1778175781006
[2026-05-07T17:15:01.637Z] Checked if tokens are valid: true, expires at: 1778175781006
[2026-05-07T17:15:01.637Z] Checked if tokens are valid: true, expires at: 1778175781006
[2026-05-07T17:15:01.637Z] Checked if tokens are valid: true, expires at: 1778175781006
[2026-05-07T17:15:01.637Z] Checked if tokens are valid: true, expires at: 1778175781006
[2026-05-07T17:15:01.637Z] Checked if tokens are valid: true, expires at: 1778175781006
[2026-05-07T17:15:01.637Z] Checked if tokens are valid: true, expires at: 1778175781006
[2026-05-07T17:15:01.637Z] Checked if tokens are valid: true, expires at: 1778175781006
[2026-05-07T17:15:01.638Z] Checked if tokens are valid: true, expires at: 1778175781006
[2026-05-07T17:15:01.638Z] Checked if tokens are valid: true, expires at: 1778175781006
[2026-05-07T17:15:01.638Z] Checked if tokens are valid: true, expires at: 1778175781006
[2026-05-07T17:15:01.638Z] Checked if tokens are valid: true, expires at: 1778175781006
[2026-05-07T17:15:01.638Z] Checked if tokens are valid: true, expires at: 1778175781006
[2026-05-07T17:15:01.638Z] Checked if tokens are valid: true, expires at: 1778175781006
[2026-05-07T17:15:01.638Z] Checked if tokens are valid: true, expires at: 1778175781006
[2026-05-07T17:15:01.638Z] Checked if tokens are valid: true, expires at: 1778175781006
[2026-05-07T17:15:01.639Z] Checked if tokens are valid: true, expires at: 1778175781006
[2026-05-07T17:15:01.639Z] Checked if tokens are valid: true, expires at: 1778175781006
[2026-05-07T17:15:01.639Z] Checked if tokens are valid: true, expires at: 1778175781006
[2026-05-07T17:15:01.639Z] Checked if tokens are valid: true, expires at: 1778175781006
[2026-05-07T17:15:01.639Z] Checked if tokens are valid: true, expires at: 1778175781006
[2026-05-07T17:15:01.639Z] Checked if tokens are valid: true, expires at: 1778175781006
[2026-05-07T17:15:01.639Z] Checked if tokens are valid: true, expires at: 1778175781006
[2026-05-07T17:15:01.639Z] Checked if tokens are valid: true, expires at: 1778175781006
[2026-05-07T17:15:01.639Z] Checked if tokens are valid: true, expires at: 1778175781006
[2026-05-07T17:15:01.640Z] Checked if tokens are valid: true, expires at: 1778175781006
[2026-05-07T17:15:01.640Z] Checked if tokens are valid: true, expires at: 1778175781006
[2026-05-07T17:15:01.640Z] Checked if tokens are valid: true, expires at: 1778175781006
[2026-05-07T17:15:01.640Z] Checked if tokens are valid: true, expires at: 1778175781006
[2026-05-07T17:15:01.640Z] Checked if tokens are valid: true, expires at: 1778175781006
[2026-05-07T17:15:01.640Z] Checked if tokens are valid: true, expires at: 1778175781006
[2026-05-07T17:15:01.640Z] Checked if tokens are valid: true, expires at: 1778175781006
[2026-05-07T17:15:01.640Z] Checked if tokens are valid: true, expires at: 1778175781006
[2026-05-07T17:15:01.640Z] >>> [apiv2][query] POST https://upload-firebasehosting.googleapis.com/upload/sites/wain-admin/versions/2e171e2d2982c186/files/1d6822bd78ca1c5bcb4edd9462ed65d8fa6e91b404eb9d9ffcbaa1c4001492b2 [none]
[2026-05-07T17:15:01.640Z] >>> [apiv2][body] POST https://upload-firebasehosting.googleapis.com/upload/sites/wain-admin/versions/2e171e2d2982c186/files/1d6822bd78ca1c5bcb4edd9462ed65d8fa6e91b404eb9d9ffcbaa1c4001492b2 [stream]
[2026-05-07T17:15:01.642Z] >>> [apiv2][query] POST https://upload-firebasehosting.googleapis.com/upload/sites/wain-admin/versions/2e171e2d2982c186/files/68c721a2033f89dc7b759449b64fc8c66d2eb0feb740fea17bf0f54cb47cf683 [none]
[2026-05-07T17:15:01.643Z] >>> [apiv2][body] POST https://upload-firebasehosting.googleapis.com/upload/sites/wain-admin/versions/2e171e2d2982c186/files/68c721a2033f89dc7b759449b64fc8c66d2eb0feb740fea17bf0f54cb47cf683 [stream]
[2026-05-07T17:15:01.643Z] >>> [apiv2][query] POST https://upload-firebasehosting.googleapis.com/upload/sites/wain-admin/versions/2e171e2d2982c186/files/bfe8f2358648d4cc360f5805e8fc01e75c0827dda4fc4cf3baed093b7f53a5cc [none]
[2026-05-07T17:15:01.644Z] >>> [apiv2][body] POST https://upload-firebasehosting.googleapis.com/upload/sites/wain-admin/versions/2e171e2d2982c186/files/bfe8f2358648d4cc360f5805e8fc01e75c0827dda4fc4cf3baed093b7f53a5cc [stream]
[2026-05-07T17:15:01.644Z] >>> [apiv2][query] POST https://upload-firebasehosting.googleapis.com/upload/sites/wain-admin/versions/2e171e2d2982c186/files/0730c538c489b2576c69f0fa71e26a049194d5ffbb3f2416be306591e07fcced [none]
[2026-05-07T17:15:01.644Z] >>> [apiv2][body] POST https://upload-firebasehosting.googleapis.com/upload/sites/wain-admin/versions/2e171e2d2982c186/files/0730c538c489b2576c69f0fa71e26a049194d5ffbb3f2416be306591e07fcced [stream]
[2026-05-07T17:15:01.645Z] >>> [apiv2][query] POST https://upload-firebasehosting.googleapis.com/upload/sites/wain-admin/versions/2e171e2d2982c186/files/55dede7675b2fb7b9103a899a493b1f6ec0032c6426fbe3a2d0c5d433d734f65 [none]
[2026-05-07T17:15:01.645Z] >>> [apiv2][body] POST https://upload-firebasehosting.googleapis.com/upload/sites/wain-admin/versions/2e171e2d2982c186/files/55dede7675b2fb7b9103a899a493b1f6ec0032c6426fbe3a2d0c5d433d734f65 [stream]
[2026-05-07T17:15:01.646Z] >>> [apiv2][query] POST https://upload-firebasehosting.googleapis.com/upload/sites/wain-admin/versions/2e171e2d2982c186/files/dfc9131f917b7099b60ff260e5519ffa8e3a07726d6b0c7aa748eecd7e876cd3 [none]
[2026-05-07T17:15:01.646Z] >>> [apiv2][body] POST https://upload-firebasehosting.googleapis.com/upload/sites/wain-admin/versions/2e171e2d2982c186/files/dfc9131f917b7099b60ff260e5519ffa8e3a07726d6b0c7aa748eecd7e876cd3 [stream]
[2026-05-07T17:15:01.647Z] >>> [apiv2][query] POST https://upload-firebasehosting.googleapis.com/upload/sites/wain-admin/versions/2e171e2d2982c186/files/cc3c9a115fe93c1d86dea73b54a954692a4a6f76f0b8b52f03ef0b719fb9bca3 [none]
[2026-05-07T17:15:01.647Z] >>> [apiv2][body] POST https://upload-firebasehosting.googleapis.com/upload/sites/wain-admin/versions/2e171e2d2982c186/files/cc3c9a115fe93c1d86dea73b54a954692a4a6f76f0b8b52f03ef0b719fb9bca3 [stream]
[2026-05-07T17:15:01.647Z] >>> [apiv2][query] POST https://upload-firebasehosting.googleapis.com/upload/sites/wain-admin/versions/2e171e2d2982c186/files/a557c1d94314839a0d532216aa368681c7883a95f798b1354eb9b8600460521e [none]
[2026-05-07T17:15:01.647Z] >>> [apiv2][body] POST https://upload-firebasehosting.googleapis.com/upload/sites/wain-admin/versions/2e171e2d2982c186/files/a557c1d94314839a0d532216aa368681c7883a95f798b1354eb9b8600460521e [stream]
[2026-05-07T17:15:01.648Z] >>> [apiv2][query] POST https://upload-firebasehosting.googleapis.com/upload/sites/wain-admin/versions/2e171e2d2982c186/files/556753bca6f5085c7592cd6c8c5238fe8f3aeec40959caeb32a585a842fbb9b1 [none]
[2026-05-07T17:15:01.648Z] >>> [apiv2][body] POST https://upload-firebasehosting.googleapis.com/upload/sites/wain-admin/versions/2e171e2d2982c186/files/556753bca6f5085c7592cd6c8c5238fe8f3aeec40959caeb32a585a842fbb9b1 [stream]
[2026-05-07T17:15:01.649Z] >>> [apiv2][query] POST https://upload-firebasehosting.googleapis.com/upload/sites/wain-admin/versions/2e171e2d2982c186/files/6b8b850968fc7404fb9e08528032691b32c824161dbfbfba9d6d79a11f5cdc1b [none]
[2026-05-07T17:15:01.649Z] >>> [apiv2][body] POST https://upload-firebasehosting.googleapis.com/upload/sites/wain-admin/versions/2e171e2d2982c186/files/6b8b850968fc7404fb9e08528032691b32c824161dbfbfba9d6d79a11f5cdc1b [stream]
[2026-05-07T17:15:01.649Z] >>> [apiv2][query] POST https://upload-firebasehosting.googleapis.com/upload/sites/wain-admin/versions/2e171e2d2982c186/files/a9e2be66ad0267b82e993c14619969b98d30ff11ac8f3a45a4b092187a561e8a [none]
[2026-05-07T17:15:01.650Z] >>> [apiv2][body] POST https://upload-firebasehosting.googleapis.com/upload/sites/wain-admin/versions/2e171e2d2982c186/files/a9e2be66ad0267b82e993c14619969b98d30ff11ac8f3a45a4b092187a561e8a [stream]
[2026-05-07T17:15:01.650Z] >>> [apiv2][query] POST https://upload-firebasehosting.googleapis.com/upload/sites/wain-admin/versions/2e171e2d2982c186/files/ec8df5c0c02b53848b111a4c3ea2f0739f5d0c3c2849547f972e4236ef73b81d [none]
[2026-05-07T17:15:01.650Z] >>> [apiv2][body] POST https://upload-firebasehosting.googleapis.com/upload/sites/wain-admin/versions/2e171e2d2982c186/files/ec8df5c0c02b53848b111a4c3ea2f0739f5d0c3c2849547f972e4236ef73b81d [stream]
[2026-05-07T17:15:01.651Z] >>> [apiv2][query] POST https://upload-firebasehosting.googleapis.com/upload/sites/wain-admin/versions/2e171e2d2982c186/files/f34647992da4099a48d0b77aba33dcb44a5875310dba485f9f7ad473255db9af [none]
[2026-05-07T17:15:01.651Z] >>> [apiv2][body] POST https://upload-firebasehosting.googleapis.com/upload/sites/wain-admin/versions/2e171e2d2982c186/files/f34647992da4099a48d0b77aba33dcb44a5875310dba485f9f7ad473255db9af [stream]
[2026-05-07T17:15:01.652Z] >>> [apiv2][query] POST https://upload-firebasehosting.googleapis.com/upload/sites/wain-admin/versions/2e171e2d2982c186/files/d06d0ca1e061728a84ea067329cb424ca26801b6aa003031a4709d5900c7b8cf [none]
[2026-05-07T17:15:01.652Z] >>> [apiv2][body] POST https://upload-firebasehosting.googleapis.com/upload/sites/wain-admin/versions/2e171e2d2982c186/files/d06d0ca1e061728a84ea067329cb424ca26801b6aa003031a4709d5900c7b8cf [stream]
[2026-05-07T17:15:01.652Z] >>> [apiv2][query] POST https://upload-firebasehosting.googleapis.com/upload/sites/wain-admin/versions/2e171e2d2982c186/files/c22556dd47b376264b0b58ac9a56fecc04081cecc0092af344636bcd8b35d36d [none]
[2026-05-07T17:15:01.652Z] >>> [apiv2][body] POST https://upload-firebasehosting.googleapis.com/upload/sites/wain-admin/versions/2e171e2d2982c186/files/c22556dd47b376264b0b58ac9a56fecc04081cecc0092af344636bcd8b35d36d [stream]
[2026-05-07T17:15:01.653Z] >>> [apiv2][query] POST https://upload-firebasehosting.googleapis.com/upload/sites/wain-admin/versions/2e171e2d2982c186/files/1c5f6c41476fb9c77eadd1dda9af8e112896c4b40b92b5fa05bdf6b4a973e8e5 [none]
[2026-05-07T17:15:01.653Z] >>> [apiv2][body] POST https://upload-firebasehosting.googleapis.com/upload/sites/wain-admin/versions/2e171e2d2982c186/files/1c5f6c41476fb9c77eadd1dda9af8e112896c4b40b92b5fa05bdf6b4a973e8e5 [stream]
[2026-05-07T17:15:01.654Z] >>> [apiv2][query] POST https://upload-firebasehosting.googleapis.com/upload/sites/wain-admin/versions/2e171e2d2982c186/files/8ea559796729d574a143bf87a338419e9a1e4010b00f6b90dd86e7ff3d994730 [none]
[2026-05-07T17:15:01.654Z] >>> [apiv2][body] POST https://upload-firebasehosting.googleapis.com/upload/sites/wain-admin/versions/2e171e2d2982c186/files/8ea559796729d574a143bf87a338419e9a1e4010b00f6b90dd86e7ff3d994730 [stream]
[2026-05-07T17:15:01.655Z] >>> [apiv2][query] POST https://upload-firebasehosting.googleapis.com/upload/sites/wain-admin/versions/2e171e2d2982c186/files/4d62ee09b2eea661807cc8b28537cc5662ab82d40af41f5976eb28dd1671f5d3 [none]
[2026-05-07T17:15:01.655Z] >>> [apiv2][body] POST https://upload-firebasehosting.googleapis.com/upload/sites/wain-admin/versions/2e171e2d2982c186/files/4d62ee09b2eea661807cc8b28537cc5662ab82d40af41f5976eb28dd1671f5d3 [stream]
[2026-05-07T17:15:01.655Z] >>> [apiv2][query] POST https://upload-firebasehosting.googleapis.com/upload/sites/wain-admin/versions/2e171e2d2982c186/files/8a30346ffd48443fa44fab737805c02e717625d88baa80a01d80943c5f5d9b1e [none]
[2026-05-07T17:15:01.655Z] >>> [apiv2][body] POST https://upload-firebasehosting.googleapis.com/upload/sites/wain-admin/versions/2e171e2d2982c186/files/8a30346ffd48443fa44fab737805c02e717625d88baa80a01d80943c5f5d9b1e [stream]
[2026-05-07T17:15:01.656Z] >>> [apiv2][query] POST https://upload-firebasehosting.googleapis.com/upload/sites/wain-admin/versions/2e171e2d2982c186/files/6a2a69f7abbf1e240646f5915321f29c46acf8f3c55ab1e42a72486291ffe2c7 [none]
[2026-05-07T17:15:01.656Z] >>> [apiv2][body] POST https://upload-firebasehosting.googleapis.com/upload/sites/wain-admin/versions/2e171e2d2982c186/files/6a2a69f7abbf1e240646f5915321f29c46acf8f3c55ab1e42a72486291ffe2c7 [stream]
[2026-05-07T17:15:01.657Z] >>> [apiv2][query] POST https://upload-firebasehosting.googleapis.com/upload/sites/wain-admin/versions/2e171e2d2982c186/files/c4c21a2728bdcbdea8684babeb7fc85c62c12cd9bc40aaa971e96fb1d3315cd0 [none]
[2026-05-07T17:15:01.657Z] >>> [apiv2][body] POST https://upload-firebasehosting.googleapis.com/upload/sites/wain-admin/versions/2e171e2d2982c186/files/c4c21a2728bdcbdea8684babeb7fc85c62c12cd9bc40aaa971e96fb1d3315cd0 [stream]
[2026-05-07T17:15:01.659Z] >>> [apiv2][query] POST https://upload-firebasehosting.googleapis.com/upload/sites/wain-admin/versions/2e171e2d2982c186/files/309ac58b6f0544d482f42138ed865f44df0df7273184fc569aa45b925fb9c0a3 [none]
[2026-05-07T17:15:01.659Z] >>> [apiv2][body] POST https://upload-firebasehosting.googleapis.com/upload/sites/wain-admin/versions/2e171e2d2982c186/files/309ac58b6f0544d482f42138ed865f44df0df7273184fc569aa45b925fb9c0a3 [stream]
[2026-05-07T17:15:01.659Z] >>> [apiv2][query] POST https://upload-firebasehosting.googleapis.com/upload/sites/wain-admin/versions/2e171e2d2982c186/files/d4783cc663d098d73bd3b38352d2284da148badf9bac11fa47b95c20f7bb7a22 [none]
[2026-05-07T17:15:01.659Z] >>> [apiv2][body] POST https://upload-firebasehosting.googleapis.com/upload/sites/wain-admin/versions/2e171e2d2982c186/files/d4783cc663d098d73bd3b38352d2284da148badf9bac11fa47b95c20f7bb7a22 [stream]
[2026-05-07T17:15:01.660Z] >>> [apiv2][query] POST https://upload-firebasehosting.googleapis.com/upload/sites/wain-admin/versions/2e171e2d2982c186/files/46d27b5c21cee70fe29888b6b750caf1b4a64f311908695adb694213410d24bb [none]
[2026-05-07T17:15:01.660Z] >>> [apiv2][body] POST https://upload-firebasehosting.googleapis.com/upload/sites/wain-admin/versions/2e171e2d2982c186/files/46d27b5c21cee70fe29888b6b750caf1b4a64f311908695adb694213410d24bb [stream]
[2026-05-07T17:15:01.661Z] >>> [apiv2][query] POST https://upload-firebasehosting.googleapis.com/upload/sites/wain-admin/versions/2e171e2d2982c186/files/8b208eb8dd9f03ad7fb0fec638ab59d89df39bad26a8250e83780e30f1c03b26 [none]
[2026-05-07T17:15:01.661Z] >>> [apiv2][body] POST https://upload-firebasehosting.googleapis.com/upload/sites/wain-admin/versions/2e171e2d2982c186/files/8b208eb8dd9f03ad7fb0fec638ab59d89df39bad26a8250e83780e30f1c03b26 [stream]
[2026-05-07T17:15:01.661Z] >>> [apiv2][query] POST https://upload-firebasehosting.googleapis.com/upload/sites/wain-admin/versions/2e171e2d2982c186/files/b19804b3032f079d9a1ee45ce05e4498a6fa6c93fb6a6fda132b520aa3ed516e [none]
[2026-05-07T17:15:01.661Z] >>> [apiv2][body] POST https://upload-firebasehosting.googleapis.com/upload/sites/wain-admin/versions/2e171e2d2982c186/files/b19804b3032f079d9a1ee45ce05e4498a6fa6c93fb6a6fda132b520aa3ed516e [stream]
[2026-05-07T17:15:01.662Z] >>> [apiv2][query] POST https://upload-firebasehosting.googleapis.com/upload/sites/wain-admin/versions/2e171e2d2982c186/files/426de1bc81ceaecfa67713f843d6391d27e87988095207ff9f83f7458b6f119e [none]
[2026-05-07T17:15:01.662Z] >>> [apiv2][body] POST https://upload-firebasehosting.googleapis.com/upload/sites/wain-admin/versions/2e171e2d2982c186/files/426de1bc81ceaecfa67713f843d6391d27e87988095207ff9f83f7458b6f119e [stream]
[2026-05-07T17:15:01.663Z] >>> [apiv2][query] POST https://upload-firebasehosting.googleapis.com/upload/sites/wain-admin/versions/2e171e2d2982c186/files/17eeaa77ef3d8023a2785c0e65bd8a191b303ab5544779f2b5435fac04eec76c [none]
[2026-05-07T17:15:01.663Z] >>> [apiv2][body] POST https://upload-firebasehosting.googleapis.com/upload/sites/wain-admin/versions/2e171e2d2982c186/files/17eeaa77ef3d8023a2785c0e65bd8a191b303ab5544779f2b5435fac04eec76c [stream]
[2026-05-07T17:15:01.664Z] >>> [apiv2][query] POST https://upload-firebasehosting.googleapis.com/upload/sites/wain-admin/versions/2e171e2d2982c186/files/fa51b8955b9508138dead6d7ddb8f6afa5455b96b6c0b6b590ba6462422b981b [none]
[2026-05-07T17:15:01.664Z] >>> [apiv2][body] POST https://upload-firebasehosting.googleapis.com/upload/sites/wain-admin/versions/2e171e2d2982c186/files/fa51b8955b9508138dead6d7ddb8f6afa5455b96b6c0b6b590ba6462422b981b [stream]
[2026-05-07T17:15:01.664Z] >>> [apiv2][query] POST https://upload-firebasehosting.googleapis.com/upload/sites/wain-admin/versions/2e171e2d2982c186/files/92cb5585cc8eb904af53a95d2b9e5461be9f133374174165c5071edea5d57440 [none]
[2026-05-07T17:15:01.664Z] >>> [apiv2][body] POST https://upload-firebasehosting.googleapis.com/upload/sites/wain-admin/versions/2e171e2d2982c186/files/92cb5585cc8eb904af53a95d2b9e5461be9f133374174165c5071edea5d57440 [stream]
[2026-05-07T17:15:01.665Z] >>> [apiv2][query] POST https://upload-firebasehosting.googleapis.com/upload/sites/wain-admin/versions/2e171e2d2982c186/files/1c77f6c0cdf448fc5f354790d8210b8e6d87d735821578e31b0016ad4ff66020 [none]
[2026-05-07T17:15:01.665Z] >>> [apiv2][body] POST https://upload-firebasehosting.googleapis.com/upload/sites/wain-admin/versions/2e171e2d2982c186/files/1c77f6c0cdf448fc5f354790d8210b8e6d87d735821578e31b0016ad4ff66020 [stream]
[2026-05-07T17:15:01.666Z] >>> [apiv2][query] POST https://upload-firebasehosting.googleapis.com/upload/sites/wain-admin/versions/2e171e2d2982c186/files/51a03f317d1a42b3d1f5951393d80068da36ea1beeddfd841af4b83b5da8043c [none]
[2026-05-07T17:15:01.666Z] >>> [apiv2][body] POST https://upload-firebasehosting.googleapis.com/upload/sites/wain-admin/versions/2e171e2d2982c186/files/51a03f317d1a42b3d1f5951393d80068da36ea1beeddfd841af4b83b5da8043c [stream]
[2026-05-07T17:15:01.667Z] >>> [apiv2][query] POST https://upload-firebasehosting.googleapis.com/upload/sites/wain-admin/versions/2e171e2d2982c186/files/12069678e13d67c85a99d4cc79dcc6fb1e6f681afae60144df343f10fac4ef41 [none]
[2026-05-07T17:15:01.667Z] >>> [apiv2][body] POST https://upload-firebasehosting.googleapis.com/upload/sites/wain-admin/versions/2e171e2d2982c186/files/12069678e13d67c85a99d4cc79dcc6fb1e6f681afae60144df343f10fac4ef41 [stream]
[2026-05-07T17:15:01.668Z] >>> [apiv2][query] POST https://upload-firebasehosting.googleapis.com/upload/sites/wain-admin/versions/2e171e2d2982c186/files/6808046414bd589b637affe249defe10c1882822bd5fa47763f0fb2b706b3cfa [none]
[2026-05-07T17:15:01.668Z] >>> [apiv2][body] POST https://upload-firebasehosting.googleapis.com/upload/sites/wain-admin/versions/2e171e2d2982c186/files/6808046414bd589b637affe249defe10c1882822bd5fa47763f0fb2b706b3cfa [stream]
[2026-05-07T17:15:01.668Z] >>> [apiv2][query] POST https://upload-firebasehosting.googleapis.com/upload/sites/wain-admin/versions/2e171e2d2982c186/files/778a3a613f3f57892e501ef38c92ad6694c2db59c4267b035d7bc004a8b0a986 [none]
[2026-05-07T17:15:01.668Z] >>> [apiv2][body] POST https://upload-firebasehosting.googleapis.com/upload/sites/wain-admin/versions/2e171e2d2982c186/files/778a3a613f3f57892e501ef38c92ad6694c2db59c4267b035d7bc004a8b0a986 [stream]
[2026-05-07T17:15:01.669Z] >>> [apiv2][query] POST https://upload-firebasehosting.googleapis.com/upload/sites/wain-admin/versions/2e171e2d2982c186/files/18e28d3214eda45048d80d3925ea7627b809e69ad2e95f7f98459e9146a61c3d [none]
[2026-05-07T17:15:01.669Z] >>> [apiv2][body] POST https://upload-firebasehosting.googleapis.com/upload/sites/wain-admin/versions/2e171e2d2982c186/files/18e28d3214eda45048d80d3925ea7627b809e69ad2e95f7f98459e9146a61c3d [stream]
[2026-05-07T17:15:01.669Z] >>> [apiv2][query] POST https://upload-firebasehosting.googleapis.com/upload/sites/wain-admin/versions/2e171e2d2982c186/files/580fe7a88d3eb8991a74b537c28d9fa29a611ec898c6d2f106c3f08fc73d84aa [none]
[2026-05-07T17:15:01.670Z] >>> [apiv2][body] POST https://upload-firebasehosting.googleapis.com/upload/sites/wain-admin/versions/2e171e2d2982c186/files/580fe7a88d3eb8991a74b537c28d9fa29a611ec898c6d2f106c3f08fc73d84aa [stream]
[2026-05-07T17:15:01.670Z] >>> [apiv2][query] POST https://upload-firebasehosting.googleapis.com/upload/sites/wain-admin/versions/2e171e2d2982c186/files/9ea4df069bbc95cf7f784b381f843199a4fd0a2855c5824677a59c556c77bd5b [none]
[2026-05-07T17:15:01.670Z] >>> [apiv2][body] POST https://upload-firebasehosting.googleapis.com/upload/sites/wain-admin/versions/2e171e2d2982c186/files/9ea4df069bbc95cf7f784b381f843199a4fd0a2855c5824677a59c556c77bd5b [stream]
[2026-05-07T17:15:01.671Z] >>> [apiv2][query] POST https://upload-firebasehosting.googleapis.com/upload/sites/wain-admin/versions/2e171e2d2982c186/files/1fce65b2fe1f55de62f14b989ce13603375b7905a12e45d577a552ba3398011b [none]
[2026-05-07T17:15:01.671Z] >>> [apiv2][body] POST https://upload-firebasehosting.googleapis.com/upload/sites/wain-admin/versions/2e171e2d2982c186/files/1fce65b2fe1f55de62f14b989ce13603375b7905a12e45d577a552ba3398011b [stream]
[2026-05-07T17:15:01.671Z] >>> [apiv2][query] POST https://upload-firebasehosting.googleapis.com/upload/sites/wain-admin/versions/2e171e2d2982c186/files/3ba9b22e9cf95cb8051ef5b48525ab597a474d1a16564a72d955411bba1197b8 [none]
[2026-05-07T17:15:01.671Z] >>> [apiv2][body] POST https://upload-firebasehosting.googleapis.com/upload/sites/wain-admin/versions/2e171e2d2982c186/files/3ba9b22e9cf95cb8051ef5b48525ab597a474d1a16564a72d955411bba1197b8 [stream]
[2026-05-07T17:15:01.672Z] >>> [apiv2][query] POST https://upload-firebasehosting.googleapis.com/upload/sites/wain-admin/versions/2e171e2d2982c186/files/dabfcf1648610c5c700d4a8614046b34e774a55c1aa55617ab049afc55ebc606 [none]
[2026-05-07T17:15:01.672Z] >>> [apiv2][body] POST https://upload-firebasehosting.googleapis.com/upload/sites/wain-admin/versions/2e171e2d2982c186/files/dabfcf1648610c5c700d4a8614046b34e774a55c1aa55617ab049afc55ebc606 [stream]
[2026-05-07T17:15:01.673Z] >>> [apiv2][query] POST https://upload-firebasehosting.googleapis.com/upload/sites/wain-admin/versions/2e171e2d2982c186/files/1f3ddc4080cc89a34d9a4dd0bbafb49f8716f8e12ce5b91e0e1ad29b6ce125b0 [none]
[2026-05-07T17:15:01.673Z] >>> [apiv2][body] POST https://upload-firebasehosting.googleapis.com/upload/sites/wain-admin/versions/2e171e2d2982c186/files/1f3ddc4080cc89a34d9a4dd0bbafb49f8716f8e12ce5b91e0e1ad29b6ce125b0 [stream]
[2026-05-07T17:15:01.673Z] >>> [apiv2][query] POST https://upload-firebasehosting.googleapis.com/upload/sites/wain-admin/versions/2e171e2d2982c186/files/9d1bd78180e4e2bdcecd1b8efacd3035be23e21e0f8d49e39dc7ebe513a029e4 [none]
[2026-05-07T17:15:01.673Z] >>> [apiv2][body] POST https://upload-firebasehosting.googleapis.com/upload/sites/wain-admin/versions/2e171e2d2982c186/files/9d1bd78180e4e2bdcecd1b8efacd3035be23e21e0f8d49e39dc7ebe513a029e4 [stream]
[2026-05-07T17:15:01.674Z] >>> [apiv2][query] POST https://upload-firebasehosting.googleapis.com/upload/sites/wain-admin/versions/2e171e2d2982c186/files/169387d89d9249be95096c5aba1ddac7add2cec08d2a0e70f9aa969c06db57d8 [none]
[2026-05-07T17:15:01.674Z] >>> [apiv2][body] POST https://upload-firebasehosting.googleapis.com/upload/sites/wain-admin/versions/2e171e2d2982c186/files/169387d89d9249be95096c5aba1ddac7add2cec08d2a0e70f9aa969c06db57d8 [stream]
[2026-05-07T17:15:01.675Z] >>> [apiv2][query] POST https://upload-firebasehosting.googleapis.com/upload/sites/wain-admin/versions/2e171e2d2982c186/files/94b8b87ec4ad37c3a6ee791a6a314d5a3ee4d07ae2c3061672a307b1df3755d7 [none]
[2026-05-07T17:15:01.675Z] >>> [apiv2][body] POST https://upload-firebasehosting.googleapis.com/upload/sites/wain-admin/versions/2e171e2d2982c186/files/94b8b87ec4ad37c3a6ee791a6a314d5a3ee4d07ae2c3061672a307b1df3755d7 [stream]
[2026-05-07T17:15:01.675Z] >>> [apiv2][query] POST https://upload-firebasehosting.googleapis.com/upload/sites/wain-admin/versions/2e171e2d2982c186/files/fa1a2585b121ea14c0e65c908ae0291e18b79fed8a81488a78b6b1144a0f4585 [none]
[2026-05-07T17:15:01.675Z] >>> [apiv2][body] POST https://upload-firebasehosting.googleapis.com/upload/sites/wain-admin/versions/2e171e2d2982c186/files/fa1a2585b121ea14c0e65c908ae0291e18b79fed8a81488a78b6b1144a0f4585 [stream]
[2026-05-07T17:15:01.676Z] >>> [apiv2][query] POST https://upload-firebasehosting.googleapis.com/upload/sites/wain-admin/versions/2e171e2d2982c186/files/abddab27e1f8c36f46bb41a7b23719c797fb549ea5632e587178af8ebb367fdf [none]
[2026-05-07T17:15:01.676Z] >>> [apiv2][body] POST https://upload-firebasehosting.googleapis.com/upload/sites/wain-admin/versions/2e171e2d2982c186/files/abddab27e1f8c36f46bb41a7b23719c797fb549ea5632e587178af8ebb367fdf [stream]
[2026-05-07T17:15:01.676Z] >>> [apiv2][query] POST https://upload-firebasehosting.googleapis.com/upload/sites/wain-admin/versions/2e171e2d2982c186/files/7d969a71aa1355a8e018fa13b81671ef0d2100900c41376f299aea9ab9ea35c7 [none]
[2026-05-07T17:15:01.676Z] >>> [apiv2][body] POST https://upload-firebasehosting.googleapis.com/upload/sites/wain-admin/versions/2e171e2d2982c186/files/7d969a71aa1355a8e018fa13b81671ef0d2100900c41376f299aea9ab9ea35c7 [stream]
[2026-05-07T17:15:01.677Z] >>> [apiv2][query] POST https://upload-firebasehosting.googleapis.com/upload/sites/wain-admin/versions/2e171e2d2982c186/files/4ed0265a1797bde9a4716f53084b97272b5627bb4efd7bb5a47f7ac7aedb0b99 [none]
[2026-05-07T17:15:01.677Z] >>> [apiv2][body] POST https://upload-firebasehosting.googleapis.com/upload/sites/wain-admin/versions/2e171e2d2982c186/files/4ed0265a1797bde9a4716f53084b97272b5627bb4efd7bb5a47f7ac7aedb0b99 [stream]
[2026-05-07T17:15:01.678Z] >>> [apiv2][query] POST https://upload-firebasehosting.googleapis.com/upload/sites/wain-admin/versions/2e171e2d2982c186/files/34b4c39facfca02af28d882b3114a5ca3e24b2f2d5d33a61f6a58c849c8ac186 [none]
[2026-05-07T17:15:01.678Z] >>> [apiv2][body] POST https://upload-firebasehosting.googleapis.com/upload/sites/wain-admin/versions/2e171e2d2982c186/files/34b4c39facfca02af28d882b3114a5ca3e24b2f2d5d33a61f6a58c849c8ac186 [stream]
[2026-05-07T17:15:01.679Z] >>> [apiv2][query] POST https://upload-firebasehosting.googleapis.com/upload/sites/wain-admin/versions/2e171e2d2982c186/files/a0f613d237f84963e0ea41c6bad3244c8815d3d96e66d25e50bb4ee4f9b7be79 [none]
[2026-05-07T17:15:01.679Z] >>> [apiv2][body] POST https://upload-firebasehosting.googleapis.com/upload/sites/wain-admin/versions/2e171e2d2982c186/files/a0f613d237f84963e0ea41c6bad3244c8815d3d96e66d25e50bb4ee4f9b7be79 [stream]
[2026-05-07T17:15:01.679Z] >>> [apiv2][query] POST https://upload-firebasehosting.googleapis.com/upload/sites/wain-admin/versions/2e171e2d2982c186/files/ffad3b72676e6d79d7f19bf97ca6639583b04f235ad660e8083a6b66402bec4e [none]
[2026-05-07T17:15:01.679Z] >>> [apiv2][body] POST https://upload-firebasehosting.googleapis.com/upload/sites/wain-admin/versions/2e171e2d2982c186/files/ffad3b72676e6d79d7f19bf97ca6639583b04f235ad660e8083a6b66402bec4e [stream]
[2026-05-07T17:15:01.680Z] >>> [apiv2][query] POST https://upload-firebasehosting.googleapis.com/upload/sites/wain-admin/versions/2e171e2d2982c186/files/d51d1143a5fe3109b3899a1da6390bd8a6daf05670c5aac7e0d632f265a6cea5 [none]
[2026-05-07T17:15:01.680Z] >>> [apiv2][body] POST https://upload-firebasehosting.googleapis.com/upload/sites/wain-admin/versions/2e171e2d2982c186/files/d51d1143a5fe3109b3899a1da6390bd8a6daf05670c5aac7e0d632f265a6cea5 [stream]
[2026-05-07T17:15:01.681Z] >>> [apiv2][query] POST https://upload-firebasehosting.googleapis.com/upload/sites/wain-admin/versions/2e171e2d2982c186/files/3fa4bf58b012c4aedf93c0236023dd15fd6ac94600fbb82b950e1eb8a92d6283 [none]
[2026-05-07T17:15:01.681Z] >>> [apiv2][body] POST https://upload-firebasehosting.googleapis.com/upload/sites/wain-admin/versions/2e171e2d2982c186/files/3fa4bf58b012c4aedf93c0236023dd15fd6ac94600fbb82b950e1eb8a92d6283 [stream]
[2026-05-07T17:15:01.681Z] >>> [apiv2][query] POST https://upload-firebasehosting.googleapis.com/upload/sites/wain-admin/versions/2e171e2d2982c186/files/116bdfd35770b70ae8aec3b03478192a5afe7d7ddc060c87943c1a44094d8c0f [none]
[2026-05-07T17:15:01.681Z] >>> [apiv2][body] POST https://upload-firebasehosting.googleapis.com/upload/sites/wain-admin/versions/2e171e2d2982c186/files/116bdfd35770b70ae8aec3b03478192a5afe7d7ddc060c87943c1a44094d8c0f [stream]
[2026-05-07T17:15:01.682Z] >>> [apiv2][query] POST https://upload-firebasehosting.googleapis.com/upload/sites/wain-admin/versions/2e171e2d2982c186/files/7689d4d431ed1bbd3b062ceee795bea6d8a0a66d72bf0b44cfa04a184bcfbe80 [none]
[2026-05-07T17:15:01.682Z] >>> [apiv2][body] POST https://upload-firebasehosting.googleapis.com/upload/sites/wain-admin/versions/2e171e2d2982c186/files/7689d4d431ed1bbd3b062ceee795bea6d8a0a66d72bf0b44cfa04a184bcfbe80 [stream]
[2026-05-07T17:15:01.683Z] >>> [apiv2][query] POST https://upload-firebasehosting.googleapis.com/upload/sites/wain-admin/versions/2e171e2d2982c186/files/0c684421ee04b4d4674301084e880f1625c269660117cafca3087f761f735aeb [none]
[2026-05-07T17:15:01.683Z] >>> [apiv2][body] POST https://upload-firebasehosting.googleapis.com/upload/sites/wain-admin/versions/2e171e2d2982c186/files/0c684421ee04b4d4674301084e880f1625c269660117cafca3087f761f735aeb [stream]
[2026-05-07T17:15:01.683Z] >>> [apiv2][query] POST https://upload-firebasehosting.googleapis.com/upload/sites/wain-admin/versions/2e171e2d2982c186/files/eb10a536b22da0dac32c3d9b91360adbab4d53174acb221b476022ddf3680e5d [none]
[2026-05-07T17:15:01.683Z] >>> [apiv2][body] POST https://upload-firebasehosting.googleapis.com/upload/sites/wain-admin/versions/2e171e2d2982c186/files/eb10a536b22da0dac32c3d9b91360adbab4d53174acb221b476022ddf3680e5d [stream]
[2026-05-07T17:15:01.684Z] [hosting][populate queue][FINAL] {"max":1200,"min":1200,"avg":1200,"active":0,"complete":1,"success":1,"errored":0,"retried":0,"total":1,"elapsed":1244}
[2026-05-07T17:15:01.684Z] [hosting] uploads queued: 58
i  hosting: uploading new files [0/58] (0%)
[2026-05-07T17:15:02.719Z] <<< [apiv2][status] POST https://upload-firebasehosting.googleapis.com/upload/sites/wain-admin/versions/2e171e2d2982c186/files/55dede7675b2fb7b9103a899a493b1f6ec0032c6426fbe3a2d0c5d433d734f65 200
[2026-05-07T17:15:02.720Z] <<< [apiv2][body] POST https://upload-firebasehosting.googleapis.com/upload/sites/wain-admin/versions/2e171e2d2982c186/files/55dede7675b2fb7b9103a899a493b1f6ec0032c6426fbe3a2d0c5d433d734f65 [stream]
[2026-05-07T17:15:02.730Z] <<< [apiv2][status] POST https://upload-firebasehosting.googleapis.com/upload/sites/wain-admin/versions/2e171e2d2982c186/files/8ea559796729d574a143bf87a338419e9a1e4010b00f6b90dd86e7ff3d994730 200
[2026-05-07T17:15:02.730Z] <<< [apiv2][body] POST https://upload-firebasehosting.googleapis.com/upload/sites/wain-admin/versions/2e171e2d2982c186/files/8ea559796729d574a143bf87a338419e9a1e4010b00f6b90dd86e7ff3d994730 [stream]
[2026-05-07T17:15:02.739Z] <<< [apiv2][status] POST https://upload-firebasehosting.googleapis.com/upload/sites/wain-admin/versions/2e171e2d2982c186/files/d06d0ca1e061728a84ea067329cb424ca26801b6aa003031a4709d5900c7b8cf 200
[2026-05-07T17:15:02.740Z] <<< [apiv2][body] POST https://upload-firebasehosting.googleapis.com/upload/sites/wain-admin/versions/2e171e2d2982c186/files/d06d0ca1e061728a84ea067329cb424ca26801b6aa003031a4709d5900c7b8cf [stream]
[2026-05-07T17:15:02.778Z] <<< [apiv2][status] POST https://upload-firebasehosting.googleapis.com/upload/sites/wain-admin/versions/2e171e2d2982c186/files/0730c538c489b2576c69f0fa71e26a049194d5ffbb3f2416be306591e07fcced 200
[2026-05-07T17:15:02.778Z] <<< [apiv2][body] POST https://upload-firebasehosting.googleapis.com/upload/sites/wain-admin/versions/2e171e2d2982c186/files/0730c538c489b2576c69f0fa71e26a049194d5ffbb3f2416be306591e07fcced [stream]
[2026-05-07T17:15:02.787Z] <<< [apiv2][status] POST https://upload-firebasehosting.googleapis.com/upload/sites/wain-admin/versions/2e171e2d2982c186/files/580fe7a88d3eb8991a74b537c28d9fa29a611ec898c6d2f106c3f08fc73d84aa 200
[2026-05-07T17:15:02.787Z] <<< [apiv2][body] POST https://upload-firebasehosting.googleapis.com/upload/sites/wain-admin/versions/2e171e2d2982c186/files/580fe7a88d3eb8991a74b537c28d9fa29a611ec898c6d2f106c3f08fc73d84aa [stream]
[2026-05-07T17:15:02.805Z] <<< [apiv2][status] POST https://upload-firebasehosting.googleapis.com/upload/sites/wain-admin/versions/2e171e2d2982c186/files/1d6822bd78ca1c5bcb4edd9462ed65d8fa6e91b404eb9d9ffcbaa1c4001492b2 200
[2026-05-07T17:15:02.805Z] <<< [apiv2][body] POST https://upload-firebasehosting.googleapis.com/upload/sites/wain-admin/versions/2e171e2d2982c186/files/1d6822bd78ca1c5bcb4edd9462ed65d8fa6e91b404eb9d9ffcbaa1c4001492b2 [stream]
[2026-05-07T17:15:02.812Z] <<< [apiv2][status] POST https://upload-firebasehosting.googleapis.com/upload/sites/wain-admin/versions/2e171e2d2982c186/files/b19804b3032f079d9a1ee45ce05e4498a6fa6c93fb6a6fda132b520aa3ed516e 200
[2026-05-07T17:15:02.812Z] <<< [apiv2][body] POST https://upload-firebasehosting.googleapis.com/upload/sites/wain-admin/versions/2e171e2d2982c186/files/b19804b3032f079d9a1ee45ce05e4498a6fa6c93fb6a6fda132b520aa3ed516e [stream]
[2026-05-07T17:15:02.822Z] <<< [apiv2][status] POST https://upload-firebasehosting.googleapis.com/upload/sites/wain-admin/versions/2e171e2d2982c186/files/8a30346ffd48443fa44fab737805c02e717625d88baa80a01d80943c5f5d9b1e 200
[2026-05-07T17:15:02.822Z] <<< [apiv2][body] POST https://upload-firebasehosting.googleapis.com/upload/sites/wain-admin/versions/2e171e2d2982c186/files/8a30346ffd48443fa44fab737805c02e717625d88baa80a01d80943c5f5d9b1e [stream]
[2026-05-07T17:15:02.826Z] <<< [apiv2][status] POST https://upload-firebasehosting.googleapis.com/upload/sites/wain-admin/versions/2e171e2d2982c186/files/fa51b8955b9508138dead6d7ddb8f6afa5455b96b6c0b6b590ba6462422b981b 200
[2026-05-07T17:15:02.826Z] <<< [apiv2][body] POST https://upload-firebasehosting.googleapis.com/upload/sites/wain-admin/versions/2e171e2d2982c186/files/fa51b8955b9508138dead6d7ddb8f6afa5455b96b6c0b6b590ba6462422b981b [stream]
[2026-05-07T17:15:02.832Z] <<< [apiv2][status] POST https://upload-firebasehosting.googleapis.com/upload/sites/wain-admin/versions/2e171e2d2982c186/files/17eeaa77ef3d8023a2785c0e65bd8a191b303ab5544779f2b5435fac04eec76c 200
[2026-05-07T17:15:02.832Z] <<< [apiv2][body] POST https://upload-firebasehosting.googleapis.com/upload/sites/wain-admin/versions/2e171e2d2982c186/files/17eeaa77ef3d8023a2785c0e65bd8a191b303ab5544779f2b5435fac04eec76c [stream]
[2026-05-07T17:15:02.836Z] <<< [apiv2][status] POST https://upload-firebasehosting.googleapis.com/upload/sites/wain-admin/versions/2e171e2d2982c186/files/abddab27e1f8c36f46bb41a7b23719c797fb549ea5632e587178af8ebb367fdf 200
[2026-05-07T17:15:02.836Z] <<< [apiv2][body] POST https://upload-firebasehosting.googleapis.com/upload/sites/wain-admin/versions/2e171e2d2982c186/files/abddab27e1f8c36f46bb41a7b23719c797fb549ea5632e587178af8ebb367fdf [stream]
[2026-05-07T17:15:02.852Z] <<< [apiv2][status] POST https://upload-firebasehosting.googleapis.com/upload/sites/wain-admin/versions/2e171e2d2982c186/files/51a03f317d1a42b3d1f5951393d80068da36ea1beeddfd841af4b83b5da8043c 200
[2026-05-07T17:15:02.852Z] <<< [apiv2][body] POST https://upload-firebasehosting.googleapis.com/upload/sites/wain-admin/versions/2e171e2d2982c186/files/51a03f317d1a42b3d1f5951393d80068da36ea1beeddfd841af4b83b5da8043c [stream]
[2026-05-07T17:15:02.854Z] <<< [apiv2][status] POST https://upload-firebasehosting.googleapis.com/upload/sites/wain-admin/versions/2e171e2d2982c186/files/1c77f6c0cdf448fc5f354790d8210b8e6d87d735821578e31b0016ad4ff66020 200
[2026-05-07T17:15:02.854Z] <<< [apiv2][body] POST https://upload-firebasehosting.googleapis.com/upload/sites/wain-admin/versions/2e171e2d2982c186/files/1c77f6c0cdf448fc5f354790d8210b8e6d87d735821578e31b0016ad4ff66020 [stream]
[2026-05-07T17:15:02.855Z] <<< [apiv2][status] POST https://upload-firebasehosting.googleapis.com/upload/sites/wain-admin/versions/2e171e2d2982c186/files/92cb5585cc8eb904af53a95d2b9e5461be9f133374174165c5071edea5d57440 200
[2026-05-07T17:15:02.855Z] <<< [apiv2][body] POST https://upload-firebasehosting.googleapis.com/upload/sites/wain-admin/versions/2e171e2d2982c186/files/92cb5585cc8eb904af53a95d2b9e5461be9f133374174165c5071edea5d57440 [stream]
[2026-05-07T17:15:02.865Z] <<< [apiv2][status] POST https://upload-firebasehosting.googleapis.com/upload/sites/wain-admin/versions/2e171e2d2982c186/files/dfc9131f917b7099b60ff260e5519ffa8e3a07726d6b0c7aa748eecd7e876cd3 200
[2026-05-07T17:15:02.865Z] <<< [apiv2][body] POST https://upload-firebasehosting.googleapis.com/upload/sites/wain-admin/versions/2e171e2d2982c186/files/dfc9131f917b7099b60ff260e5519ffa8e3a07726d6b0c7aa748eecd7e876cd3 [stream]
[2026-05-07T17:15:02.881Z] <<< [apiv2][status] POST https://upload-firebasehosting.googleapis.com/upload/sites/wain-admin/versions/2e171e2d2982c186/files/fa1a2585b121ea14c0e65c908ae0291e18b79fed8a81488a78b6b1144a0f4585 200
[2026-05-07T17:15:02.881Z] <<< [apiv2][body] POST https://upload-firebasehosting.googleapis.com/upload/sites/wain-admin/versions/2e171e2d2982c186/files/fa1a2585b121ea14c0e65c908ae0291e18b79fed8a81488a78b6b1144a0f4585 [stream]
[2026-05-07T17:15:02.883Z] <<< [apiv2][status] POST https://upload-firebasehosting.googleapis.com/upload/sites/wain-admin/versions/2e171e2d2982c186/files/46d27b5c21cee70fe29888b6b750caf1b4a64f311908695adb694213410d24bb 200
[2026-05-07T17:15:02.883Z] <<< [apiv2][body] POST https://upload-firebasehosting.googleapis.com/upload/sites/wain-admin/versions/2e171e2d2982c186/files/46d27b5c21cee70fe29888b6b750caf1b4a64f311908695adb694213410d24bb [stream]
[2026-05-07T17:15:02.884Z] <<< [apiv2][status] POST https://upload-firebasehosting.googleapis.com/upload/sites/wain-admin/versions/2e171e2d2982c186/files/d51d1143a5fe3109b3899a1da6390bd8a6daf05670c5aac7e0d632f265a6cea5 200
[2026-05-07T17:15:02.884Z] <<< [apiv2][body] POST https://upload-firebasehosting.googleapis.com/upload/sites/wain-admin/versions/2e171e2d2982c186/files/d51d1143a5fe3109b3899a1da6390bd8a6daf05670c5aac7e0d632f265a6cea5 [stream]
[2026-05-07T17:15:02.888Z] <<< [apiv2][status] POST https://upload-firebasehosting.googleapis.com/upload/sites/wain-admin/versions/2e171e2d2982c186/files/68c721a2033f89dc7b759449b64fc8c66d2eb0feb740fea17bf0f54cb47cf683 200
[2026-05-07T17:15:02.888Z] <<< [apiv2][body] POST https://upload-firebasehosting.googleapis.com/upload/sites/wain-admin/versions/2e171e2d2982c186/files/68c721a2033f89dc7b759449b64fc8c66d2eb0feb740fea17bf0f54cb47cf683 [stream]
[2026-05-07T17:15:02.893Z] <<< [apiv2][status] POST https://upload-firebasehosting.googleapis.com/upload/sites/wain-admin/versions/2e171e2d2982c186/files/c4c21a2728bdcbdea8684babeb7fc85c62c12cd9bc40aaa971e96fb1d3315cd0 200
[2026-05-07T17:15:02.893Z] <<< [apiv2][body] POST https://upload-firebasehosting.googleapis.com/upload/sites/wain-admin/versions/2e171e2d2982c186/files/c4c21a2728bdcbdea8684babeb7fc85c62c12cd9bc40aaa971e96fb1d3315cd0 [stream]
[2026-05-07T17:15:02.897Z] <<< [apiv2][status] POST https://upload-firebasehosting.googleapis.com/upload/sites/wain-admin/versions/2e171e2d2982c186/files/cc3c9a115fe93c1d86dea73b54a954692a4a6f76f0b8b52f03ef0b719fb9bca3 200
[2026-05-07T17:15:02.898Z] <<< [apiv2][body] POST https://upload-firebasehosting.googleapis.com/upload/sites/wain-admin/versions/2e171e2d2982c186/files/cc3c9a115fe93c1d86dea73b54a954692a4a6f76f0b8b52f03ef0b719fb9bca3 [stream]
[2026-05-07T17:15:02.902Z] <<< [apiv2][status] POST https://upload-firebasehosting.googleapis.com/upload/sites/wain-admin/versions/2e171e2d2982c186/files/8b208eb8dd9f03ad7fb0fec638ab59d89df39bad26a8250e83780e30f1c03b26 200
[2026-05-07T17:15:02.902Z] <<< [apiv2][body] POST https://upload-firebasehosting.googleapis.com/upload/sites/wain-admin/versions/2e171e2d2982c186/files/8b208eb8dd9f03ad7fb0fec638ab59d89df39bad26a8250e83780e30f1c03b26 [stream]
[2026-05-07T17:15:02.903Z] <<< [apiv2][status] POST https://upload-firebasehosting.googleapis.com/upload/sites/wain-admin/versions/2e171e2d2982c186/files/d4783cc663d098d73bd3b38352d2284da148badf9bac11fa47b95c20f7bb7a22 200
[2026-05-07T17:15:02.904Z] <<< [apiv2][body] POST https://upload-firebasehosting.googleapis.com/upload/sites/wain-admin/versions/2e171e2d2982c186/files/d4783cc663d098d73bd3b38352d2284da148badf9bac11fa47b95c20f7bb7a22 [stream]
[2026-05-07T17:15:02.909Z] <<< [apiv2][status] POST https://upload-firebasehosting.googleapis.com/upload/sites/wain-admin/versions/2e171e2d2982c186/files/12069678e13d67c85a99d4cc79dcc6fb1e6f681afae60144df343f10fac4ef41 200
[2026-05-07T17:15:02.909Z] <<< [apiv2][body] POST https://upload-firebasehosting.googleapis.com/upload/sites/wain-admin/versions/2e171e2d2982c186/files/12069678e13d67c85a99d4cc79dcc6fb1e6f681afae60144df343f10fac4ef41 [stream]
[2026-05-07T17:15:02.910Z] <<< [apiv2][status] POST https://upload-firebasehosting.googleapis.com/upload/sites/wain-admin/versions/2e171e2d2982c186/files/426de1bc81ceaecfa67713f843d6391d27e87988095207ff9f83f7458b6f119e 200
[2026-05-07T17:15:02.911Z] <<< [apiv2][body] POST https://upload-firebasehosting.googleapis.com/upload/sites/wain-admin/versions/2e171e2d2982c186/files/426de1bc81ceaecfa67713f843d6391d27e87988095207ff9f83f7458b6f119e [stream]
[2026-05-07T17:15:02.926Z] <<< [apiv2][status] POST https://upload-firebasehosting.googleapis.com/upload/sites/wain-admin/versions/2e171e2d2982c186/files/f34647992da4099a48d0b77aba33dcb44a5875310dba485f9f7ad473255db9af 200
[2026-05-07T17:15:02.926Z] <<< [apiv2][body] POST https://upload-firebasehosting.googleapis.com/upload/sites/wain-admin/versions/2e171e2d2982c186/files/f34647992da4099a48d0b77aba33dcb44a5875310dba485f9f7ad473255db9af [stream]
[2026-05-07T17:15:02.942Z] <<< [apiv2][status] POST https://upload-firebasehosting.googleapis.com/upload/sites/wain-admin/versions/2e171e2d2982c186/files/116bdfd35770b70ae8aec3b03478192a5afe7d7ddc060c87943c1a44094d8c0f 200
[2026-05-07T17:15:02.942Z] <<< [apiv2][body] POST https://upload-firebasehosting.googleapis.com/upload/sites/wain-admin/versions/2e171e2d2982c186/files/116bdfd35770b70ae8aec3b03478192a5afe7d7ddc060c87943c1a44094d8c0f [stream]
[2026-05-07T17:15:02.943Z] <<< [apiv2][status] POST https://upload-firebasehosting.googleapis.com/upload/sites/wain-admin/versions/2e171e2d2982c186/files/6a2a69f7abbf1e240646f5915321f29c46acf8f3c55ab1e42a72486291ffe2c7 200
[2026-05-07T17:15:02.943Z] <<< [apiv2][body] POST https://upload-firebasehosting.googleapis.com/upload/sites/wain-admin/versions/2e171e2d2982c186/files/6a2a69f7abbf1e240646f5915321f29c46acf8f3c55ab1e42a72486291ffe2c7 [stream]
[2026-05-07T17:15:02.947Z] <<< [apiv2][status] POST https://upload-firebasehosting.googleapis.com/upload/sites/wain-admin/versions/2e171e2d2982c186/files/1fce65b2fe1f55de62f14b989ce13603375b7905a12e45d577a552ba3398011b 200
[2026-05-07T17:15:02.947Z] <<< [apiv2][body] POST https://upload-firebasehosting.googleapis.com/upload/sites/wain-admin/versions/2e171e2d2982c186/files/1fce65b2fe1f55de62f14b989ce13603375b7905a12e45d577a552ba3398011b [stream]
[2026-05-07T17:15:02.951Z] <<< [apiv2][status] POST https://upload-firebasehosting.googleapis.com/upload/sites/wain-admin/versions/2e171e2d2982c186/files/3ba9b22e9cf95cb8051ef5b48525ab597a474d1a16564a72d955411bba1197b8 200
[2026-05-07T17:15:02.951Z] <<< [apiv2][body] POST https://upload-firebasehosting.googleapis.com/upload/sites/wain-admin/versions/2e171e2d2982c186/files/3ba9b22e9cf95cb8051ef5b48525ab597a474d1a16564a72d955411bba1197b8 [stream]
[2026-05-07T17:15:02.958Z] <<< [apiv2][status] POST https://upload-firebasehosting.googleapis.com/upload/sites/wain-admin/versions/2e171e2d2982c186/files/eb10a536b22da0dac32c3d9b91360adbab4d53174acb221b476022ddf3680e5d 200
[2026-05-07T17:15:02.958Z] <<< [apiv2][body] POST https://upload-firebasehosting.googleapis.com/upload/sites/wain-admin/versions/2e171e2d2982c186/files/eb10a536b22da0dac32c3d9b91360adbab4d53174acb221b476022ddf3680e5d [stream]
[2026-05-07T17:15:02.969Z] <<< [apiv2][status] POST https://upload-firebasehosting.googleapis.com/upload/sites/wain-admin/versions/2e171e2d2982c186/files/ffad3b72676e6d79d7f19bf97ca6639583b04f235ad660e8083a6b66402bec4e 200
[2026-05-07T17:15:02.969Z] <<< [apiv2][body] POST https://upload-firebasehosting.googleapis.com/upload/sites/wain-admin/versions/2e171e2d2982c186/files/ffad3b72676e6d79d7f19bf97ca6639583b04f235ad660e8083a6b66402bec4e [stream]
[2026-05-07T17:15:02.969Z] <<< [apiv2][status] POST https://upload-firebasehosting.googleapis.com/upload/sites/wain-admin/versions/2e171e2d2982c186/files/9ea4df069bbc95cf7f784b381f843199a4fd0a2855c5824677a59c556c77bd5b 200
[2026-05-07T17:15:02.969Z] <<< [apiv2][body] POST https://upload-firebasehosting.googleapis.com/upload/sites/wain-admin/versions/2e171e2d2982c186/files/9ea4df069bbc95cf7f784b381f843199a4fd0a2855c5824677a59c556c77bd5b [stream]
[2026-05-07T17:15:02.976Z] <<< [apiv2][status] POST https://upload-firebasehosting.googleapis.com/upload/sites/wain-admin/versions/2e171e2d2982c186/files/ec8df5c0c02b53848b111a4c3ea2f0739f5d0c3c2849547f972e4236ef73b81d 200
[2026-05-07T17:15:02.976Z] <<< [apiv2][body] POST https://upload-firebasehosting.googleapis.com/upload/sites/wain-admin/versions/2e171e2d2982c186/files/ec8df5c0c02b53848b111a4c3ea2f0739f5d0c3c2849547f972e4236ef73b81d [stream]
[2026-05-07T17:15:02.976Z] <<< [apiv2][status] POST https://upload-firebasehosting.googleapis.com/upload/sites/wain-admin/versions/2e171e2d2982c186/files/6808046414bd589b637affe249defe10c1882822bd5fa47763f0fb2b706b3cfa 200
[2026-05-07T17:15:02.976Z] <<< [apiv2][body] POST https://upload-firebasehosting.googleapis.com/upload/sites/wain-admin/versions/2e171e2d2982c186/files/6808046414bd589b637affe249defe10c1882822bd5fa47763f0fb2b706b3cfa [stream]
[2026-05-07T17:15:02.979Z] <<< [apiv2][status] POST https://upload-firebasehosting.googleapis.com/upload/sites/wain-admin/versions/2e171e2d2982c186/files/c22556dd47b376264b0b58ac9a56fecc04081cecc0092af344636bcd8b35d36d 200
[2026-05-07T17:15:02.979Z] <<< [apiv2][body] POST https://upload-firebasehosting.googleapis.com/upload/sites/wain-admin/versions/2e171e2d2982c186/files/c22556dd47b376264b0b58ac9a56fecc04081cecc0092af344636bcd8b35d36d [stream]
[2026-05-07T17:15:02.986Z] <<< [apiv2][status] POST https://upload-firebasehosting.googleapis.com/upload/sites/wain-admin/versions/2e171e2d2982c186/files/4ed0265a1797bde9a4716f53084b97272b5627bb4efd7bb5a47f7ac7aedb0b99 200
[2026-05-07T17:15:02.986Z] <<< [apiv2][body] POST https://upload-firebasehosting.googleapis.com/upload/sites/wain-admin/versions/2e171e2d2982c186/files/4ed0265a1797bde9a4716f53084b97272b5627bb4efd7bb5a47f7ac7aedb0b99 [stream]
[2026-05-07T17:15:02.995Z] <<< [apiv2][status] POST https://upload-firebasehosting.googleapis.com/upload/sites/wain-admin/versions/2e171e2d2982c186/files/1f3ddc4080cc89a34d9a4dd0bbafb49f8716f8e12ce5b91e0e1ad29b6ce125b0 200
[2026-05-07T17:15:02.995Z] <<< [apiv2][body] POST https://upload-firebasehosting.googleapis.com/upload/sites/wain-admin/versions/2e171e2d2982c186/files/1f3ddc4080cc89a34d9a4dd0bbafb49f8716f8e12ce5b91e0e1ad29b6ce125b0 [stream]
[2026-05-07T17:15:03.004Z] <<< [apiv2][status] POST https://upload-firebasehosting.googleapis.com/upload/sites/wain-admin/versions/2e171e2d2982c186/files/7d969a71aa1355a8e018fa13b81671ef0d2100900c41376f299aea9ab9ea35c7 200
[2026-05-07T17:15:03.004Z] <<< [apiv2][body] POST https://upload-firebasehosting.googleapis.com/upload/sites/wain-admin/versions/2e171e2d2982c186/files/7d969a71aa1355a8e018fa13b81671ef0d2100900c41376f299aea9ab9ea35c7 [stream]
[2026-05-07T17:15:03.009Z] <<< [apiv2][status] POST https://upload-firebasehosting.googleapis.com/upload/sites/wain-admin/versions/2e171e2d2982c186/files/7689d4d431ed1bbd3b062ceee795bea6d8a0a66d72bf0b44cfa04a184bcfbe80 200
[2026-05-07T17:15:03.009Z] <<< [apiv2][body] POST https://upload-firebasehosting.googleapis.com/upload/sites/wain-admin/versions/2e171e2d2982c186/files/7689d4d431ed1bbd3b062ceee795bea6d8a0a66d72bf0b44cfa04a184bcfbe80 [stream]
[2026-05-07T17:15:03.013Z] <<< [apiv2][status] POST https://upload-firebasehosting.googleapis.com/upload/sites/wain-admin/versions/2e171e2d2982c186/files/0c684421ee04b4d4674301084e880f1625c269660117cafca3087f761f735aeb 200
[2026-05-07T17:15:03.014Z] <<< [apiv2][body] POST https://upload-firebasehosting.googleapis.com/upload/sites/wain-admin/versions/2e171e2d2982c186/files/0c684421ee04b4d4674301084e880f1625c269660117cafca3087f761f735aeb [stream]
[2026-05-07T17:15:03.022Z] <<< [apiv2][status] POST https://upload-firebasehosting.googleapis.com/upload/sites/wain-admin/versions/2e171e2d2982c186/files/1c5f6c41476fb9c77eadd1dda9af8e112896c4b40b92b5fa05bdf6b4a973e8e5 200
[2026-05-07T17:15:03.022Z] <<< [apiv2][body] POST https://upload-firebasehosting.googleapis.com/upload/sites/wain-admin/versions/2e171e2d2982c186/files/1c5f6c41476fb9c77eadd1dda9af8e112896c4b40b92b5fa05bdf6b4a973e8e5 [stream]
[2026-05-07T17:15:03.034Z] <<< [apiv2][status] POST https://upload-firebasehosting.googleapis.com/upload/sites/wain-admin/versions/2e171e2d2982c186/files/169387d89d9249be95096c5aba1ddac7add2cec08d2a0e70f9aa969c06db57d8 200
[2026-05-07T17:15:03.034Z] <<< [apiv2][body] POST https://upload-firebasehosting.googleapis.com/upload/sites/wain-admin/versions/2e171e2d2982c186/files/169387d89d9249be95096c5aba1ddac7add2cec08d2a0e70f9aa969c06db57d8 [stream]
[2026-05-07T17:15:03.034Z] <<< [apiv2][status] POST https://upload-firebasehosting.googleapis.com/upload/sites/wain-admin/versions/2e171e2d2982c186/files/6b8b850968fc7404fb9e08528032691b32c824161dbfbfba9d6d79a11f5cdc1b 200
[2026-05-07T17:15:03.035Z] <<< [apiv2][body] POST https://upload-firebasehosting.googleapis.com/upload/sites/wain-admin/versions/2e171e2d2982c186/files/6b8b850968fc7404fb9e08528032691b32c824161dbfbfba9d6d79a11f5cdc1b [stream]
[2026-05-07T17:15:03.038Z] <<< [apiv2][status] POST https://upload-firebasehosting.googleapis.com/upload/sites/wain-admin/versions/2e171e2d2982c186/files/bfe8f2358648d4cc360f5805e8fc01e75c0827dda4fc4cf3baed093b7f53a5cc 200
[2026-05-07T17:15:03.038Z] <<< [apiv2][body] POST https://upload-firebasehosting.googleapis.com/upload/sites/wain-admin/versions/2e171e2d2982c186/files/bfe8f2358648d4cc360f5805e8fc01e75c0827dda4fc4cf3baed093b7f53a5cc [stream]
[2026-05-07T17:15:03.051Z] <<< [apiv2][status] POST https://upload-firebasehosting.googleapis.com/upload/sites/wain-admin/versions/2e171e2d2982c186/files/309ac58b6f0544d482f42138ed865f44df0df7273184fc569aa45b925fb9c0a3 200
[2026-05-07T17:15:03.051Z] <<< [apiv2][body] POST https://upload-firebasehosting.googleapis.com/upload/sites/wain-admin/versions/2e171e2d2982c186/files/309ac58b6f0544d482f42138ed865f44df0df7273184fc569aa45b925fb9c0a3 [stream]
[2026-05-07T17:15:03.057Z] <<< [apiv2][status] POST https://upload-firebasehosting.googleapis.com/upload/sites/wain-admin/versions/2e171e2d2982c186/files/dabfcf1648610c5c700d4a8614046b34e774a55c1aa55617ab049afc55ebc606 200
[2026-05-07T17:15:03.057Z] <<< [apiv2][body] POST https://upload-firebasehosting.googleapis.com/upload/sites/wain-admin/versions/2e171e2d2982c186/files/dabfcf1648610c5c700d4a8614046b34e774a55c1aa55617ab049afc55ebc606 [stream]
[2026-05-07T17:15:03.072Z] <<< [apiv2][status] POST https://upload-firebasehosting.googleapis.com/upload/sites/wain-admin/versions/2e171e2d2982c186/files/34b4c39facfca02af28d882b3114a5ca3e24b2f2d5d33a61f6a58c849c8ac186 200
[2026-05-07T17:15:03.073Z] <<< [apiv2][body] POST https://upload-firebasehosting.googleapis.com/upload/sites/wain-admin/versions/2e171e2d2982c186/files/34b4c39facfca02af28d882b3114a5ca3e24b2f2d5d33a61f6a58c849c8ac186 [stream]
[2026-05-07T17:15:03.073Z] <<< [apiv2][status] POST https://upload-firebasehosting.googleapis.com/upload/sites/wain-admin/versions/2e171e2d2982c186/files/3fa4bf58b012c4aedf93c0236023dd15fd6ac94600fbb82b950e1eb8a92d6283 200
[2026-05-07T17:15:03.073Z] <<< [apiv2][body] POST https://upload-firebasehosting.googleapis.com/upload/sites/wain-admin/versions/2e171e2d2982c186/files/3fa4bf58b012c4aedf93c0236023dd15fd6ac94600fbb82b950e1eb8a92d6283 [stream]
[2026-05-07T17:15:03.100Z] <<< [apiv2][status] POST https://upload-firebasehosting.googleapis.com/upload/sites/wain-admin/versions/2e171e2d2982c186/files/778a3a613f3f57892e501ef38c92ad6694c2db59c4267b035d7bc004a8b0a986 200
[2026-05-07T17:15:03.100Z] <<< [apiv2][body] POST https://upload-firebasehosting.googleapis.com/upload/sites/wain-admin/versions/2e171e2d2982c186/files/778a3a613f3f57892e501ef38c92ad6694c2db59c4267b035d7bc004a8b0a986 [stream]
[2026-05-07T17:15:03.109Z] <<< [apiv2][status] POST https://upload-firebasehosting.googleapis.com/upload/sites/wain-admin/versions/2e171e2d2982c186/files/18e28d3214eda45048d80d3925ea7627b809e69ad2e95f7f98459e9146a61c3d 200
[2026-05-07T17:15:03.109Z] <<< [apiv2][body] POST https://upload-firebasehosting.googleapis.com/upload/sites/wain-admin/versions/2e171e2d2982c186/files/18e28d3214eda45048d80d3925ea7627b809e69ad2e95f7f98459e9146a61c3d [stream]
[2026-05-07T17:15:03.194Z] <<< [apiv2][status] POST https://upload-firebasehosting.googleapis.com/upload/sites/wain-admin/versions/2e171e2d2982c186/files/a9e2be66ad0267b82e993c14619969b98d30ff11ac8f3a45a4b092187a561e8a 200
[2026-05-07T17:15:03.194Z] <<< [apiv2][body] POST https://upload-firebasehosting.googleapis.com/upload/sites/wain-admin/versions/2e171e2d2982c186/files/a9e2be66ad0267b82e993c14619969b98d30ff11ac8f3a45a4b092187a561e8a [stream]
[2026-05-07T17:15:03.230Z] <<< [apiv2][status] POST https://upload-firebasehosting.googleapis.com/upload/sites/wain-admin/versions/2e171e2d2982c186/files/94b8b87ec4ad37c3a6ee791a6a314d5a3ee4d07ae2c3061672a307b1df3755d7 200
[2026-05-07T17:15:03.230Z] <<< [apiv2][body] POST https://upload-firebasehosting.googleapis.com/upload/sites/wain-admin/versions/2e171e2d2982c186/files/94b8b87ec4ad37c3a6ee791a6a314d5a3ee4d07ae2c3061672a307b1df3755d7 [stream]
[2026-05-07T17:15:03.235Z] <<< [apiv2][status] POST https://upload-firebasehosting.googleapis.com/upload/sites/wain-admin/versions/2e171e2d2982c186/files/a557c1d94314839a0d532216aa368681c7883a95f798b1354eb9b8600460521e 200
[2026-05-07T17:15:03.236Z] <<< [apiv2][body] POST https://upload-firebasehosting.googleapis.com/upload/sites/wain-admin/versions/2e171e2d2982c186/files/a557c1d94314839a0d532216aa368681c7883a95f798b1354eb9b8600460521e [stream]
[2026-05-07T17:15:03.251Z] <<< [apiv2][status] POST https://upload-firebasehosting.googleapis.com/upload/sites/wain-admin/versions/2e171e2d2982c186/files/4d62ee09b2eea661807cc8b28537cc5662ab82d40af41f5976eb28dd1671f5d3 200
[2026-05-07T17:15:03.251Z] <<< [apiv2][body] POST https://upload-firebasehosting.googleapis.com/upload/sites/wain-admin/versions/2e171e2d2982c186/files/4d62ee09b2eea661807cc8b28537cc5662ab82d40af41f5976eb28dd1671f5d3 [stream]
[2026-05-07T17:15:03.278Z] <<< [apiv2][status] POST https://upload-firebasehosting.googleapis.com/upload/sites/wain-admin/versions/2e171e2d2982c186/files/556753bca6f5085c7592cd6c8c5238fe8f3aeec40959caeb32a585a842fbb9b1 200
[2026-05-07T17:15:03.278Z] <<< [apiv2][body] POST https://upload-firebasehosting.googleapis.com/upload/sites/wain-admin/versions/2e171e2d2982c186/files/556753bca6f5085c7592cd6c8c5238fe8f3aeec40959caeb32a585a842fbb9b1 [stream]
[2026-05-07T17:15:03.337Z] <<< [apiv2][status] POST https://upload-firebasehosting.googleapis.com/upload/sites/wain-admin/versions/2e171e2d2982c186/files/a0f613d237f84963e0ea41c6bad3244c8815d3d96e66d25e50bb4ee4f9b7be79 200
[2026-05-07T17:15:03.337Z] <<< [apiv2][body] POST https://upload-firebasehosting.googleapis.com/upload/sites/wain-admin/versions/2e171e2d2982c186/files/a0f613d237f84963e0ea41c6bad3244c8815d3d96e66d25e50bb4ee4f9b7be79 [stream]
[2026-05-07T17:15:03.385Z] <<< [apiv2][status] POST https://upload-firebasehosting.googleapis.com/upload/sites/wain-admin/versions/2e171e2d2982c186/files/9d1bd78180e4e2bdcecd1b8efacd3035be23e21e0f8d49e39dc7ebe513a029e4 200
[2026-05-07T17:15:03.385Z] <<< [apiv2][body] POST https://upload-firebasehosting.googleapis.com/upload/sites/wain-admin/versions/2e171e2d2982c186/files/9d1bd78180e4e2bdcecd1b8efacd3035be23e21e0f8d49e39dc7ebe513a029e4 [stream]
[2026-05-07T17:15:03.385Z] [hosting][upload queue][FINAL] {"max":1749,"min":1089,"avg":1332.9655172413793,"active":0,"complete":58,"success":58,"errored":0,"retried":0,"total":58,"elapsed":1754}
i  hosting: upload complete
+  hosting[wain-admin]: file upload complete
[2026-05-07T17:15:03.385Z] [hosting] deploy completed after 3032ms
i  functions: updating Node.js 24 (2nd Gen) function firebase-frameworks-wain-admin:ssrwainadmin(us-central1)...
[2026-05-07T17:15:03.391Z] Checked if tokens are valid: true, expires at: 1778175781006
[2026-05-07T17:15:03.391Z] Checked if tokens are valid: true, expires at: 1778175781006
[2026-05-07T17:15:03.392Z] >>> [apiv2][query] PATCH https://cloudfunctions.googleapis.com/v2/projects/wain-d2e28/locations/us-central1/functions/ssrwainadmin updateMask=name%2CbuildConfig.runtime%2CbuildConfig.entryPoint%2CbuildConfig.source.storageSource.bucket%2CbuildConfig.source.storageSource.object%2CbuildConfig.environmentVariables%2CbuildConfig.sourceToken%2CserviceConfig.environmentVariables%2CserviceConfig.ingressSettings%2CserviceConfig.timeoutSeconds%2CserviceConfig.serviceAccountEmail%2CserviceConfig.availableMemory%2CserviceConfig.minInstanceCount%2CserviceConfig.maxInstanceCount%2CserviceConfig.maxInstanceRequestConcurrency%2CserviceConfig.availableCpu%2CserviceConfig.vpcConnector%2CserviceConfig.vpcConnectorEgressSettings%2CserviceConfig.directVpcNetworkInterface%2CserviceConfig.directVpcEgress%2Clabels
[2026-05-07T17:15:03.392Z] >>> [apiv2][body] PATCH https://cloudfunctions.googleapis.com/v2/projects/wain-d2e28/locations/us-central1/functions/ssrwainadmin {"name":"projects/wain-d2e28/locations/us-central1/functions/ssrwainadmin","buildConfig":{"runtime":"nodejs24","entryPoint":"ssrwainadmin","source":{"storageSource":{"bucket":"gcf-v2-uploads-620614484841.us-central1.cloudfunctions.appspot.com","object":"31c45ef9-6511-492d-be13-bd6bcea918d7.zip"}},"environmentVariables":{"GOOGLE_NODE_RUN_SCRIPTS":""}},"serviceConfig":{"environmentVariables":{"VERCEL_URL":"wain-d2e28.web.app","__FIREBASE_FRAMEWORKS_ENTRY__":"next.js","__FIREBASE_DEFAULTS__":"{\"config\":{\"projectId\":\"wain-d2e28\",\"appId\":\"1:620614484841:web:ac86320829e764bc41b3f8\",\"storageBucket\":\"wain-d2e28.firebasestorage.app\",\"apiKey\":\"AIzaSyC9YKkNcRIbFkVeiO-sBbA2zgJxEzm6rlM\",\"authDomain\":\"wain-d2e28.firebaseapp.com\",\"messagingSenderId\":\"620614484841\",\"measurementId\":\"G-EV5MVJZX2R\",\"projectNumber\":\"620614484841\",\"version\":\"2\"},\"_authTokenSyncURL\":\"/__session\"}","FIREBASE_CONFIG":"{\"projectId\":\"wain-d2e28\",\"storageBucket\":\"wain-d2e28.firebasestorage.app\"}","GCLOUD_PROJECT":"wain-d2e28","EVENTARC_CLOUD_EVENT_SOURCE":"projects/wain-d2e28/locations/us-central1/services/ssrwainadmin","FUNCTION_TARGET":"ssrwainadmin","LOG_EXECUTION_ID":"true"},"ingressSettings":null,"timeoutSeconds":null,"serviceAccountEmail":null,"availableMemory":"512Mi","minInstanceCount":null,"maxInstanceCount":null,"maxInstanceRequestConcurrency":80,"availableCpu":"1","vpcConnector":null,"vpcConnectorEgressSettings":null,"directVpcNetworkInterface":null,"directVpcEgress":null},"labels":{"deployment-tool":"cli-firebase","firebase-functions-codebase":"firebase-frameworks-wain-admin","firebase-functions-hash":"5b4ee6bafea116c2a47b8f723e560adf83a0c782"}}
[2026-05-07T17:15:05.294Z] <<< [apiv2][status] PATCH https://cloudfunctions.googleapis.com/v2/projects/wain-d2e28/locations/us-central1/functions/ssrwainadmin 200
[2026-05-07T17:15:05.294Z] <<< [apiv2][body] PATCH https://cloudfunctions.googleapis.com/v2/projects/wain-d2e28/locations/us-central1/functions/ssrwainadmin {"name":"projects/wain-d2e28/locations/us-central1/operations/operation-1778174104263-6513d6bd55a99-61110ab2-65b8af17","metadata":{"@type":"type.googleapis.com/google.cloud.functions.v2.OperationMetadata","createTime":"2026-05-07T17:15:05.196124558Z","target":"projects/wain-d2e28/locations/us-central1/functions/ssrwainadmin","verb":"update","cancelRequested":false,"apiVersion":"v2"},"done":false}
[2026-05-07T17:15:05.294Z] Checked if tokens are valid: true, expires at: 1778175781006
[2026-05-07T17:15:05.294Z] Checked if tokens are valid: true, expires at: 1778175781006
[2026-05-07T17:15:05.294Z] >>> [apiv2][query] GET https://cloudfunctions.googleapis.com/v2/projects/wain-d2e28/locations/us-central1/operations/operation-1778174104263-6513d6bd55a99-61110ab2-65b8af17 [none]
[2026-05-07T17:15:06.052Z] <<< [apiv2][status] GET https://cloudfunctions.googleapis.com/v2/projects/wain-d2e28/locations/us-central1/operations/operation-1778174104263-6513d6bd55a99-61110ab2-65b8af17 200
[2026-05-07T17:15:06.052Z] <<< [apiv2][body] GET https://cloudfunctions.googleapis.com/v2/projects/wain-d2e28/locations/us-central1/operations/operation-1778174104263-6513d6bd55a99-61110ab2-65b8af17 {"name":"projects/wain-d2e28/locations/us-central1/operations/operation-1778174104263-6513d6bd55a99-61110ab2-65b8af17","metadata":{"@type":"type.googleapis.com/google.cloud.functions.v2.OperationMetadata","createTime":"2026-05-07T17:15:05.196124558Z","target":"projects/wain-d2e28/locations/us-central1/functions/ssrwainadmin","verb":"update","cancelRequested":false,"apiVersion":"v2","requestResource":{"@type":"type.googleapis.com/google.cloud.functions.v2.Function","name":"projects/wain-d2e28/locations/us-central1/functions/ssrwainadmin","buildConfig":{"runtime":"nodejs24","entryPoint":"ssrwainadmin","source":{"storageSource":{"bucket":"gcf-v2-sources-620614484841-us-central1","object":"ssrwainadmin/function-source.zip","generation":"1778174105142838"}},"environmentVariables":{"GOOGLE_NODE_RUN_SCRIPTS":""},"dockerRepository":"projects/wain-d2e28/locations/us-central1/repositories/gcf-artifacts","sourceProvenance":{"resolvedStorageSource":{"bucket":"gcf-v2-sources-620614484841-us-central1","object":"ssrwainadmin/function-source.zip","generation":"1778172388945720"}},"dockerRegistry":"ARTIFACT_REGISTRY","serviceAccount":"projects/wain-d2e28/serviceAccounts/620614484841-compute@developer.gserviceaccount.com","automaticUpdatePolicy":{}},"serviceConfig":{"service":"projects/wain-d2e28/locations/us-central1/services/ssrwainadmin","timeoutSeconds":60,"environmentVariables":{"VERCEL_URL":"wain-d2e28.web.app","__FIREBASE_FRAMEWORKS_ENTRY__":"next.js","__FIREBASE_DEFAULTS__":"{\"config\":{\"projectId\":\"wain-d2e28\",\"appId\":\"1:620614484841:web:ac86320829e764bc41b3f8\",\"storageBucket\":\"wain-d2e28.firebasestorage.app\",\"apiKey\":\"AIzaSyC9YKkNcRIbFkVeiO-sBbA2zgJxEzm6rlM\",\"authDomain\":\"wain-d2e28.firebaseapp.com\",\"messagingSenderId\":\"620614484841\",\"measurementId\":\"G-EV5MVJZX2R\",\"projectNumber\":\"620614484841\",\"version\":\"2\"},\"_authTokenSyncURL\":\"/__session\"}","FIREBASE_CONFIG":"{\"projectId\":\"wain-d2e28\",\"storageBucket\":\"wain-d2e28.firebasestorage.app\"}","GCLOUD_PROJECT":"wain-d2e28","EVENTARC_CLOUD_EVENT_SOURCE":"projects/wain-d2e28/locations/us-central1/services/ssrwainadmin","FUNCTION_TARGET":"ssrwainadmin","LOG_EXECUTION_ID":"true"},"ingressSettings":"ALLOW_ALL","uri":"https://ssrwainadmin-wvn5fhzfsq-uc.a.run.app","serviceAccountEmail":"620614484841-compute@developer.gserviceaccount.com","availableMemory":"512Mi","allTrafficOnLatestRevision":true,"revision":"ssrwainadmin-00063-fid","maxInstanceRequestConcurrency":80,"availableCpu":"1"},"state":"ACTIVE","labels":{"deployment-tool":"cli-firebase","firebase-functions-codebase":"firebase-frameworks-wain-admin","firebase-functions-hash":"5b4ee6bafea116c2a47b8f723e560adf83a0c782"},"environment":"GEN_2","url":"https://us-central1-wain-d2e28.cloudfunctions.net/ssrwainadmin","satisfiesPzi":true},"stages":[{"name":"BUILD","message":"Creating build","state":"IN_PROGRESS","resource":"projects/620614484841/locations/us-central1/builds/c3930c28-97f8-4f86-9f35-d5927dad5818","resourceUri":"https://console.cloud.google.com/cloud-build/builds;region=us-central1/c3930c28-97f8-4f86-9f35-d5927dad5818?project=620614484841"},{"name":"SERVICE","state":"NOT_STARTED"}],"operationType":"UPDATE_FUNCTION","buildName":"projects/620614484841/locations/us-central1/builds/c3930c28-97f8-4f86-9f35-d5927dad5818"},"done":false}
[2026-05-07T17:15:06.555Z] [update-firebase-frameworks-wain-admin-us-central1-ssrwainadmin] Retrying task index 0
[2026-05-07T17:15:06.555Z] Checked if tokens are valid: true, expires at: 1778175781006
[2026-05-07T17:15:06.555Z] Checked if tokens are valid: true, expires at: 1778175781006
[2026-05-07T17:15:06.555Z] >>> [apiv2][query] GET https://cloudfunctions.googleapis.com/v2/projects/wain-d2e28/locations/us-central1/operations/operation-1778174104263-6513d6bd55a99-61110ab2-65b8af17 [none]
[2026-05-07T17:15:07.311Z] <<< [apiv2][status] GET https://cloudfunctions.googleapis.com/v2/projects/wain-d2e28/locations/us-central1/operations/operation-1778174104263-6513d6bd55a99-61110ab2-65b8af17 200
[2026-05-07T17:15:07.311Z] <<< [apiv2][body] GET https://cloudfunctions.googleapis.com/v2/projects/wain-d2e28/locations/us-central1/operations/operation-1778174104263-6513d6bd55a99-61110ab2-65b8af17 {"name":"projects/wain-d2e28/locations/us-central1/operations/operation-1778174104263-6513d6bd55a99-61110ab2-65b8af17","metadata":{"@type":"type.googleapis.com/google.cloud.functions.v2.OperationMetadata","createTime":"2026-05-07T17:15:05.196124558Z","target":"projects/wain-d2e28/locations/us-central1/functions/ssrwainadmin","verb":"update","cancelRequested":false,"apiVersion":"v2","requestResource":{"@type":"type.googleapis.com/google.cloud.functions.v2.Function","name":"projects/wain-d2e28/locations/us-central1/functions/ssrwainadmin","buildConfig":{"runtime":"nodejs24","entryPoint":"ssrwainadmin","source":{"storageSource":{"bucket":"gcf-v2-sources-620614484841-us-central1","object":"ssrwainadmin/function-source.zip","generation":"1778174105142838"}},"environmentVariables":{"GOOGLE_NODE_RUN_SCRIPTS":""},"dockerRepository":"projects/wain-d2e28/locations/us-central1/repositories/gcf-artifacts","sourceProvenance":{"resolvedStorageSource":{"bucket":"gcf-v2-sources-620614484841-us-central1","object":"ssrwainadmin/function-source.zip","generation":"1778172388945720"}},"dockerRegistry":"ARTIFACT_REGISTRY","serviceAccount":"projects/wain-d2e28/serviceAccounts/620614484841-compute@developer.gserviceaccount.com","automaticUpdatePolicy":{}},"serviceConfig":{"service":"projects/wain-d2e28/locations/us-central1/services/ssrwainadmin","timeoutSeconds":60,"environmentVariables":{"VERCEL_URL":"wain-d2e28.web.app","__FIREBASE_FRAMEWORKS_ENTRY__":"next.js","__FIREBASE_DEFAULTS__":"{\"config\":{\"projectId\":\"wain-d2e28\",\"appId\":\"1:620614484841:web:ac86320829e764bc41b3f8\",\"storageBucket\":\"wain-d2e28.firebasestorage.app\",\"apiKey\":\"AIzaSyC9YKkNcRIbFkVeiO-sBbA2zgJxEzm6rlM\",\"authDomain\":\"wain-d2e28.firebaseapp.com\",\"messagingSenderId\":\"620614484841\",\"measurementId\":\"G-EV5MVJZX2R\",\"projectNumber\":\"620614484841\",\"version\":\"2\"},\"_authTokenSyncURL\":\"/__session\"}","FIREBASE_CONFIG":"{\"projectId\":\"wain-d2e28\",\"storageBucket\":\"wain-d2e28.firebasestorage.app\"}","GCLOUD_PROJECT":"wain-d2e28","EVENTARC_CLOUD_EVENT_SOURCE":"projects/wain-d2e28/locations/us-central1/services/ssrwainadmin","FUNCTION_TARGET":"ssrwainadmin","LOG_EXECUTION_ID":"true"},"ingressSettings":"ALLOW_ALL","uri":"https://ssrwainadmin-wvn5fhzfsq-uc.a.run.app","serviceAccountEmail":"620614484841-compute@developer.gserviceaccount.com","availableMemory":"512Mi","allTrafficOnLatestRevision":true,"revision":"ssrwainadmin-00063-fid","maxInstanceRequestConcurrency":80,"availableCpu":"1"},"state":"ACTIVE","labels":{"deployment-tool":"cli-firebase","firebase-functions-codebase":"firebase-frameworks-wain-admin","firebase-functions-hash":"5b4ee6bafea116c2a47b8f723e560adf83a0c782"},"environment":"GEN_2","url":"https://us-central1-wain-d2e28.cloudfunctions.net/ssrwainadmin","satisfiesPzi":true},"stages":[{"name":"BUILD","message":"Build in progress","state":"IN_PROGRESS","resource":"projects/620614484841/locations/us-central1/builds/c3930c28-97f8-4f86-9f35-d5927dad5818","resourceUri":"https://console.cloud.google.com/cloud-build/builds;region=us-central1/c3930c28-97f8-4f86-9f35-d5927dad5818?project=620614484841"},{"name":"SERVICE","state":"NOT_STARTED"}],"operationType":"UPDATE_FUNCTION","buildName":"projects/620614484841/locations/us-central1/builds/c3930c28-97f8-4f86-9f35-d5927dad5818"},"done":false}
[2026-05-07T17:15:08.319Z] [update-firebase-frameworks-wain-admin-us-central1-ssrwainadmin] Retrying task index 0
[2026-05-07T17:15:08.319Z] Checked if tokens are valid: true, expires at: 1778175781006
[2026-05-07T17:15:08.319Z] Checked if tokens are valid: true, expires at: 1778175781006
[2026-05-07T17:15:08.319Z] >>> [apiv2][query] GET https://cloudfunctions.googleapis.com/v2/projects/wain-d2e28/locations/us-central1/operations/operation-1778174104263-6513d6bd55a99-61110ab2-65b8af17 [none]
[2026-05-07T17:15:09.092Z] <<< [apiv2][status] GET https://cloudfunctions.googleapis.com/v2/projects/wain-d2e28/locations/us-central1/operations/operation-1778174104263-6513d6bd55a99-61110ab2-65b8af17 200
[2026-05-07T17:15:09.092Z] <<< [apiv2][body] GET https://cloudfunctions.googleapis.com/v2/projects/wain-d2e28/locations/us-central1/operations/operation-1778174104263-6513d6bd55a99-61110ab2-65b8af17 {"name":"projects/wain-d2e28/locations/us-central1/operations/operation-1778174104263-6513d6bd55a99-61110ab2-65b8af17","metadata":{"@type":"type.googleapis.com/google.cloud.functions.v2.OperationMetadata","createTime":"2026-05-07T17:15:05.196124558Z","target":"projects/wain-d2e28/locations/us-central1/functions/ssrwainadmin","verb":"update","cancelRequested":false,"apiVersion":"v2","requestResource":{"@type":"type.googleapis.com/google.cloud.functions.v2.Function","name":"projects/wain-d2e28/locations/us-central1/functions/ssrwainadmin","buildConfig":{"runtime":"nodejs24","entryPoint":"ssrwainadmin","source":{"storageSource":{"bucket":"gcf-v2-sources-620614484841-us-central1","object":"ssrwainadmin/function-source.zip","generation":"1778174105142838"}},"environmentVariables":{"GOOGLE_NODE_RUN_SCRIPTS":""},"dockerRepository":"projects/wain-d2e28/locations/us-central1/repositories/gcf-artifacts","sourceProvenance":{"resolvedStorageSource":{"bucket":"gcf-v2-sources-620614484841-us-central1","object":"ssrwainadmin/function-source.zip","generation":"1778172388945720"}},"dockerRegistry":"ARTIFACT_REGISTRY","serviceAccount":"projects/wain-d2e28/serviceAccounts/620614484841-compute@developer.gserviceaccount.com","automaticUpdatePolicy":{}},"serviceConfig":{"service":"projects/wain-d2e28/locations/us-central1/services/ssrwainadmin","timeoutSeconds":60,"environmentVariables":{"VERCEL_URL":"wain-d2e28.web.app","__FIREBASE_FRAMEWORKS_ENTRY__":"next.js","__FIREBASE_DEFAULTS__":"{\"config\":{\"projectId\":\"wain-d2e28\",\"appId\":\"1:620614484841:web:ac86320829e764bc41b3f8\",\"storageBucket\":\"wain-d2e28.firebasestorage.app\",\"apiKey\":\"AIzaSyC9YKkNcRIbFkVeiO-sBbA2zgJxEzm6rlM\",\"authDomain\":\"wain-d2e28.firebaseapp.com\",\"messagingSenderId\":\"620614484841\",\"measurementId\":\"G-EV5MVJZX2R\",\"projectNumber\":\"620614484841\",\"version\":\"2\"},\"_authTokenSyncURL\":\"/__session\"}","FIREBASE_CONFIG":"{\"projectId\":\"wain-d2e28\",\"storageBucket\":\"wain-d2e28.firebasestorage.app\"}","GCLOUD_PROJECT":"wain-d2e28","EVENTARC_CLOUD_EVENT_SOURCE":"projects/wain-d2e28/locations/us-central1/services/ssrwainadmin","FUNCTION_TARGET":"ssrwainadmin","LOG_EXECUTION_ID":"true"},"ingressSettings":"ALLOW_ALL","uri":"https://ssrwainadmin-wvn5fhzfsq-uc.a.run.app","serviceAccountEmail":"620614484841-compute@developer.gserviceaccount.com","availableMemory":"512Mi","allTrafficOnLatestRevision":true,"revision":"ssrwainadmin-00063-fid","maxInstanceRequestConcurrency":80,"availableCpu":"1"},"state":"ACTIVE","labels":{"deployment-tool":"cli-firebase","firebase-functions-codebase":"firebase-frameworks-wain-admin","firebase-functions-hash":"5b4ee6bafea116c2a47b8f723e560adf83a0c782"},"environment":"GEN_2","url":"https://us-central1-wain-d2e28.cloudfunctions.net/ssrwainadmin","satisfiesPzi":true},"stages":[{"name":"BUILD","message":"Build in progress","state":"IN_PROGRESS","resource":"projects/620614484841/locations/us-central1/builds/c3930c28-97f8-4f86-9f35-d5927dad5818","resourceUri":"https://console.cloud.google.com/cloud-build/builds;region=us-central1/c3930c28-97f8-4f86-9f35-d5927dad5818?project=620614484841"},{"name":"SERVICE","state":"NOT_STARTED"}],"operationType":"UPDATE_FUNCTION","buildName":"projects/620614484841/locations/us-central1/builds/c3930c28-97f8-4f86-9f35-d5927dad5818"},"done":false}
[2026-05-07T17:15:11.100Z] [update-firebase-frameworks-wain-admin-us-central1-ssrwainadmin] Retrying task index 0
[2026-05-07T17:15:11.101Z] Checked if tokens are valid: true, expires at: 1778175781006
[2026-05-07T17:15:11.101Z] Checked if tokens are valid: true, expires at: 1778175781006
[2026-05-07T17:15:11.101Z] >>> [apiv2][query] GET https://cloudfunctions.googleapis.com/v2/projects/wain-d2e28/locations/us-central1/operations/operation-1778174104263-6513d6bd55a99-61110ab2-65b8af17 [none]
[2026-05-07T17:15:11.343Z] <<< [apiv2][status] GET https://cloudfunctions.googleapis.com/v2/projects/wain-d2e28/locations/us-central1/operations/operation-1778174104263-6513d6bd55a99-61110ab2-65b8af17 200
[2026-05-07T17:15:11.343Z] <<< [apiv2][body] GET https://cloudfunctions.googleapis.com/v2/projects/wain-d2e28/locations/us-central1/operations/operation-1778174104263-6513d6bd55a99-61110ab2-65b8af17 {"name":"projects/wain-d2e28/locations/us-central1/operations/operation-1778174104263-6513d6bd55a99-61110ab2-65b8af17","metadata":{"@type":"type.googleapis.com/google.cloud.functions.v2.OperationMetadata","createTime":"2026-05-07T17:15:05.196124558Z","target":"projects/wain-d2e28/locations/us-central1/functions/ssrwainadmin","verb":"update","cancelRequested":false,"apiVersion":"v2","requestResource":{"@type":"type.googleapis.com/google.cloud.functions.v2.Function","name":"projects/wain-d2e28/locations/us-central1/functions/ssrwainadmin","buildConfig":{"runtime":"nodejs24","entryPoint":"ssrwainadmin","source":{"storageSource":{"bucket":"gcf-v2-sources-620614484841-us-central1","object":"ssrwainadmin/function-source.zip","generation":"1778174105142838"}},"environmentVariables":{"GOOGLE_NODE_RUN_SCRIPTS":""},"dockerRepository":"projects/wain-d2e28/locations/us-central1/repositories/gcf-artifacts","sourceProvenance":{"resolvedStorageSource":{"bucket":"gcf-v2-sources-620614484841-us-central1","object":"ssrwainadmin/function-source.zip","generation":"1778172388945720"}},"dockerRegistry":"ARTIFACT_REGISTRY","serviceAccount":"projects/wain-d2e28/serviceAccounts/620614484841-compute@developer.gserviceaccount.com","automaticUpdatePolicy":{}},"serviceConfig":{"service":"projects/wain-d2e28/locations/us-central1/services/ssrwainadmin","timeoutSeconds":60,"environmentVariables":{"VERCEL_URL":"wain-d2e28.web.app","__FIREBASE_FRAMEWORKS_ENTRY__":"next.js","__FIREBASE_DEFAULTS__":"{\"config\":{\"projectId\":\"wain-d2e28\",\"appId\":\"1:620614484841:web:ac86320829e764bc41b3f8\",\"storageBucket\":\"wain-d2e28.firebasestorage.app\",\"apiKey\":\"AIzaSyC9YKkNcRIbFkVeiO-sBbA2zgJxEzm6rlM\",\"authDomain\":\"wain-d2e28.firebaseapp.com\",\"messagingSenderId\":\"620614484841\",\"measurementId\":\"G-EV5MVJZX2R\",\"projectNumber\":\"620614484841\",\"version\":\"2\"},\"_authTokenSyncURL\":\"/__session\"}","FIREBASE_CONFIG":"{\"projectId\":\"wain-d2e28\",\"storageBucket\":\"wain-d2e28.firebasestorage.app\"}","GCLOUD_PROJECT":"wain-d2e28","EVENTARC_CLOUD_EVENT_SOURCE":"projects/wain-d2e28/locations/us-central1/services/ssrwainadmin","FUNCTION_TARGET":"ssrwainadmin","LOG_EXECUTION_ID":"true"},"ingressSettings":"ALLOW_ALL","uri":"https://ssrwainadmin-wvn5fhzfsq-uc.a.run.app","serviceAccountEmail":"620614484841-compute@developer.gserviceaccount.com","availableMemory":"512Mi","allTrafficOnLatestRevision":true,"revision":"ssrwainadmin-00063-fid","maxInstanceRequestConcurrency":80,"availableCpu":"1"},"state":"ACTIVE","labels":{"deployment-tool":"cli-firebase","firebase-functions-codebase":"firebase-frameworks-wain-admin","firebase-functions-hash":"5b4ee6bafea116c2a47b8f723e560adf83a0c782"},"environment":"GEN_2","url":"https://us-central1-wain-d2e28.cloudfunctions.net/ssrwainadmin","satisfiesPzi":true},"stages":[{"name":"BUILD","message":"Build in progress","state":"IN_PROGRESS","resource":"projects/620614484841/locations/us-central1/builds/c3930c28-97f8-4f86-9f35-d5927dad5818","resourceUri":"https://console.cloud.google.com/cloud-build/builds;region=us-central1/c3930c28-97f8-4f86-9f35-d5927dad5818?project=620614484841"},{"name":"SERVICE","state":"NOT_STARTED"}],"operationType":"UPDATE_FUNCTION","buildName":"projects/620614484841/locations/us-central1/builds/c3930c28-97f8-4f86-9f35-d5927dad5818"},"done":false}
[2026-05-07T17:15:15.347Z] [update-firebase-frameworks-wain-admin-us-central1-ssrwainadmin] Retrying task index 0
[2026-05-07T17:15:15.347Z] Checked if tokens are valid: true, expires at: 1778175781006
[2026-05-07T17:15:15.347Z] Checked if tokens are valid: true, expires at: 1778175781006
[2026-05-07T17:15:15.347Z] >>> [apiv2][query] GET https://cloudfunctions.googleapis.com/v2/projects/wain-d2e28/locations/us-central1/operations/operation-1778174104263-6513d6bd55a99-61110ab2-65b8af17 [none]
[2026-05-07T17:15:16.092Z] <<< [apiv2][status] GET https://cloudfunctions.googleapis.com/v2/projects/wain-d2e28/locations/us-central1/operations/operation-1778174104263-6513d6bd55a99-61110ab2-65b8af17 200
[2026-05-07T17:15:16.092Z] <<< [apiv2][body] GET https://cloudfunctions.googleapis.com/v2/projects/wain-d2e28/locations/us-central1/operations/operation-1778174104263-6513d6bd55a99-61110ab2-65b8af17 {"name":"projects/wain-d2e28/locations/us-central1/operations/operation-1778174104263-6513d6bd55a99-61110ab2-65b8af17","metadata":{"@type":"type.googleapis.com/google.cloud.functions.v2.OperationMetadata","createTime":"2026-05-07T17:15:05.196124558Z","target":"projects/wain-d2e28/locations/us-central1/functions/ssrwainadmin","verb":"update","cancelRequested":false,"apiVersion":"v2","requestResource":{"@type":"type.googleapis.com/google.cloud.functions.v2.Function","name":"projects/wain-d2e28/locations/us-central1/functions/ssrwainadmin","buildConfig":{"runtime":"nodejs24","entryPoint":"ssrwainadmin","source":{"storageSource":{"bucket":"gcf-v2-sources-620614484841-us-central1","object":"ssrwainadmin/function-source.zip","generation":"1778174105142838"}},"environmentVariables":{"GOOGLE_NODE_RUN_SCRIPTS":""},"dockerRepository":"projects/wain-d2e28/locations/us-central1/repositories/gcf-artifacts","sourceProvenance":{"resolvedStorageSource":{"bucket":"gcf-v2-sources-620614484841-us-central1","object":"ssrwainadmin/function-source.zip","generation":"1778172388945720"}},"dockerRegistry":"ARTIFACT_REGISTRY","serviceAccount":"projects/wain-d2e28/serviceAccounts/620614484841-compute@developer.gserviceaccount.com","automaticUpdatePolicy":{}},"serviceConfig":{"service":"projects/wain-d2e28/locations/us-central1/services/ssrwainadmin","timeoutSeconds":60,"environmentVariables":{"VERCEL_URL":"wain-d2e28.web.app","__FIREBASE_FRAMEWORKS_ENTRY__":"next.js","__FIREBASE_DEFAULTS__":"{\"config\":{\"projectId\":\"wain-d2e28\",\"appId\":\"1:620614484841:web:ac86320829e764bc41b3f8\",\"storageBucket\":\"wain-d2e28.firebasestorage.app\",\"apiKey\":\"AIzaSyC9YKkNcRIbFkVeiO-sBbA2zgJxEzm6rlM\",\"authDomain\":\"wain-d2e28.firebaseapp.com\",\"messagingSenderId\":\"620614484841\",\"measurementId\":\"G-EV5MVJZX2R\",\"projectNumber\":\"620614484841\",\"version\":\"2\"},\"_authTokenSyncURL\":\"/__session\"}","FIREBASE_CONFIG":"{\"projectId\":\"wain-d2e28\",\"storageBucket\":\"wain-d2e28.firebasestorage.app\"}","GCLOUD_PROJECT":"wain-d2e28","EVENTARC_CLOUD_EVENT_SOURCE":"projects/wain-d2e28/locations/us-central1/services/ssrwainadmin","FUNCTION_TARGET":"ssrwainadmin","LOG_EXECUTION_ID":"true"},"ingressSettings":"ALLOW_ALL","uri":"https://ssrwainadmin-wvn5fhzfsq-uc.a.run.app","serviceAccountEmail":"620614484841-compute@developer.gserviceaccount.com","availableMemory":"512Mi","allTrafficOnLatestRevision":true,"revision":"ssrwainadmin-00063-fid","maxInstanceRequestConcurrency":80,"availableCpu":"1"},"state":"ACTIVE","labels":{"deployment-tool":"cli-firebase","firebase-functions-codebase":"firebase-frameworks-wain-admin","firebase-functions-hash":"5b4ee6bafea116c2a47b8f723e560adf83a0c782"},"environment":"GEN_2","url":"https://us-central1-wain-d2e28.cloudfunctions.net/ssrwainadmin","satisfiesPzi":true},"stages":[{"name":"BUILD","message":"Build in progress","state":"IN_PROGRESS","resource":"projects/620614484841/locations/us-central1/builds/c3930c28-97f8-4f86-9f35-d5927dad5818","resourceUri":"https://console.cloud.google.com/cloud-build/builds;region=us-central1/c3930c28-97f8-4f86-9f35-d5927dad5818?project=620614484841"},{"name":"SERVICE","state":"NOT_STARTED"}],"operationType":"UPDATE_FUNCTION","buildName":"projects/620614484841/locations/us-central1/builds/c3930c28-97f8-4f86-9f35-d5927dad5818"},"done":false}
[2026-05-07T17:15:24.093Z] [update-firebase-frameworks-wain-admin-us-central1-ssrwainadmin] Retrying task index 0
[2026-05-07T17:15:24.093Z] Checked if tokens are valid: true, expires at: 1778175781006
[2026-05-07T17:15:24.094Z] Checked if tokens are valid: true, expires at: 1778175781006
[2026-05-07T17:15:24.094Z] >>> [apiv2][query] GET https://cloudfunctions.googleapis.com/v2/projects/wain-d2e28/locations/us-central1/operations/operation-1778174104263-6513d6bd55a99-61110ab2-65b8af17 [none]
[2026-05-07T17:15:24.930Z] <<< [apiv2][status] GET https://cloudfunctions.googleapis.com/v2/projects/wain-d2e28/locations/us-central1/operations/operation-1778174104263-6513d6bd55a99-61110ab2-65b8af17 200
[2026-05-07T17:15:24.930Z] <<< [apiv2][body] GET https://cloudfunctions.googleapis.com/v2/projects/wain-d2e28/locations/us-central1/operations/operation-1778174104263-6513d6bd55a99-61110ab2-65b8af17 {"name":"projects/wain-d2e28/locations/us-central1/operations/operation-1778174104263-6513d6bd55a99-61110ab2-65b8af17","metadata":{"@type":"type.googleapis.com/google.cloud.functions.v2.OperationMetadata","createTime":"2026-05-07T17:15:05.196124558Z","target":"projects/wain-d2e28/locations/us-central1/functions/ssrwainadmin","verb":"update","cancelRequested":false,"apiVersion":"v2","requestResource":{"@type":"type.googleapis.com/google.cloud.functions.v2.Function","name":"projects/wain-d2e28/locations/us-central1/functions/ssrwainadmin","buildConfig":{"runtime":"nodejs24","entryPoint":"ssrwainadmin","source":{"storageSource":{"bucket":"gcf-v2-sources-620614484841-us-central1","object":"ssrwainadmin/function-source.zip","generation":"1778174105142838"}},"environmentVariables":{"GOOGLE_NODE_RUN_SCRIPTS":""},"dockerRepository":"projects/wain-d2e28/locations/us-central1/repositories/gcf-artifacts","sourceProvenance":{"resolvedStorageSource":{"bucket":"gcf-v2-sources-620614484841-us-central1","object":"ssrwainadmin/function-source.zip","generation":"1778172388945720"}},"dockerRegistry":"ARTIFACT_REGISTRY","serviceAccount":"projects/wain-d2e28/serviceAccounts/620614484841-compute@developer.gserviceaccount.com","automaticUpdatePolicy":{}},"serviceConfig":{"service":"projects/wain-d2e28/locations/us-central1/services/ssrwainadmin","timeoutSeconds":60,"environmentVariables":{"VERCEL_URL":"wain-d2e28.web.app","__FIREBASE_FRAMEWORKS_ENTRY__":"next.js","__FIREBASE_DEFAULTS__":"{\"config\":{\"projectId\":\"wain-d2e28\",\"appId\":\"1:620614484841:web:ac86320829e764bc41b3f8\",\"storageBucket\":\"wain-d2e28.firebasestorage.app\",\"apiKey\":\"AIzaSyC9YKkNcRIbFkVeiO-sBbA2zgJxEzm6rlM\",\"authDomain\":\"wain-d2e28.firebaseapp.com\",\"messagingSenderId\":\"620614484841\",\"measurementId\":\"G-EV5MVJZX2R\",\"projectNumber\":\"620614484841\",\"version\":\"2\"},\"_authTokenSyncURL\":\"/__session\"}","FIREBASE_CONFIG":"{\"projectId\":\"wain-d2e28\",\"storageBucket\":\"wain-d2e28.firebasestorage.app\"}","GCLOUD_PROJECT":"wain-d2e28","EVENTARC_CLOUD_EVENT_SOURCE":"projects/wain-d2e28/locations/us-central1/services/ssrwainadmin","FUNCTION_TARGET":"ssrwainadmin","LOG_EXECUTION_ID":"true"},"ingressSettings":"ALLOW_ALL","uri":"https://ssrwainadmin-wvn5fhzfsq-uc.a.run.app","serviceAccountEmail":"620614484841-compute@developer.gserviceaccount.com","availableMemory":"512Mi","allTrafficOnLatestRevision":true,"revision":"ssrwainadmin-00063-fid","maxInstanceRequestConcurrency":80,"availableCpu":"1"},"state":"ACTIVE","labels":{"deployment-tool":"cli-firebase","firebase-functions-codebase":"firebase-frameworks-wain-admin","firebase-functions-hash":"5b4ee6bafea116c2a47b8f723e560adf83a0c782"},"environment":"GEN_2","url":"https://us-central1-wain-d2e28.cloudfunctions.net/ssrwainadmin","satisfiesPzi":true},"stages":[{"name":"BUILD","message":"Build in progress","state":"IN_PROGRESS","resource":"projects/620614484841/locations/us-central1/builds/c3930c28-97f8-4f86-9f35-d5927dad5818","resourceUri":"https://console.cloud.google.com/cloud-build/builds;region=us-central1/c3930c28-97f8-4f86-9f35-d5927dad5818?project=620614484841"},{"name":"SERVICE","state":"NOT_STARTED"}],"operationType":"UPDATE_FUNCTION","buildName":"projects/620614484841/locations/us-central1/builds/c3930c28-97f8-4f86-9f35-d5927dad5818"},"done":false}
[2026-05-07T17:15:34.939Z] [update-firebase-frameworks-wain-admin-us-central1-ssrwainadmin] Retrying task index 0
[2026-05-07T17:15:34.940Z] Checked if tokens are valid: true, expires at: 1778175781006
[2026-05-07T17:15:34.940Z] Checked if tokens are valid: true, expires at: 1778175781006
[2026-05-07T17:15:34.940Z] >>> [apiv2][query] GET https://cloudfunctions.googleapis.com/v2/projects/wain-d2e28/locations/us-central1/operations/operation-1778174104263-6513d6bd55a99-61110ab2-65b8af17 [none]
[2026-05-07T17:15:35.796Z] <<< [apiv2][status] GET https://cloudfunctions.googleapis.com/v2/projects/wain-d2e28/locations/us-central1/operations/operation-1778174104263-6513d6bd55a99-61110ab2-65b8af17 200
[2026-05-07T17:15:35.797Z] <<< [apiv2][body] GET https://cloudfunctions.googleapis.com/v2/projects/wain-d2e28/locations/us-central1/operations/operation-1778174104263-6513d6bd55a99-61110ab2-65b8af17 {"name":"projects/wain-d2e28/locations/us-central1/operations/operation-1778174104263-6513d6bd55a99-61110ab2-65b8af17","metadata":{"@type":"type.googleapis.com/google.cloud.functions.v2.OperationMetadata","createTime":"2026-05-07T17:15:05.196124558Z","target":"projects/wain-d2e28/locations/us-central1/functions/ssrwainadmin","verb":"update","cancelRequested":false,"apiVersion":"v2","requestResource":{"@type":"type.googleapis.com/google.cloud.functions.v2.Function","name":"projects/wain-d2e28/locations/us-central1/functions/ssrwainadmin","buildConfig":{"runtime":"nodejs24","entryPoint":"ssrwainadmin","source":{"storageSource":{"bucket":"gcf-v2-sources-620614484841-us-central1","object":"ssrwainadmin/function-source.zip","generation":"1778174105142838"}},"environmentVariables":{"GOOGLE_NODE_RUN_SCRIPTS":""},"dockerRepository":"projects/wain-d2e28/locations/us-central1/repositories/gcf-artifacts","sourceProvenance":{"resolvedStorageSource":{"bucket":"gcf-v2-sources-620614484841-us-central1","object":"ssrwainadmin/function-source.zip","generation":"1778172388945720"}},"dockerRegistry":"ARTIFACT_REGISTRY","serviceAccount":"projects/wain-d2e28/serviceAccounts/620614484841-compute@developer.gserviceaccount.com","automaticUpdatePolicy":{}},"serviceConfig":{"service":"projects/wain-d2e28/locations/us-central1/services/ssrwainadmin","timeoutSeconds":60,"environmentVariables":{"VERCEL_URL":"wain-d2e28.web.app","__FIREBASE_FRAMEWORKS_ENTRY__":"next.js","__FIREBASE_DEFAULTS__":"{\"config\":{\"projectId\":\"wain-d2e28\",\"appId\":\"1:620614484841:web:ac86320829e764bc41b3f8\",\"storageBucket\":\"wain-d2e28.firebasestorage.app\",\"apiKey\":\"AIzaSyC9YKkNcRIbFkVeiO-sBbA2zgJxEzm6rlM\",\"authDomain\":\"wain-d2e28.firebaseapp.com\",\"messagingSenderId\":\"620614484841\",\"measurementId\":\"G-EV5MVJZX2R\",\"projectNumber\":\"620614484841\",\"version\":\"2\"},\"_authTokenSyncURL\":\"/__session\"}","FIREBASE_CONFIG":"{\"projectId\":\"wain-d2e28\",\"storageBucket\":\"wain-d2e28.firebasestorage.app\"}","GCLOUD_PROJECT":"wain-d2e28","EVENTARC_CLOUD_EVENT_SOURCE":"projects/wain-d2e28/locations/us-central1/services/ssrwainadmin","FUNCTION_TARGET":"ssrwainadmin","LOG_EXECUTION_ID":"true"},"ingressSettings":"ALLOW_ALL","uri":"https://ssrwainadmin-wvn5fhzfsq-uc.a.run.app","serviceAccountEmail":"620614484841-compute@developer.gserviceaccount.com","availableMemory":"512Mi","allTrafficOnLatestRevision":true,"revision":"ssrwainadmin-00063-fid","maxInstanceRequestConcurrency":80,"availableCpu":"1"},"state":"ACTIVE","labels":{"deployment-tool":"cli-firebase","firebase-functions-codebase":"firebase-frameworks-wain-admin","firebase-functions-hash":"5b4ee6bafea116c2a47b8f723e560adf83a0c782"},"environment":"GEN_2","url":"https://us-central1-wain-d2e28.cloudfunctions.net/ssrwainadmin","satisfiesPzi":true},"stages":[{"name":"BUILD","message":"Build in progress","state":"IN_PROGRESS","resource":"projects/620614484841/locations/us-central1/builds/c3930c28-97f8-4f86-9f35-d5927dad5818","resourceUri":"https://console.cloud.google.com/cloud-build/builds;region=us-central1/c3930c28-97f8-4f86-9f35-d5927dad5818?project=620614484841"},{"name":"SERVICE","state":"NOT_STARTED"}],"operationType":"UPDATE_FUNCTION","buildName":"projects/620614484841/locations/us-central1/builds/c3930c28-97f8-4f86-9f35-d5927dad5818"},"done":false}
[2026-05-07T17:15:45.810Z] [update-firebase-frameworks-wain-admin-us-central1-ssrwainadmin] Retrying task index 0
[2026-05-07T17:15:45.810Z] Checked if tokens are valid: true, expires at: 1778175781006
[2026-05-07T17:15:45.810Z] Checked if tokens are valid: true, expires at: 1778175781006
[2026-05-07T17:15:45.810Z] >>> [apiv2][query] GET https://cloudfunctions.googleapis.com/v2/projects/wain-d2e28/locations/us-central1/operations/operation-1778174104263-6513d6bd55a99-61110ab2-65b8af17 [none]
[2026-05-07T17:15:46.824Z] <<< [apiv2][status] GET https://cloudfunctions.googleapis.com/v2/projects/wain-d2e28/locations/us-central1/operations/operation-1778174104263-6513d6bd55a99-61110ab2-65b8af17 200
[2026-05-07T17:15:46.824Z] <<< [apiv2][body] GET https://cloudfunctions.googleapis.com/v2/projects/wain-d2e28/locations/us-central1/operations/operation-1778174104263-6513d6bd55a99-61110ab2-65b8af17 {"name":"projects/wain-d2e28/locations/us-central1/operations/operation-1778174104263-6513d6bd55a99-61110ab2-65b8af17","metadata":{"@type":"type.googleapis.com/google.cloud.functions.v2.OperationMetadata","createTime":"2026-05-07T17:15:05.196124558Z","target":"projects/wain-d2e28/locations/us-central1/functions/ssrwainadmin","verb":"update","cancelRequested":false,"apiVersion":"v2","requestResource":{"@type":"type.googleapis.com/google.cloud.functions.v2.Function","name":"projects/wain-d2e28/locations/us-central1/functions/ssrwainadmin","buildConfig":{"runtime":"nodejs24","entryPoint":"ssrwainadmin","source":{"storageSource":{"bucket":"gcf-v2-sources-620614484841-us-central1","object":"ssrwainadmin/function-source.zip","generation":"1778174105142838"}},"environmentVariables":{"GOOGLE_NODE_RUN_SCRIPTS":""},"dockerRepository":"projects/wain-d2e28/locations/us-central1/repositories/gcf-artifacts","sourceProvenance":{"resolvedStorageSource":{"bucket":"gcf-v2-sources-620614484841-us-central1","object":"ssrwainadmin/function-source.zip","generation":"1778172388945720"}},"dockerRegistry":"ARTIFACT_REGISTRY","serviceAccount":"projects/wain-d2e28/serviceAccounts/620614484841-compute@developer.gserviceaccount.com","automaticUpdatePolicy":{}},"serviceConfig":{"service":"projects/wain-d2e28/locations/us-central1/services/ssrwainadmin","timeoutSeconds":60,"environmentVariables":{"VERCEL_URL":"wain-d2e28.web.app","__FIREBASE_FRAMEWORKS_ENTRY__":"next.js","__FIREBASE_DEFAULTS__":"{\"config\":{\"projectId\":\"wain-d2e28\",\"appId\":\"1:620614484841:web:ac86320829e764bc41b3f8\",\"storageBucket\":\"wain-d2e28.firebasestorage.app\",\"apiKey\":\"AIzaSyC9YKkNcRIbFkVeiO-sBbA2zgJxEzm6rlM\",\"authDomain\":\"wain-d2e28.firebaseapp.com\",\"messagingSenderId\":\"620614484841\",\"measurementId\":\"G-EV5MVJZX2R\",\"projectNumber\":\"620614484841\",\"version\":\"2\"},\"_authTokenSyncURL\":\"/__session\"}","FIREBASE_CONFIG":"{\"projectId\":\"wain-d2e28\",\"storageBucket\":\"wain-d2e28.firebasestorage.app\"}","GCLOUD_PROJECT":"wain-d2e28","EVENTARC_CLOUD_EVENT_SOURCE":"projects/wain-d2e28/locations/us-central1/services/ssrwainadmin","FUNCTION_TARGET":"ssrwainadmin","LOG_EXECUTION_ID":"true"},"ingressSettings":"ALLOW_ALL","uri":"https://ssrwainadmin-wvn5fhzfsq-uc.a.run.app","serviceAccountEmail":"620614484841-compute@developer.gserviceaccount.com","availableMemory":"512Mi","allTrafficOnLatestRevision":true,"revision":"ssrwainadmin-00063-fid","maxInstanceRequestConcurrency":80,"availableCpu":"1"},"state":"ACTIVE","labels":{"deployment-tool":"cli-firebase","firebase-functions-codebase":"firebase-frameworks-wain-admin","firebase-functions-hash":"5b4ee6bafea116c2a47b8f723e560adf83a0c782"},"environment":"GEN_2","url":"https://us-central1-wain-d2e28.cloudfunctions.net/ssrwainadmin","satisfiesPzi":true},"stages":[{"name":"BUILD","message":"Build in progress","state":"IN_PROGRESS","resource":"projects/620614484841/locations/us-central1/builds/c3930c28-97f8-4f86-9f35-d5927dad5818","resourceUri":"https://console.cloud.google.com/cloud-build/builds;region=us-central1/c3930c28-97f8-4f86-9f35-d5927dad5818?project=620614484841"},{"name":"SERVICE","state":"NOT_STARTED"}],"operationType":"UPDATE_FUNCTION","buildName":"projects/620614484841/locations/us-central1/builds/c3930c28-97f8-4f86-9f35-d5927dad5818"},"done":false}
[2026-05-07T17:15:56.829Z] [update-firebase-frameworks-wain-admin-us-central1-ssrwainadmin] Retrying task index 0
[2026-05-07T17:15:56.829Z] Checked if tokens are valid: true, expires at: 1778175781006
[2026-05-07T17:15:56.829Z] Checked if tokens are valid: true, expires at: 1778175781006
[2026-05-07T17:15:56.829Z] >>> [apiv2][query] GET https://cloudfunctions.googleapis.com/v2/projects/wain-d2e28/locations/us-central1/operations/operation-1778174104263-6513d6bd55a99-61110ab2-65b8af17 [none]
[2026-05-07T17:15:57.660Z] <<< [apiv2][status] GET https://cloudfunctions.googleapis.com/v2/projects/wain-d2e28/locations/us-central1/operations/operation-1778174104263-6513d6bd55a99-61110ab2-65b8af17 200
[2026-05-07T17:15:57.660Z] <<< [apiv2][body] GET https://cloudfunctions.googleapis.com/v2/projects/wain-d2e28/locations/us-central1/operations/operation-1778174104263-6513d6bd55a99-61110ab2-65b8af17 {"name":"projects/wain-d2e28/locations/us-central1/operations/operation-1778174104263-6513d6bd55a99-61110ab2-65b8af17","metadata":{"@type":"type.googleapis.com/google.cloud.functions.v2.OperationMetadata","createTime":"2026-05-07T17:15:05.196124558Z","target":"projects/wain-d2e28/locations/us-central1/functions/ssrwainadmin","verb":"update","cancelRequested":false,"apiVersion":"v2","requestResource":{"@type":"type.googleapis.com/google.cloud.functions.v2.Function","name":"projects/wain-d2e28/locations/us-central1/functions/ssrwainadmin","buildConfig":{"runtime":"nodejs24","entryPoint":"ssrwainadmin","source":{"storageSource":{"bucket":"gcf-v2-sources-620614484841-us-central1","object":"ssrwainadmin/function-source.zip","generation":"1778174105142838"}},"environmentVariables":{"GOOGLE_NODE_RUN_SCRIPTS":""},"dockerRepository":"projects/wain-d2e28/locations/us-central1/repositories/gcf-artifacts","sourceProvenance":{"resolvedStorageSource":{"bucket":"gcf-v2-sources-620614484841-us-central1","object":"ssrwainadmin/function-source.zip","generation":"1778172388945720"}},"dockerRegistry":"ARTIFACT_REGISTRY","serviceAccount":"projects/wain-d2e28/serviceAccounts/620614484841-compute@developer.gserviceaccount.com","automaticUpdatePolicy":{}},"serviceConfig":{"service":"projects/wain-d2e28/locations/us-central1/services/ssrwainadmin","timeoutSeconds":60,"environmentVariables":{"VERCEL_URL":"wain-d2e28.web.app","__FIREBASE_FRAMEWORKS_ENTRY__":"next.js","__FIREBASE_DEFAULTS__":"{\"config\":{\"projectId\":\"wain-d2e28\",\"appId\":\"1:620614484841:web:ac86320829e764bc41b3f8\",\"storageBucket\":\"wain-d2e28.firebasestorage.app\",\"apiKey\":\"AIzaSyC9YKkNcRIbFkVeiO-sBbA2zgJxEzm6rlM\",\"authDomain\":\"wain-d2e28.firebaseapp.com\",\"messagingSenderId\":\"620614484841\",\"measurementId\":\"G-EV5MVJZX2R\",\"projectNumber\":\"620614484841\",\"version\":\"2\"},\"_authTokenSyncURL\":\"/__session\"}","FIREBASE_CONFIG":"{\"projectId\":\"wain-d2e28\",\"storageBucket\":\"wain-d2e28.firebasestorage.app\"}","GCLOUD_PROJECT":"wain-d2e28","EVENTARC_CLOUD_EVENT_SOURCE":"projects/wain-d2e28/locations/us-central1/services/ssrwainadmin","FUNCTION_TARGET":"ssrwainadmin","LOG_EXECUTION_ID":"true"},"ingressSettings":"ALLOW_ALL","uri":"https://ssrwainadmin-wvn5fhzfsq-uc.a.run.app","serviceAccountEmail":"620614484841-compute@developer.gserviceaccount.com","availableMemory":"512Mi","allTrafficOnLatestRevision":true,"revision":"ssrwainadmin-00063-fid","maxInstanceRequestConcurrency":80,"availableCpu":"1"},"state":"ACTIVE","labels":{"deployment-tool":"cli-firebase","firebase-functions-codebase":"firebase-frameworks-wain-admin","firebase-functions-hash":"5b4ee6bafea116c2a47b8f723e560adf83a0c782"},"environment":"GEN_2","url":"https://us-central1-wain-d2e28.cloudfunctions.net/ssrwainadmin","satisfiesPzi":true},"stages":[{"name":"BUILD","message":"Build in progress","state":"IN_PROGRESS","resource":"projects/620614484841/locations/us-central1/builds/c3930c28-97f8-4f86-9f35-d5927dad5818","resourceUri":"https://console.cloud.google.com/cloud-build/builds;region=us-central1/c3930c28-97f8-4f86-9f35-d5927dad5818?project=620614484841"},{"name":"SERVICE","state":"NOT_STARTED"}],"operationType":"UPDATE_FUNCTION","buildName":"projects/620614484841/locations/us-central1/builds/c3930c28-97f8-4f86-9f35-d5927dad5818"},"done":false}
[2026-05-07T17:16:07.671Z] [update-firebase-frameworks-wain-admin-us-central1-ssrwainadmin] Retrying task index 0
[2026-05-07T17:16:07.671Z] Checked if tokens are valid: true, expires at: 1778175781006
[2026-05-07T17:16:07.671Z] Checked if tokens are valid: true, expires at: 1778175781006
[2026-05-07T17:16:07.671Z] >>> [apiv2][query] GET https://cloudfunctions.googleapis.com/v2/projects/wain-d2e28/locations/us-central1/operations/operation-1778174104263-6513d6bd55a99-61110ab2-65b8af17 [none]
[2026-05-07T17:16:08.494Z] <<< [apiv2][status] GET https://cloudfunctions.googleapis.com/v2/projects/wain-d2e28/locations/us-central1/operations/operation-1778174104263-6513d6bd55a99-61110ab2-65b8af17 200
[2026-05-07T17:16:08.494Z] <<< [apiv2][body] GET https://cloudfunctions.googleapis.com/v2/projects/wain-d2e28/locations/us-central1/operations/operation-1778174104263-6513d6bd55a99-61110ab2-65b8af17 {"name":"projects/wain-d2e28/locations/us-central1/operations/operation-1778174104263-6513d6bd55a99-61110ab2-65b8af17","metadata":{"@type":"type.googleapis.com/google.cloud.functions.v2.OperationMetadata","createTime":"2026-05-07T17:15:05.196124558Z","target":"projects/wain-d2e28/locations/us-central1/functions/ssrwainadmin","verb":"update","cancelRequested":false,"apiVersion":"v2","requestResource":{"@type":"type.googleapis.com/google.cloud.functions.v2.Function","name":"projects/wain-d2e28/locations/us-central1/functions/ssrwainadmin","buildConfig":{"runtime":"nodejs24","entryPoint":"ssrwainadmin","source":{"storageSource":{"bucket":"gcf-v2-sources-620614484841-us-central1","object":"ssrwainadmin/function-source.zip","generation":"1778174105142838"}},"environmentVariables":{"GOOGLE_NODE_RUN_SCRIPTS":""},"dockerRepository":"projects/wain-d2e28/locations/us-central1/repositories/gcf-artifacts","sourceProvenance":{"resolvedStorageSource":{"bucket":"gcf-v2-sources-620614484841-us-central1","object":"ssrwainadmin/function-source.zip","generation":"1778172388945720"}},"dockerRegistry":"ARTIFACT_REGISTRY","serviceAccount":"projects/wain-d2e28/serviceAccounts/620614484841-compute@developer.gserviceaccount.com","automaticUpdatePolicy":{}},"serviceConfig":{"service":"projects/wain-d2e28/locations/us-central1/services/ssrwainadmin","timeoutSeconds":60,"environmentVariables":{"VERCEL_URL":"wain-d2e28.web.app","__FIREBASE_FRAMEWORKS_ENTRY__":"next.js","__FIREBASE_DEFAULTS__":"{\"config\":{\"projectId\":\"wain-d2e28\",\"appId\":\"1:620614484841:web:ac86320829e764bc41b3f8\",\"storageBucket\":\"wain-d2e28.firebasestorage.app\",\"apiKey\":\"AIzaSyC9YKkNcRIbFkVeiO-sBbA2zgJxEzm6rlM\",\"authDomain\":\"wain-d2e28.firebaseapp.com\",\"messagingSenderId\":\"620614484841\",\"measurementId\":\"G-EV5MVJZX2R\",\"projectNumber\":\"620614484841\",\"version\":\"2\"},\"_authTokenSyncURL\":\"/__session\"}","FIREBASE_CONFIG":"{\"projectId\":\"wain-d2e28\",\"storageBucket\":\"wain-d2e28.firebasestorage.app\"}","GCLOUD_PROJECT":"wain-d2e28","EVENTARC_CLOUD_EVENT_SOURCE":"projects/wain-d2e28/locations/us-central1/services/ssrwainadmin","FUNCTION_TARGET":"ssrwainadmin","LOG_EXECUTION_ID":"true"},"ingressSettings":"ALLOW_ALL","uri":"https://ssrwainadmin-wvn5fhzfsq-uc.a.run.app","serviceAccountEmail":"620614484841-compute@developer.gserviceaccount.com","availableMemory":"512Mi","allTrafficOnLatestRevision":true,"revision":"ssrwainadmin-00063-fid","maxInstanceRequestConcurrency":80,"availableCpu":"1"},"state":"ACTIVE","labels":{"deployment-tool":"cli-firebase","firebase-functions-codebase":"firebase-frameworks-wain-admin","firebase-functions-hash":"5b4ee6bafea116c2a47b8f723e560adf83a0c782"},"environment":"GEN_2","url":"https://us-central1-wain-d2e28.cloudfunctions.net/ssrwainadmin","satisfiesPzi":true},"stages":[{"name":"BUILD","message":"Build in progress","state":"IN_PROGRESS","resource":"projects/620614484841/locations/us-central1/builds/c3930c28-97f8-4f86-9f35-d5927dad5818","resourceUri":"https://console.cloud.google.com/cloud-build/builds;region=us-central1/c3930c28-97f8-4f86-9f35-d5927dad5818?project=620614484841"},{"name":"SERVICE","state":"NOT_STARTED"}],"operationType":"UPDATE_FUNCTION","buildName":"projects/620614484841/locations/us-central1/builds/c3930c28-97f8-4f86-9f35-d5927dad5818"},"done":false}
[2026-05-07T17:16:18.509Z] [update-firebase-frameworks-wain-admin-us-central1-ssrwainadmin] Retrying task index 0
[2026-05-07T17:16:18.509Z] Checked if tokens are valid: true, expires at: 1778175781006
[2026-05-07T17:16:18.509Z] Checked if tokens are valid: true, expires at: 1778175781006
[2026-05-07T17:16:18.509Z] >>> [apiv2][query] GET https://cloudfunctions.googleapis.com/v2/projects/wain-d2e28/locations/us-central1/operations/operation-1778174104263-6513d6bd55a99-61110ab2-65b8af17 [none]
[2026-05-07T17:16:19.370Z] <<< [apiv2][status] GET https://cloudfunctions.googleapis.com/v2/projects/wain-d2e28/locations/us-central1/operations/operation-1778174104263-6513d6bd55a99-61110ab2-65b8af17 200
[2026-05-07T17:16:19.371Z] <<< [apiv2][body] GET https://cloudfunctions.googleapis.com/v2/projects/wain-d2e28/locations/us-central1/operations/operation-1778174104263-6513d6bd55a99-61110ab2-65b8af17 {"name":"projects/wain-d2e28/locations/us-central1/operations/operation-1778174104263-6513d6bd55a99-61110ab2-65b8af17","metadata":{"@type":"type.googleapis.com/google.cloud.functions.v2.OperationMetadata","createTime":"2026-05-07T17:15:05.196124558Z","target":"projects/wain-d2e28/locations/us-central1/functions/ssrwainadmin","verb":"update","cancelRequested":false,"apiVersion":"v2","requestResource":{"@type":"type.googleapis.com/google.cloud.functions.v2.Function","name":"projects/wain-d2e28/locations/us-central1/functions/ssrwainadmin","buildConfig":{"runtime":"nodejs24","entryPoint":"ssrwainadmin","source":{"storageSource":{"bucket":"gcf-v2-sources-620614484841-us-central1","object":"ssrwainadmin/function-source.zip","generation":"1778174105142838"}},"environmentVariables":{"GOOGLE_NODE_RUN_SCRIPTS":""},"dockerRepository":"projects/wain-d2e28/locations/us-central1/repositories/gcf-artifacts","sourceProvenance":{"resolvedStorageSource":{"bucket":"gcf-v2-sources-620614484841-us-central1","object":"ssrwainadmin/function-source.zip","generation":"1778172388945720"}},"dockerRegistry":"ARTIFACT_REGISTRY","serviceAccount":"projects/wain-d2e28/serviceAccounts/620614484841-compute@developer.gserviceaccount.com","automaticUpdatePolicy":{}},"serviceConfig":{"service":"projects/wain-d2e28/locations/us-central1/services/ssrwainadmin","timeoutSeconds":60,"environmentVariables":{"VERCEL_URL":"wain-d2e28.web.app","__FIREBASE_FRAMEWORKS_ENTRY__":"next.js","__FIREBASE_DEFAULTS__":"{\"config\":{\"projectId\":\"wain-d2e28\",\"appId\":\"1:620614484841:web:ac86320829e764bc41b3f8\",\"storageBucket\":\"wain-d2e28.firebasestorage.app\",\"apiKey\":\"AIzaSyC9YKkNcRIbFkVeiO-sBbA2zgJxEzm6rlM\",\"authDomain\":\"wain-d2e28.firebaseapp.com\",\"messagingSenderId\":\"620614484841\",\"measurementId\":\"G-EV5MVJZX2R\",\"projectNumber\":\"620614484841\",\"version\":\"2\"},\"_authTokenSyncURL\":\"/__session\"}","FIREBASE_CONFIG":"{\"projectId\":\"wain-d2e28\",\"storageBucket\":\"wain-d2e28.firebasestorage.app\"}","GCLOUD_PROJECT":"wain-d2e28","EVENTARC_CLOUD_EVENT_SOURCE":"projects/wain-d2e28/locations/us-central1/services/ssrwainadmin","FUNCTION_TARGET":"ssrwainadmin","LOG_EXECUTION_ID":"true"},"ingressSettings":"ALLOW_ALL","uri":"https://ssrwainadmin-wvn5fhzfsq-uc.a.run.app","serviceAccountEmail":"620614484841-compute@developer.gserviceaccount.com","availableMemory":"512Mi","allTrafficOnLatestRevision":true,"revision":"ssrwainadmin-00063-fid","maxInstanceRequestConcurrency":80,"availableCpu":"1"},"state":"ACTIVE","labels":{"deployment-tool":"cli-firebase","firebase-functions-codebase":"firebase-frameworks-wain-admin","firebase-functions-hash":"5b4ee6bafea116c2a47b8f723e560adf83a0c782"},"environment":"GEN_2","url":"https://us-central1-wain-d2e28.cloudfunctions.net/ssrwainadmin","satisfiesPzi":true},"stages":[{"name":"BUILD","message":"Build in progress","state":"IN_PROGRESS","resource":"projects/620614484841/locations/us-central1/builds/c3930c28-97f8-4f86-9f35-d5927dad5818","resourceUri":"https://console.cloud.google.com/cloud-build/builds;region=us-central1/c3930c28-97f8-4f86-9f35-d5927dad5818?project=620614484841"},{"name":"SERVICE","state":"NOT_STARTED"}],"operationType":"UPDATE_FUNCTION","buildName":"projects/620614484841/locations/us-central1/builds/c3930c28-97f8-4f86-9f35-d5927dad5818"},"done":false}
[2026-05-07T17:16:29.373Z] [update-firebase-frameworks-wain-admin-us-central1-ssrwainadmin] Retrying task index 0
[2026-05-07T17:16:29.373Z] Checked if tokens are valid: true, expires at: 1778175781006
[2026-05-07T17:16:29.373Z] Checked if tokens are valid: true, expires at: 1778175781006
[2026-05-07T17:16:29.373Z] >>> [apiv2][query] GET https://cloudfunctions.googleapis.com/v2/projects/wain-d2e28/locations/us-central1/operations/operation-1778174104263-6513d6bd55a99-61110ab2-65b8af17 [none]
[2026-05-07T17:16:30.223Z] <<< [apiv2][status] GET https://cloudfunctions.googleapis.com/v2/projects/wain-d2e28/locations/us-central1/operations/operation-1778174104263-6513d6bd55a99-61110ab2-65b8af17 200
[2026-05-07T17:16:30.223Z] <<< [apiv2][body] GET https://cloudfunctions.googleapis.com/v2/projects/wain-d2e28/locations/us-central1/operations/operation-1778174104263-6513d6bd55a99-61110ab2-65b8af17 {"name":"projects/wain-d2e28/locations/us-central1/operations/operation-1778174104263-6513d6bd55a99-61110ab2-65b8af17","metadata":{"@type":"type.googleapis.com/google.cloud.functions.v2.OperationMetadata","createTime":"2026-05-07T17:15:05.196124558Z","target":"projects/wain-d2e28/locations/us-central1/functions/ssrwainadmin","verb":"update","cancelRequested":false,"apiVersion":"v2","requestResource":{"@type":"type.googleapis.com/google.cloud.functions.v2.Function","name":"projects/wain-d2e28/locations/us-central1/functions/ssrwainadmin","buildConfig":{"runtime":"nodejs24","entryPoint":"ssrwainadmin","source":{"storageSource":{"bucket":"gcf-v2-sources-620614484841-us-central1","object":"ssrwainadmin/function-source.zip","generation":"1778174105142838"}},"environmentVariables":{"GOOGLE_NODE_RUN_SCRIPTS":""},"dockerRepository":"projects/wain-d2e28/locations/us-central1/repositories/gcf-artifacts","sourceProvenance":{"resolvedStorageSource":{"bucket":"gcf-v2-sources-620614484841-us-central1","object":"ssrwainadmin/function-source.zip","generation":"1778172388945720"}},"dockerRegistry":"ARTIFACT_REGISTRY","serviceAccount":"projects/wain-d2e28/serviceAccounts/620614484841-compute@developer.gserviceaccount.com","automaticUpdatePolicy":{}},"serviceConfig":{"service":"projects/wain-d2e28/locations/us-central1/services/ssrwainadmin","timeoutSeconds":60,"environmentVariables":{"VERCEL_URL":"wain-d2e28.web.app","__FIREBASE_FRAMEWORKS_ENTRY__":"next.js","__FIREBASE_DEFAULTS__":"{\"config\":{\"projectId\":\"wain-d2e28\",\"appId\":\"1:620614484841:web:ac86320829e764bc41b3f8\",\"storageBucket\":\"wain-d2e28.firebasestorage.app\",\"apiKey\":\"AIzaSyC9YKkNcRIbFkVeiO-sBbA2zgJxEzm6rlM\",\"authDomain\":\"wain-d2e28.firebaseapp.com\",\"messagingSenderId\":\"620614484841\",\"measurementId\":\"G-EV5MVJZX2R\",\"projectNumber\":\"620614484841\",\"version\":\"2\"},\"_authTokenSyncURL\":\"/__session\"}","FIREBASE_CONFIG":"{\"projectId\":\"wain-d2e28\",\"storageBucket\":\"wain-d2e28.firebasestorage.app\"}","GCLOUD_PROJECT":"wain-d2e28","EVENTARC_CLOUD_EVENT_SOURCE":"projects/wain-d2e28/locations/us-central1/services/ssrwainadmin","FUNCTION_TARGET":"ssrwainadmin","LOG_EXECUTION_ID":"true"},"ingressSettings":"ALLOW_ALL","uri":"https://ssrwainadmin-wvn5fhzfsq-uc.a.run.app","serviceAccountEmail":"620614484841-compute@developer.gserviceaccount.com","availableMemory":"512Mi","allTrafficOnLatestRevision":true,"revision":"ssrwainadmin-00063-fid","maxInstanceRequestConcurrency":80,"availableCpu":"1"},"state":"ACTIVE","labels":{"deployment-tool":"cli-firebase","firebase-functions-codebase":"firebase-frameworks-wain-admin","firebase-functions-hash":"5b4ee6bafea116c2a47b8f723e560adf83a0c782"},"environment":"GEN_2","url":"https://us-central1-wain-d2e28.cloudfunctions.net/ssrwainadmin","satisfiesPzi":true},"stages":[{"name":"BUILD","message":"Build in progress","state":"IN_PROGRESS","resource":"projects/620614484841/locations/us-central1/builds/c3930c28-97f8-4f86-9f35-d5927dad5818","resourceUri":"https://console.cloud.google.com/cloud-build/builds;region=us-central1/c3930c28-97f8-4f86-9f35-d5927dad5818?project=620614484841"},{"name":"SERVICE","state":"NOT_STARTED"}],"operationType":"UPDATE_FUNCTION","buildName":"projects/620614484841/locations/us-central1/builds/c3930c28-97f8-4f86-9f35-d5927dad5818"},"done":false}
[2026-05-07T17:16:40.228Z] [update-firebase-frameworks-wain-admin-us-central1-ssrwainadmin] Retrying task index 0
[2026-05-07T17:16:40.228Z] Checked if tokens are valid: true, expires at: 1778175781006
[2026-05-07T17:16:40.229Z] Checked if tokens are valid: true, expires at: 1778175781006
[2026-05-07T17:16:40.229Z] >>> [apiv2][query] GET https://cloudfunctions.googleapis.com/v2/projects/wain-d2e28/locations/us-central1/operations/operation-1778174104263-6513d6bd55a99-61110ab2-65b8af17 [none]
[2026-05-07T17:16:40.540Z] <<< [apiv2][status] GET https://cloudfunctions.googleapis.com/v2/projects/wain-d2e28/locations/us-central1/operations/operation-1778174104263-6513d6bd55a99-61110ab2-65b8af17 200
[2026-05-07T17:16:40.540Z] <<< [apiv2][body] GET https://cloudfunctions.googleapis.com/v2/projects/wain-d2e28/locations/us-central1/operations/operation-1778174104263-6513d6bd55a99-61110ab2-65b8af17 {"name":"projects/wain-d2e28/locations/us-central1/operations/operation-1778174104263-6513d6bd55a99-61110ab2-65b8af17","metadata":{"@type":"type.googleapis.com/google.cloud.functions.v2.OperationMetadata","createTime":"2026-05-07T17:15:05.196124558Z","target":"projects/wain-d2e28/locations/us-central1/functions/ssrwainadmin","verb":"update","cancelRequested":false,"apiVersion":"v2","requestResource":{"@type":"type.googleapis.com/google.cloud.functions.v2.Function","name":"projects/wain-d2e28/locations/us-central1/functions/ssrwainadmin","buildConfig":{"runtime":"nodejs24","entryPoint":"ssrwainadmin","source":{"storageSource":{"bucket":"gcf-v2-sources-620614484841-us-central1","object":"ssrwainadmin/function-source.zip","generation":"1778174105142838"}},"environmentVariables":{"GOOGLE_NODE_RUN_SCRIPTS":""},"dockerRepository":"projects/wain-d2e28/locations/us-central1/repositories/gcf-artifacts","sourceProvenance":{"resolvedStorageSource":{"bucket":"gcf-v2-sources-620614484841-us-central1","object":"ssrwainadmin/function-source.zip","generation":"1778172388945720"}},"dockerRegistry":"ARTIFACT_REGISTRY","serviceAccount":"projects/wain-d2e28/serviceAccounts/620614484841-compute@developer.gserviceaccount.com","automaticUpdatePolicy":{}},"serviceConfig":{"service":"projects/wain-d2e28/locations/us-central1/services/ssrwainadmin","timeoutSeconds":60,"environmentVariables":{"VERCEL_URL":"wain-d2e28.web.app","__FIREBASE_FRAMEWORKS_ENTRY__":"next.js","__FIREBASE_DEFAULTS__":"{\"config\":{\"projectId\":\"wain-d2e28\",\"appId\":\"1:620614484841:web:ac86320829e764bc41b3f8\",\"storageBucket\":\"wain-d2e28.firebasestorage.app\",\"apiKey\":\"AIzaSyC9YKkNcRIbFkVeiO-sBbA2zgJxEzm6rlM\",\"authDomain\":\"wain-d2e28.firebaseapp.com\",\"messagingSenderId\":\"620614484841\",\"measurementId\":\"G-EV5MVJZX2R\",\"projectNumber\":\"620614484841\",\"version\":\"2\"},\"_authTokenSyncURL\":\"/__session\"}","FIREBASE_CONFIG":"{\"projectId\":\"wain-d2e28\",\"storageBucket\":\"wain-d2e28.firebasestorage.app\"}","GCLOUD_PROJECT":"wain-d2e28","EVENTARC_CLOUD_EVENT_SOURCE":"projects/wain-d2e28/locations/us-central1/services/ssrwainadmin","FUNCTION_TARGET":"ssrwainadmin","LOG_EXECUTION_ID":"true"},"ingressSettings":"ALLOW_ALL","uri":"https://ssrwainadmin-wvn5fhzfsq-uc.a.run.app","serviceAccountEmail":"620614484841-compute@developer.gserviceaccount.com","availableMemory":"512Mi","allTrafficOnLatestRevision":true,"revision":"ssrwainadmin-00063-fid","maxInstanceRequestConcurrency":80,"availableCpu":"1"},"state":"ACTIVE","labels":{"deployment-tool":"cli-firebase","firebase-functions-codebase":"firebase-frameworks-wain-admin","firebase-functions-hash":"5b4ee6bafea116c2a47b8f723e560adf83a0c782"},"environment":"GEN_2","url":"https://us-central1-wain-d2e28.cloudfunctions.net/ssrwainadmin","satisfiesPzi":true},"stages":[{"name":"BUILD","message":"Build finished","state":"COMPLETE","resource":"projects/620614484841/locations/us-central1/builds/c3930c28-97f8-4f86-9f35-d5927dad5818","resourceUri":"https://console.cloud.google.com/cloud-build/builds;region=us-central1/c3930c28-97f8-4f86-9f35-d5927dad5818?project=620614484841"},{"name":"SERVICE","message":"Updating Cloud Run service","state":"IN_PROGRESS","resource":"projects/wain-d2e28/locations/us-central1/services/ssrwainadmin","resourceUri":"https://console.cloud.google.com/run/detail/us-central1/ssrwainadmin?project=wain-d2e28","stateMessages":[{"severity":"INFO","type":"CloudRunServiceNewRevisionTrafficInfo","message":"A new revision will be deployed serving with 100% traffic."}]}],"sourceToken":"[REDACTED_SOURCE_TOKEN]","operationType":"UPDATE_FUNCTION","buildName":"projects/620614484841/locations/us-central1/builds/c3930c28-97f8-4f86-9f35-d5927dad5818"},"done":false}
[2026-05-07T17:16:40.540Z] Got source token Cldwcm9qZWN0cy82MjA2MTQ0ODQ4NDEvbG9jYXRpb25zL3VzLWNlbnRyYWwxL2J1aWxkcy9jMzkzMGMyOC05N2Y4LTRmODYtOWYzNS1kNTkyN2RhZDU4MTgSZXVzLWNlbnRyYWwxLWRvY2tlci5wa2cuZGV2L3dhaW4tZDJlMjgvZ2NmLWFydGlmYWN0cy93YWluLS1kMmUyOF9fdXMtLWNlbnRyYWwxX19zc3J3YWluYWRtaW46dmVyc2lvbl8xGOmGhvyHEiJAcHJvamVjdHMvd2Fpbi1kMmUyOC9sb2NhdGlvbnMvdXMtY2VudHJhbDEvZnVuY3Rpb25zL3NzcndhaW5hZG1pbioMCPWR888GELi5iYwDMghub2RlanMyNDp2CiNnY3IuaW8vZ2FlLXJ1bnRpbWVzL25vZGVqczI0OnN0YWJsZRJPdXMtY2VudHJhbDEtZG9ja2VyLnBrZy5kZXYvc2VydmVybGVzcy1ydW50aW1lcy9nb29nbGUtMjQtZnVsbC9ydW50aW1lcy9ub2RlanMyNEAB for region us-central1
[2026-05-07T17:16:50.543Z] [update-firebase-frameworks-wain-admin-us-central1-ssrwainadmin] Retrying task index 0
[2026-05-07T17:16:50.543Z] Checked if tokens are valid: true, expires at: 1778175781006
[2026-05-07T17:16:50.544Z] Checked if tokens are valid: true, expires at: 1778175781006
[2026-05-07T17:16:50.544Z] >>> [apiv2][query] GET https://cloudfunctions.googleapis.com/v2/projects/wain-d2e28/locations/us-central1/operations/operation-1778174104263-6513d6bd55a99-61110ab2-65b8af17 [none]
[2026-05-07T17:16:51.380Z] <<< [apiv2][status] GET https://cloudfunctions.googleapis.com/v2/projects/wain-d2e28/locations/us-central1/operations/operation-1778174104263-6513d6bd55a99-61110ab2-65b8af17 200
[2026-05-07T17:16:51.380Z] <<< [apiv2][body] GET https://cloudfunctions.googleapis.com/v2/projects/wain-d2e28/locations/us-central1/operations/operation-1778174104263-6513d6bd55a99-61110ab2-65b8af17 {"name":"projects/wain-d2e28/locations/us-central1/operations/operation-1778174104263-6513d6bd55a99-61110ab2-65b8af17","metadata":{"@type":"type.googleapis.com/google.cloud.functions.v2.OperationMetadata","createTime":"2026-05-07T17:15:05.196124558Z","target":"projects/wain-d2e28/locations/us-central1/functions/ssrwainadmin","verb":"update","cancelRequested":false,"apiVersion":"v2","requestResource":{"@type":"type.googleapis.com/google.cloud.functions.v2.Function","name":"projects/wain-d2e28/locations/us-central1/functions/ssrwainadmin","buildConfig":{"runtime":"nodejs24","entryPoint":"ssrwainadmin","source":{"storageSource":{"bucket":"gcf-v2-sources-620614484841-us-central1","object":"ssrwainadmin/function-source.zip","generation":"1778174105142838"}},"environmentVariables":{"GOOGLE_NODE_RUN_SCRIPTS":""},"dockerRepository":"projects/wain-d2e28/locations/us-central1/repositories/gcf-artifacts","sourceProvenance":{"resolvedStorageSource":{"bucket":"gcf-v2-sources-620614484841-us-central1","object":"ssrwainadmin/function-source.zip","generation":"1778172388945720"}},"dockerRegistry":"ARTIFACT_REGISTRY","serviceAccount":"projects/wain-d2e28/serviceAccounts/620614484841-compute@developer.gserviceaccount.com","automaticUpdatePolicy":{}},"serviceConfig":{"service":"projects/wain-d2e28/locations/us-central1/services/ssrwainadmin","timeoutSeconds":60,"environmentVariables":{"VERCEL_URL":"wain-d2e28.web.app","__FIREBASE_FRAMEWORKS_ENTRY__":"next.js","__FIREBASE_DEFAULTS__":"{\"config\":{\"projectId\":\"wain-d2e28\",\"appId\":\"1:620614484841:web:ac86320829e764bc41b3f8\",\"storageBucket\":\"wain-d2e28.firebasestorage.app\",\"apiKey\":\"AIzaSyC9YKkNcRIbFkVeiO-sBbA2zgJxEzm6rlM\",\"authDomain\":\"wain-d2e28.firebaseapp.com\",\"messagingSenderId\":\"620614484841\",\"measurementId\":\"G-EV5MVJZX2R\",\"projectNumber\":\"620614484841\",\"version\":\"2\"},\"_authTokenSyncURL\":\"/__session\"}","FIREBASE_CONFIG":"{\"projectId\":\"wain-d2e28\",\"storageBucket\":\"wain-d2e28.firebasestorage.app\"}","GCLOUD_PROJECT":"wain-d2e28","EVENTARC_CLOUD_EVENT_SOURCE":"projects/wain-d2e28/locations/us-central1/services/ssrwainadmin","FUNCTION_TARGET":"ssrwainadmin","LOG_EXECUTION_ID":"true"},"ingressSettings":"ALLOW_ALL","uri":"https://ssrwainadmin-wvn5fhzfsq-uc.a.run.app","serviceAccountEmail":"620614484841-compute@developer.gserviceaccount.com","availableMemory":"512Mi","allTrafficOnLatestRevision":true,"revision":"ssrwainadmin-00063-fid","maxInstanceRequestConcurrency":80,"availableCpu":"1"},"state":"ACTIVE","labels":{"deployment-tool":"cli-firebase","firebase-functions-codebase":"firebase-frameworks-wain-admin","firebase-functions-hash":"5b4ee6bafea116c2a47b8f723e560adf83a0c782"},"environment":"GEN_2","url":"https://us-central1-wain-d2e28.cloudfunctions.net/ssrwainadmin","satisfiesPzi":true},"stages":[{"name":"BUILD","message":"Build finished","state":"COMPLETE","resource":"projects/620614484841/locations/us-central1/builds/c3930c28-97f8-4f86-9f35-d5927dad5818","resourceUri":"https://console.cloud.google.com/cloud-build/builds;region=us-central1/c3930c28-97f8-4f86-9f35-d5927dad5818?project=620614484841"},{"name":"SERVICE","message":"Updating Cloud Run service","state":"IN_PROGRESS","resource":"projects/wain-d2e28/locations/us-central1/services/ssrwainadmin","resourceUri":"https://console.cloud.google.com/run/detail/us-central1/ssrwainadmin?project=wain-d2e28","stateMessages":[{"severity":"INFO","type":"CloudRunServiceNewRevisionTrafficInfo","message":"A new revision will be deployed serving with 100% traffic."}]}],"sourceToken":"[REDACTED_SOURCE_TOKEN]","operationType":"UPDATE_FUNCTION","buildName":"projects/620614484841/locations/us-central1/builds/c3930c28-97f8-4f86-9f35-d5927dad5818"},"done":false}
[2026-05-07T17:16:51.380Z] Got source token Cldwcm9qZWN0cy82MjA2MTQ0ODQ4NDEvbG9jYXRpb25zL3VzLWNlbnRyYWwxL2J1aWxkcy9jMzkzMGMyOC05N2Y4LTRmODYtOWYzNS1kNTkyN2RhZDU4MTgSZXVzLWNlbnRyYWwxLWRvY2tlci5wa2cuZGV2L3dhaW4tZDJlMjgvZ2NmLWFydGlmYWN0cy93YWluLS1kMmUyOF9fdXMtLWNlbnRyYWwxX19zc3J3YWluYWRtaW46dmVyc2lvbl8xGOmGhvyHEiJAcHJvamVjdHMvd2Fpbi1kMmUyOC9sb2NhdGlvbnMvdXMtY2VudHJhbDEvZnVuY3Rpb25zL3NzcndhaW5hZG1pbioMCPWR888GELi5iYwDMghub2RlanMyNDp2CiNnY3IuaW8vZ2FlLXJ1bnRpbWVzL25vZGVqczI0OnN0YWJsZRJPdXMtY2VudHJhbDEtZG9ja2VyLnBrZy5kZXYvc2VydmVybGVzcy1ydW50aW1lcy9nb29nbGUtMjQtZnVsbC9ydW50aW1lcy9ub2RlanMyNEAB for region us-central1
[2026-05-07T17:17:01.394Z] [update-firebase-frameworks-wain-admin-us-central1-ssrwainadmin] Retrying task index 0
[2026-05-07T17:17:01.394Z] Checked if tokens are valid: true, expires at: 1778175781006
[2026-05-07T17:17:01.394Z] Checked if tokens are valid: true, expires at: 1778175781006
[2026-05-07T17:17:01.394Z] >>> [apiv2][query] GET https://cloudfunctions.googleapis.com/v2/projects/wain-d2e28/locations/us-central1/operations/operation-1778174104263-6513d6bd55a99-61110ab2-65b8af17 [none]
[2026-05-07T17:17:02.245Z] <<< [apiv2][status] GET https://cloudfunctions.googleapis.com/v2/projects/wain-d2e28/locations/us-central1/operations/operation-1778174104263-6513d6bd55a99-61110ab2-65b8af17 200
[2026-05-07T17:17:02.245Z] <<< [apiv2][body] GET https://cloudfunctions.googleapis.com/v2/projects/wain-d2e28/locations/us-central1/operations/operation-1778174104263-6513d6bd55a99-61110ab2-65b8af17 {"name":"projects/wain-d2e28/locations/us-central1/operations/operation-1778174104263-6513d6bd55a99-61110ab2-65b8af17","metadata":{"@type":"type.googleapis.com/google.cloud.functions.v2.OperationMetadata","createTime":"2026-05-07T17:15:05.196124558Z","target":"projects/wain-d2e28/locations/us-central1/functions/ssrwainadmin","verb":"update","cancelRequested":false,"apiVersion":"v2","requestResource":{"@type":"type.googleapis.com/google.cloud.functions.v2.Function","name":"projects/wain-d2e28/locations/us-central1/functions/ssrwainadmin","buildConfig":{"runtime":"nodejs24","entryPoint":"ssrwainadmin","source":{"storageSource":{"bucket":"gcf-v2-sources-620614484841-us-central1","object":"ssrwainadmin/function-source.zip","generation":"1778174105142838"}},"environmentVariables":{"GOOGLE_NODE_RUN_SCRIPTS":""},"dockerRepository":"projects/wain-d2e28/locations/us-central1/repositories/gcf-artifacts","sourceProvenance":{"resolvedStorageSource":{"bucket":"gcf-v2-sources-620614484841-us-central1","object":"ssrwainadmin/function-source.zip","generation":"1778172388945720"}},"dockerRegistry":"ARTIFACT_REGISTRY","serviceAccount":"projects/wain-d2e28/serviceAccounts/620614484841-compute@developer.gserviceaccount.com","automaticUpdatePolicy":{}},"serviceConfig":{"service":"projects/wain-d2e28/locations/us-central1/services/ssrwainadmin","timeoutSeconds":60,"environmentVariables":{"VERCEL_URL":"wain-d2e28.web.app","__FIREBASE_FRAMEWORKS_ENTRY__":"next.js","__FIREBASE_DEFAULTS__":"{\"config\":{\"projectId\":\"wain-d2e28\",\"appId\":\"1:620614484841:web:ac86320829e764bc41b3f8\",\"storageBucket\":\"wain-d2e28.firebasestorage.app\",\"apiKey\":\"AIzaSyC9YKkNcRIbFkVeiO-sBbA2zgJxEzm6rlM\",\"authDomain\":\"wain-d2e28.firebaseapp.com\",\"messagingSenderId\":\"620614484841\",\"measurementId\":\"G-EV5MVJZX2R\",\"projectNumber\":\"620614484841\",\"version\":\"2\"},\"_authTokenSyncURL\":\"/__session\"}","FIREBASE_CONFIG":"{\"projectId\":\"wain-d2e28\",\"storageBucket\":\"wain-d2e28.firebasestorage.app\"}","GCLOUD_PROJECT":"wain-d2e28","EVENTARC_CLOUD_EVENT_SOURCE":"projects/wain-d2e28/locations/us-central1/services/ssrwainadmin","FUNCTION_TARGET":"ssrwainadmin","LOG_EXECUTION_ID":"true"},"ingressSettings":"ALLOW_ALL","uri":"https://ssrwainadmin-wvn5fhzfsq-uc.a.run.app","serviceAccountEmail":"620614484841-compute@developer.gserviceaccount.com","availableMemory":"512Mi","allTrafficOnLatestRevision":true,"revision":"ssrwainadmin-00063-fid","maxInstanceRequestConcurrency":80,"availableCpu":"1"},"state":"ACTIVE","labels":{"deployment-tool":"cli-firebase","firebase-functions-codebase":"firebase-frameworks-wain-admin","firebase-functions-hash":"5b4ee6bafea116c2a47b8f723e560adf83a0c782"},"environment":"GEN_2","url":"https://us-central1-wain-d2e28.cloudfunctions.net/ssrwainadmin","satisfiesPzi":true},"stages":[{"name":"BUILD","message":"Build finished","state":"COMPLETE","resource":"projects/620614484841/locations/us-central1/builds/c3930c28-97f8-4f86-9f35-d5927dad5818","resourceUri":"https://console.cloud.google.com/cloud-build/builds;region=us-central1/c3930c28-97f8-4f86-9f35-d5927dad5818?project=620614484841"},{"name":"SERVICE","message":"Updating Cloud Run service","state":"IN_PROGRESS","resource":"projects/wain-d2e28/locations/us-central1/services/ssrwainadmin","resourceUri":"https://console.cloud.google.com/run/detail/us-central1/ssrwainadmin?project=wain-d2e28","stateMessages":[{"severity":"INFO","type":"CloudRunServiceNewRevisionTrafficInfo","message":"A new revision will be deployed serving with 100% traffic."}]}],"sourceToken":"[REDACTED_SOURCE_TOKEN]","operationType":"UPDATE_FUNCTION","buildName":"projects/620614484841/locations/us-central1/builds/c3930c28-97f8-4f86-9f35-d5927dad5818"},"done":false}
[2026-05-07T17:17:02.246Z] Got source token Cldwcm9qZWN0cy82MjA2MTQ0ODQ4NDEvbG9jYXRpb25zL3VzLWNlbnRyYWwxL2J1aWxkcy9jMzkzMGMyOC05N2Y4LTRmODYtOWYzNS1kNTkyN2RhZDU4MTgSZXVzLWNlbnRyYWwxLWRvY2tlci5wa2cuZGV2L3dhaW4tZDJlMjgvZ2NmLWFydGlmYWN0cy93YWluLS1kMmUyOF9fdXMtLWNlbnRyYWwxX19zc3J3YWluYWRtaW46dmVyc2lvbl8xGOmGhvyHEiJAcHJvamVjdHMvd2Fpbi1kMmUyOC9sb2NhdGlvbnMvdXMtY2VudHJhbDEvZnVuY3Rpb25zL3NzcndhaW5hZG1pbioMCPWR888GELi5iYwDMghub2RlanMyNDp2CiNnY3IuaW8vZ2FlLXJ1bnRpbWVzL25vZGVqczI0OnN0YWJsZRJPdXMtY2VudHJhbDEtZG9ja2VyLnBrZy5kZXYvc2VydmVybGVzcy1ydW50aW1lcy9nb29nbGUtMjQtZnVsbC9ydW50aW1lcy9ub2RlanMyNEAB for region us-central1
[2026-05-07T17:17:12.250Z] [update-firebase-frameworks-wain-admin-us-central1-ssrwainadmin] Retrying task index 0
[2026-05-07T17:17:12.250Z] Checked if tokens are valid: true, expires at: 1778175781006
[2026-05-07T17:17:12.250Z] Checked if tokens are valid: true, expires at: 1778175781006
[2026-05-07T17:17:12.250Z] >>> [apiv2][query] GET https://cloudfunctions.googleapis.com/v2/projects/wain-d2e28/locations/us-central1/operations/operation-1778174104263-6513d6bd55a99-61110ab2-65b8af17 [none]
[2026-05-07T17:17:13.058Z] <<< [apiv2][status] GET https://cloudfunctions.googleapis.com/v2/projects/wain-d2e28/locations/us-central1/operations/operation-1778174104263-6513d6bd55a99-61110ab2-65b8af17 200
[2026-05-07T17:17:13.058Z] <<< [apiv2][body] GET https://cloudfunctions.googleapis.com/v2/projects/wain-d2e28/locations/us-central1/operations/operation-1778174104263-6513d6bd55a99-61110ab2-65b8af17 {"name":"projects/wain-d2e28/locations/us-central1/operations/operation-1778174104263-6513d6bd55a99-61110ab2-65b8af17","metadata":{"@type":"type.googleapis.com/google.cloud.functions.v2.OperationMetadata","createTime":"2026-05-07T17:15:05.196124558Z","target":"projects/wain-d2e28/locations/us-central1/functions/ssrwainadmin","verb":"update","cancelRequested":false,"apiVersion":"v2","requestResource":{"@type":"type.googleapis.com/google.cloud.functions.v2.Function","name":"projects/wain-d2e28/locations/us-central1/functions/ssrwainadmin","buildConfig":{"runtime":"nodejs24","entryPoint":"ssrwainadmin","source":{"storageSource":{"bucket":"gcf-v2-sources-620614484841-us-central1","object":"ssrwainadmin/function-source.zip","generation":"1778174105142838"}},"environmentVariables":{"GOOGLE_NODE_RUN_SCRIPTS":""},"dockerRepository":"projects/wain-d2e28/locations/us-central1/repositories/gcf-artifacts","sourceProvenance":{"resolvedStorageSource":{"bucket":"gcf-v2-sources-620614484841-us-central1","object":"ssrwainadmin/function-source.zip","generation":"1778172388945720"}},"dockerRegistry":"ARTIFACT_REGISTRY","serviceAccount":"projects/wain-d2e28/serviceAccounts/620614484841-compute@developer.gserviceaccount.com","automaticUpdatePolicy":{}},"serviceConfig":{"service":"projects/wain-d2e28/locations/us-central1/services/ssrwainadmin","timeoutSeconds":60,"environmentVariables":{"VERCEL_URL":"wain-d2e28.web.app","__FIREBASE_FRAMEWORKS_ENTRY__":"next.js","__FIREBASE_DEFAULTS__":"{\"config\":{\"projectId\":\"wain-d2e28\",\"appId\":\"1:620614484841:web:ac86320829e764bc41b3f8\",\"storageBucket\":\"wain-d2e28.firebasestorage.app\",\"apiKey\":\"AIzaSyC9YKkNcRIbFkVeiO-sBbA2zgJxEzm6rlM\",\"authDomain\":\"wain-d2e28.firebaseapp.com\",\"messagingSenderId\":\"620614484841\",\"measurementId\":\"G-EV5MVJZX2R\",\"projectNumber\":\"620614484841\",\"version\":\"2\"},\"_authTokenSyncURL\":\"/__session\"}","FIREBASE_CONFIG":"{\"projectId\":\"wain-d2e28\",\"storageBucket\":\"wain-d2e28.firebasestorage.app\"}","GCLOUD_PROJECT":"wain-d2e28","EVENTARC_CLOUD_EVENT_SOURCE":"projects/wain-d2e28/locations/us-central1/services/ssrwainadmin","FUNCTION_TARGET":"ssrwainadmin","LOG_EXECUTION_ID":"true"},"ingressSettings":"ALLOW_ALL","uri":"https://ssrwainadmin-wvn5fhzfsq-uc.a.run.app","serviceAccountEmail":"620614484841-compute@developer.gserviceaccount.com","availableMemory":"512Mi","allTrafficOnLatestRevision":true,"revision":"ssrwainadmin-00063-fid","maxInstanceRequestConcurrency":80,"availableCpu":"1"},"state":"ACTIVE","labels":{"deployment-tool":"cli-firebase","firebase-functions-codebase":"firebase-frameworks-wain-admin","firebase-functions-hash":"5b4ee6bafea116c2a47b8f723e560adf83a0c782"},"environment":"GEN_2","url":"https://us-central1-wain-d2e28.cloudfunctions.net/ssrwainadmin","satisfiesPzi":true},"stages":[{"name":"BUILD","message":"Build finished","state":"COMPLETE","resource":"projects/620614484841/locations/us-central1/builds/c3930c28-97f8-4f86-9f35-d5927dad5818","resourceUri":"https://console.cloud.google.com/cloud-build/builds;region=us-central1/c3930c28-97f8-4f86-9f35-d5927dad5818?project=620614484841"},{"name":"SERVICE","message":"Updating Cloud Run service","state":"IN_PROGRESS","resource":"projects/wain-d2e28/locations/us-central1/services/ssrwainadmin","resourceUri":"https://console.cloud.google.com/run/detail/us-central1/ssrwainadmin?project=wain-d2e28","stateMessages":[{"severity":"INFO","type":"CloudRunServiceNewRevisionTrafficInfo","message":"A new revision will be deployed serving with 100% traffic."}]}],"sourceToken":"[REDACTED_SOURCE_TOKEN]","operationType":"UPDATE_FUNCTION","buildName":"projects/620614484841/locations/us-central1/builds/c3930c28-97f8-4f86-9f35-d5927dad5818"},"done":false}
[2026-05-07T17:17:13.058Z] Got source token Cldwcm9qZWN0cy82MjA2MTQ0ODQ4NDEvbG9jYXRpb25zL3VzLWNlbnRyYWwxL2J1aWxkcy9jMzkzMGMyOC05N2Y4LTRmODYtOWYzNS1kNTkyN2RhZDU4MTgSZXVzLWNlbnRyYWwxLWRvY2tlci5wa2cuZGV2L3dhaW4tZDJlMjgvZ2NmLWFydGlmYWN0cy93YWluLS1kMmUyOF9fdXMtLWNlbnRyYWwxX19zc3J3YWluYWRtaW46dmVyc2lvbl8xGOmGhvyHEiJAcHJvamVjdHMvd2Fpbi1kMmUyOC9sb2NhdGlvbnMvdXMtY2VudHJhbDEvZnVuY3Rpb25zL3NzcndhaW5hZG1pbioMCPWR888GELi5iYwDMghub2RlanMyNDp2CiNnY3IuaW8vZ2FlLXJ1bnRpbWVzL25vZGVqczI0OnN0YWJsZRJPdXMtY2VudHJhbDEtZG9ja2VyLnBrZy5kZXYvc2VydmVybGVzcy1ydW50aW1lcy9nb29nbGUtMjQtZnVsbC9ydW50aW1lcy9ub2RlanMyNEAB for region us-central1
[2026-05-07T17:17:23.070Z] [update-firebase-frameworks-wain-admin-us-central1-ssrwainadmin] Retrying task index 0
[2026-05-07T17:17:23.070Z] Checked if tokens are valid: true, expires at: 1778175781006
[2026-05-07T17:17:23.070Z] Checked if tokens are valid: true, expires at: 1778175781006
[2026-05-07T17:17:23.070Z] >>> [apiv2][query] GET https://cloudfunctions.googleapis.com/v2/projects/wain-d2e28/locations/us-central1/operations/operation-1778174104263-6513d6bd55a99-61110ab2-65b8af17 [none]
[2026-05-07T17:17:23.388Z] <<< [apiv2][status] GET https://cloudfunctions.googleapis.com/v2/projects/wain-d2e28/locations/us-central1/operations/operation-1778174104263-6513d6bd55a99-61110ab2-65b8af17 200
[2026-05-07T17:17:23.388Z] <<< [apiv2][body] GET https://cloudfunctions.googleapis.com/v2/projects/wain-d2e28/locations/us-central1/operations/operation-1778174104263-6513d6bd55a99-61110ab2-65b8af17 {"name":"projects/wain-d2e28/locations/us-central1/operations/operation-1778174104263-6513d6bd55a99-61110ab2-65b8af17","metadata":{"@type":"type.googleapis.com/google.cloud.functions.v2.OperationMetadata","createTime":"2026-05-07T17:15:05.196124558Z","target":"projects/wain-d2e28/locations/us-central1/functions/ssrwainadmin","verb":"update","cancelRequested":false,"apiVersion":"v2","requestResource":{"@type":"type.googleapis.com/google.cloud.functions.v2.Function","name":"projects/wain-d2e28/locations/us-central1/functions/ssrwainadmin","buildConfig":{"runtime":"nodejs24","entryPoint":"ssrwainadmin","source":{"storageSource":{"bucket":"gcf-v2-sources-620614484841-us-central1","object":"ssrwainadmin/function-source.zip","generation":"1778174105142838"}},"environmentVariables":{"GOOGLE_NODE_RUN_SCRIPTS":""},"dockerRepository":"projects/wain-d2e28/locations/us-central1/repositories/gcf-artifacts","sourceProvenance":{"resolvedStorageSource":{"bucket":"gcf-v2-sources-620614484841-us-central1","object":"ssrwainadmin/function-source.zip","generation":"1778172388945720"}},"dockerRegistry":"ARTIFACT_REGISTRY","serviceAccount":"projects/wain-d2e28/serviceAccounts/620614484841-compute@developer.gserviceaccount.com","automaticUpdatePolicy":{}},"serviceConfig":{"service":"projects/wain-d2e28/locations/us-central1/services/ssrwainadmin","timeoutSeconds":60,"environmentVariables":{"VERCEL_URL":"wain-d2e28.web.app","__FIREBASE_FRAMEWORKS_ENTRY__":"next.js","__FIREBASE_DEFAULTS__":"{\"config\":{\"projectId\":\"wain-d2e28\",\"appId\":\"1:620614484841:web:ac86320829e764bc41b3f8\",\"storageBucket\":\"wain-d2e28.firebasestorage.app\",\"apiKey\":\"AIzaSyC9YKkNcRIbFkVeiO-sBbA2zgJxEzm6rlM\",\"authDomain\":\"wain-d2e28.firebaseapp.com\",\"messagingSenderId\":\"620614484841\",\"measurementId\":\"G-EV5MVJZX2R\",\"projectNumber\":\"620614484841\",\"version\":\"2\"},\"_authTokenSyncURL\":\"/__session\"}","FIREBASE_CONFIG":"{\"projectId\":\"wain-d2e28\",\"storageBucket\":\"wain-d2e28.firebasestorage.app\"}","GCLOUD_PROJECT":"wain-d2e28","EVENTARC_CLOUD_EVENT_SOURCE":"projects/wain-d2e28/locations/us-central1/services/ssrwainadmin","FUNCTION_TARGET":"ssrwainadmin","LOG_EXECUTION_ID":"true"},"ingressSettings":"ALLOW_ALL","uri":"https://ssrwainadmin-wvn5fhzfsq-uc.a.run.app","serviceAccountEmail":"620614484841-compute@developer.gserviceaccount.com","availableMemory":"512Mi","allTrafficOnLatestRevision":true,"revision":"ssrwainadmin-00063-fid","maxInstanceRequestConcurrency":80,"availableCpu":"1"},"state":"ACTIVE","labels":{"deployment-tool":"cli-firebase","firebase-functions-codebase":"firebase-frameworks-wain-admin","firebase-functions-hash":"5b4ee6bafea116c2a47b8f723e560adf83a0c782"},"environment":"GEN_2","url":"https://us-central1-wain-d2e28.cloudfunctions.net/ssrwainadmin","satisfiesPzi":true},"stages":[{"name":"BUILD","message":"Build finished","state":"COMPLETE","resource":"projects/620614484841/locations/us-central1/builds/c3930c28-97f8-4f86-9f35-d5927dad5818","resourceUri":"https://console.cloud.google.com/cloud-build/builds;region=us-central1/c3930c28-97f8-4f86-9f35-d5927dad5818?project=620614484841"},{"name":"SERVICE","message":"Updating Cloud Run service","state":"IN_PROGRESS","resource":"projects/wain-d2e28/locations/us-central1/services/ssrwainadmin","resourceUri":"https://console.cloud.google.com/run/detail/us-central1/ssrwainadmin?project=wain-d2e28","stateMessages":[{"severity":"INFO","type":"CloudRunServiceNewRevisionTrafficInfo","message":"A new revision will be deployed serving with 100% traffic."}]}],"sourceToken":"[REDACTED_SOURCE_TOKEN]","operationType":"UPDATE_FUNCTION","buildName":"projects/620614484841/locations/us-central1/builds/c3930c28-97f8-4f86-9f35-d5927dad5818"},"done":false}
[2026-05-07T17:17:23.388Z] Got source token Cldwcm9qZWN0cy82MjA2MTQ0ODQ4NDEvbG9jYXRpb25zL3VzLWNlbnRyYWwxL2J1aWxkcy9jMzkzMGMyOC05N2Y4LTRmODYtOWYzNS1kNTkyN2RhZDU4MTgSZXVzLWNlbnRyYWwxLWRvY2tlci5wa2cuZGV2L3dhaW4tZDJlMjgvZ2NmLWFydGlmYWN0cy93YWluLS1kMmUyOF9fdXMtLWNlbnRyYWwxX19zc3J3YWluYWRtaW46dmVyc2lvbl8xGOmGhvyHEiJAcHJvamVjdHMvd2Fpbi1kMmUyOC9sb2NhdGlvbnMvdXMtY2VudHJhbDEvZnVuY3Rpb25zL3NzcndhaW5hZG1pbioMCPWR888GELi5iYwDMghub2RlanMyNDp2CiNnY3IuaW8vZ2FlLXJ1bnRpbWVzL25vZGVqczI0OnN0YWJsZRJPdXMtY2VudHJhbDEtZG9ja2VyLnBrZy5kZXYvc2VydmVybGVzcy1ydW50aW1lcy9nb29nbGUtMjQtZnVsbC9ydW50aW1lcy9ub2RlanMyNEAB for region us-central1
[2026-05-07T17:17:33.391Z] [update-firebase-frameworks-wain-admin-us-central1-ssrwainadmin] Retrying task index 0
[2026-05-07T17:17:33.391Z] Checked if tokens are valid: true, expires at: 1778175781006
[2026-05-07T17:17:33.391Z] Checked if tokens are valid: true, expires at: 1778175781006
[2026-05-07T17:17:33.391Z] >>> [apiv2][query] GET https://cloudfunctions.googleapis.com/v2/projects/wain-d2e28/locations/us-central1/operations/operation-1778174104263-6513d6bd55a99-61110ab2-65b8af17 [none]
[2026-05-07T17:17:34.250Z] <<< [apiv2][status] GET https://cloudfunctions.googleapis.com/v2/projects/wain-d2e28/locations/us-central1/operations/operation-1778174104263-6513d6bd55a99-61110ab2-65b8af17 200
[2026-05-07T17:17:34.250Z] <<< [apiv2][body] GET https://cloudfunctions.googleapis.com/v2/projects/wain-d2e28/locations/us-central1/operations/operation-1778174104263-6513d6bd55a99-61110ab2-65b8af17 {"name":"projects/wain-d2e28/locations/us-central1/operations/operation-1778174104263-6513d6bd55a99-61110ab2-65b8af17","metadata":{"@type":"type.googleapis.com/google.cloud.functions.v2.OperationMetadata","createTime":"2026-05-07T17:15:05.196124558Z","endTime":"2026-05-07T17:17:29.049114894Z","target":"projects/wain-d2e28/locations/us-central1/functions/ssrwainadmin","verb":"update","cancelRequested":false,"apiVersion":"v2","requestResource":{"@type":"type.googleapis.com/google.cloud.functions.v2.Function","name":"projects/wain-d2e28/locations/us-central1/functions/ssrwainadmin","buildConfig":{"runtime":"nodejs24","entryPoint":"ssrwainadmin","source":{"storageSource":{"bucket":"gcf-v2-sources-620614484841-us-central1","object":"ssrwainadmin/function-source.zip","generation":"1778174105142838"}},"environmentVariables":{"GOOGLE_NODE_RUN_SCRIPTS":""},"dockerRepository":"projects/wain-d2e28/locations/us-central1/repositories/gcf-artifacts","sourceProvenance":{"resolvedStorageSource":{"bucket":"gcf-v2-sources-620614484841-us-central1","object":"ssrwainadmin/function-source.zip","generation":"1778172388945720"}},"dockerRegistry":"ARTIFACT_REGISTRY","serviceAccount":"projects/wain-d2e28/serviceAccounts/620614484841-compute@developer.gserviceaccount.com","automaticUpdatePolicy":{}},"serviceConfig":{"service":"projects/wain-d2e28/locations/us-central1/services/ssrwainadmin","timeoutSeconds":60,"environmentVariables":{"VERCEL_URL":"wain-d2e28.web.app","__FIREBASE_FRAMEWORKS_ENTRY__":"next.js","__FIREBASE_DEFAULTS__":"{\"config\":{\"projectId\":\"wain-d2e28\",\"appId\":\"1:620614484841:web:ac86320829e764bc41b3f8\",\"storageBucket\":\"wain-d2e28.firebasestorage.app\",\"apiKey\":\"AIzaSyC9YKkNcRIbFkVeiO-sBbA2zgJxEzm6rlM\",\"authDomain\":\"wain-d2e28.firebaseapp.com\",\"messagingSenderId\":\"620614484841\",\"measurementId\":\"G-EV5MVJZX2R\",\"projectNumber\":\"620614484841\",\"version\":\"2\"},\"_authTokenSyncURL\":\"/__session\"}","FIREBASE_CONFIG":"{\"projectId\":\"wain-d2e28\",\"storageBucket\":\"wain-d2e28.firebasestorage.app\"}","GCLOUD_PROJECT":"wain-d2e28","EVENTARC_CLOUD_EVENT_SOURCE":"projects/wain-d2e28/locations/us-central1/services/ssrwainadmin","FUNCTION_TARGET":"ssrwainadmin","LOG_EXECUTION_ID":"true"},"ingressSettings":"ALLOW_ALL","uri":"https://ssrwainadmin-wvn5fhzfsq-uc.a.run.app","serviceAccountEmail":"620614484841-compute@developer.gserviceaccount.com","availableMemory":"512Mi","allTrafficOnLatestRevision":true,"revision":"ssrwainadmin-00063-fid","maxInstanceRequestConcurrency":80,"availableCpu":"1"},"state":"ACTIVE","labels":{"deployment-tool":"cli-firebase","firebase-functions-codebase":"firebase-frameworks-wain-admin","firebase-functions-hash":"5b4ee6bafea116c2a47b8f723e560adf83a0c782"},"environment":"GEN_2","url":"https://us-central1-wain-d2e28.cloudfunctions.net/ssrwainadmin","satisfiesPzi":true},"stages":[{"name":"BUILD","message":"Build finished","state":"COMPLETE","resource":"projects/620614484841/locations/us-central1/builds/c3930c28-97f8-4f86-9f35-d5927dad5818","resourceUri":"https://console.cloud.google.com/cloud-build/builds;region=us-central1/c3930c28-97f8-4f86-9f35-d5927dad5818?project=620614484841"},{"name":"SERVICE","message":"Updating Cloud Run service","state":"COMPLETE","resource":"projects/wain-d2e28/locations/us-central1/services/ssrwainadmin","resourceUri":"https://console.cloud.google.com/run/detail/us-central1/ssrwainadmin?project=wain-d2e28","stateMessages":[{"severity":"INFO","type":"CloudRunServiceNewRevisionTrafficInfo","message":"A new revision will be deployed serving with 100% traffic."}]}],"sourceToken":"[REDACTED_SOURCE_TOKEN]","operationType":"UPDATE_FUNCTION","buildName":"projects/620614484841/locations/us-central1/builds/c3930c28-97f8-4f86-9f35-d5927dad5818"},"done":true,"response":{"@type":"type.googleapis.com/google.cloud.functions.v2.Function","name":"projects/wain-d2e28/locations/us-central1/functions/ssrwainadmin","buildConfig":{"build":"projects/620614484841/locations/us-central1/builds/c3930c28-97f8-4f86-9f35-d5927dad5818","runtime":"nodejs24","entryPoint":"ssrwainadmin","source":{"storageSource":{"bucket":"gcf-v2-sources-620614484841-us-central1","object":"ssrwainadmin/function-source.zip","generation":"1778174105142838"}},"environmentVariables":{"GOOGLE_NODE_RUN_SCRIPTS":""},"dockerRepository":"projects/wain-d2e28/locations/us-central1/repositories/gcf-artifacts","sourceProvenance":{"resolvedStorageSource":{"bucket":"gcf-v2-sources-620614484841-us-central1","object":"ssrwainadmin/function-source.zip","generation":"1778174105142838"}},"dockerRegistry":"ARTIFACT_REGISTRY","serviceAccount":"projects/wain-d2e28/serviceAccounts/620614484841-compute@developer.gserviceaccount.com","automaticUpdatePolicy":{}},"serviceConfig":{"service":"projects/wain-d2e28/locations/us-central1/services/ssrwainadmin","timeoutSeconds":60,"environmentVariables":{"VERCEL_URL":"wain-d2e28.web.app","__FIREBASE_FRAMEWORKS_ENTRY__":"next.js","__FIREBASE_DEFAULTS__":"{\"config\":{\"projectId\":\"wain-d2e28\",\"appId\":\"1:620614484841:web:ac86320829e764bc41b3f8\",\"storageBucket\":\"wain-d2e28.firebasestorage.app\",\"apiKey\":\"AIzaSyC9YKkNcRIbFkVeiO-sBbA2zgJxEzm6rlM\",\"authDomain\":\"wain-d2e28.firebaseapp.com\",\"messagingSenderId\":\"620614484841\",\"measurementId\":\"G-EV5MVJZX2R\",\"projectNumber\":\"620614484841\",\"version\":\"2\"},\"_authTokenSyncURL\":\"/__session\"}","FIREBASE_CONFIG":"{\"projectId\":\"wain-d2e28\",\"storageBucket\":\"wain-d2e28.firebasestorage.app\"}","GCLOUD_PROJECT":"wain-d2e28","EVENTARC_CLOUD_EVENT_SOURCE":"projects/wain-d2e28/locations/us-central1/services/ssrwainadmin","FUNCTION_TARGET":"ssrwainadmin","LOG_EXECUTION_ID":"true"},"maxInstanceCount":20,"ingressSettings":"ALLOW_ALL","uri":"https://ssrwainadmin-wvn5fhzfsq-uc.a.run.app","serviceAccountEmail":"620614484841-compute@developer.gserviceaccount.com","availableMemory":"512Mi","allTrafficOnLatestRevision":true,"revision":"ssrwainadmin-00065-bum","maxInstanceRequestConcurrency":80,"availableCpu":"1"},"state":"ACTIVE","updateTime":"2026-05-07T17:15:05.199075901Z","labels":{"firebase-functions-hash":"5b4ee6bafea116c2a47b8f723e560adf83a0c782","deployment-tool":"cli-firebase","firebase-functions-codebase":"firebase-frameworks-wain-admin"},"environment":"GEN_2","url":"https://us-central1-wain-d2e28.cloudfunctions.net/ssrwainadmin","createTime":"2026-04-19T15:34:01.002358269Z","satisfiesPzi":true}}
[2026-05-07T17:17:34.250Z] Got source token Cldwcm9qZWN0cy82MjA2MTQ0ODQ4NDEvbG9jYXRpb25zL3VzLWNlbnRyYWwxL2J1aWxkcy9jMzkzMGMyOC05N2Y4LTRmODYtOWYzNS1kNTkyN2RhZDU4MTgSZXVzLWNlbnRyYWwxLWRvY2tlci5wa2cuZGV2L3dhaW4tZDJlMjgvZ2NmLWFydGlmYWN0cy93YWluLS1kMmUyOF9fdXMtLWNlbnRyYWwxX19zc3J3YWluYWRtaW46dmVyc2lvbl8xGOmGhvyHEiJAcHJvamVjdHMvd2Fpbi1kMmUyOC9sb2NhdGlvbnMvdXMtY2VudHJhbDEvZnVuY3Rpb25zL3NzcndhaW5hZG1pbioMCPWR888GELi5iYwDMghub2RlanMyNDp2CiNnY3IuaW8vZ2FlLXJ1bnRpbWVzL25vZGVqczI0OnN0YWJsZRJPdXMtY2VudHJhbDEtZG9ja2VyLnBrZy5kZXYvc2VydmVybGVzcy1ydW50aW1lcy9nb29nbGUtMjQtZnVsbC9ydW50aW1lcy9ub2RlanMyNEAB for region us-central1
+  functions[firebase-frameworks-wain-admin:ssrwainadmin(us-central1)] Successful update operation.
[2026-05-07T17:17:34.254Z] Total Function Deployment time: 150862
[2026-05-07T17:17:34.254Z] 1 Functions Deployed
[2026-05-07T17:17:34.254Z] 0 Functions Errored
[2026-05-07T17:17:34.254Z] 0 Function Deployments Aborted
[2026-05-07T17:17:34.254Z] Average Function Deployment time: 150861
Function URL (firebase-frameworks-wain-admin:ssrwainadmin(us-central1)): https://ssrwainadmin-wvn5fhzfsq-uc.a.run.app
[2026-05-07T17:17:34.255Z] Checked if tokens are valid: true, expires at: 1778175781006
[2026-05-07T17:17:34.255Z] Checked if tokens are valid: true, expires at: 1778175781006
[2026-05-07T17:17:34.255Z] >>> [apiv2][query] GET https://artifactregistry.googleapis.com/v1/projects/wain-d2e28/locations/us-central1/repositories/gcf-artifacts [none]
[2026-05-07T17:17:35.209Z] <<< [apiv2][status] GET https://artifactregistry.googleapis.com/v1/projects/wain-d2e28/locations/us-central1/repositories/gcf-artifacts 200
[2026-05-07T17:17:35.209Z] <<< [apiv2][body] GET https://artifactregistry.googleapis.com/v1/projects/wain-d2e28/locations/us-central1/repositories/gcf-artifacts {"name":"projects/wain-d2e28/locations/us-central1/repositories/gcf-artifacts","format":"DOCKER","description":"This repository is created and used by Cloud Functions for storing function docker images.","labels":{"goog-managed-by":"cloudfunctions"},"createTime":"2026-02-06T15:53:49.655094Z","updateTime":"2026-05-07T17:16:30.541224Z","mode":"STANDARD_REPOSITORY","cleanupPolicies":{"firebase-functions-cleanup":{"id":"firebase-functions-cleanup","action":"DELETE","condition":{"tagState":"ANY","olderThan":"86400s"}}},"sizeBytes":"2269604509","vulnerabilityScanningConfig":{"lastEnableTime":"2026-02-06T15:53:37.100462099Z","enablementState":"SCANNING_DISABLED","enablementStateReason":"API containerscanning.googleapis.com is not enabled."},"satisfiesPzi":true,"registryUri":"us-central1-docker.pkg.dev/wain-d2e28/gcf-artifacts"}
[2026-05-07T17:17:35.209Z] [
  {
    "config": {
      "site": "wain-d2e28",
      "public": "public",
      "ignore": [
        "firebase.json",
        "**/.*",
        "**/node_modules/**"
      ],
      "rewrites": [
        {
          "source": "**",
          "destination": "/index.html"
        }
      ]
    },
    "version": "projects/620614484841/sites/wain-d2e28/versions/a8a1fab4a2429756"
  },
  {
    "config": {
      "site": "wain-admin",
      "source": "admin_web_console",
      "headers": [
        {
          "source": "**",
          "headers": [
            {
              "key": "Content-Security-Policy-Report-Only",
              "value": "default-src 'self'; base-uri 'self'; object-src 'none'; frame-ancestors 'none'; form-action 'self'; img-src 'self' data: blob: https:; font-src 'self' data: https:; script-src 'self' 'unsafe-inline' 'unsafe-eval' https:; style-src 'self' 'unsafe-inline' https:; connect-src 'self' https: wss: ws:; upgrade-insecure-requests"
            },
            {
              "key": "Permissions-Policy",
              "value": "camera=(), microphone=(), geolocation=(), payment=(), usb=(), browsing-topics=()"
            },
            {
              "key": "X-Content-Type-Options",
              "value": "nosniff"
            },
            {
              "key": "X-Frame-Options",
              "value": "DENY"
            },
            {
              "key": "Referrer-Policy",
              "value": "strict-origin-when-cross-origin"
            },
            {
              "key": "Cross-Origin-Opener-Policy",
              "value": "same-origin"
            }
          ]
        },
        {
          "source": "/:path*",
          "headers": [
            {
              "key": "Content-Security-Policy-Report-Only",
              "value": "default-src 'self'; base-uri 'self'; object-src 'none'; frame-ancestors 'none'; form-action 'self'; img-src 'self' data: blob: https:; font-src 'self' data: https:; script-src 'self' 'unsafe-inline' 'unsafe-eval' https:; style-src 'self' 'unsafe-inline' https:; connect-src 'self' https: wss: ws:; upgrade-insecure-requests"
            },
            {
              "key": "Permissions-Policy",
              "value": "camera=(), microphone=(), geolocation=(), payment=(), usb=(), browsing-topics=()"
            },
            {
              "key": "X-Content-Type-Options",
              "value": "nosniff"
            },
            {
              "key": "X-Frame-Options",
              "value": "DENY"
            },
            {
              "key": "Referrer-Policy",
              "value": "strict-origin-when-cross-origin"
            },
            {
              "key": "Cross-Origin-Opener-Policy",
              "value": "same-origin"
            }
          ]
        },
        {
          "source": "/_not-found",
          "headers": [
            {
              "key": "x-next-cache-tags",
              "value": "_N_T_/layout,_N_T_/_not-found/layout,_N_T_/_not-found/page,_N_T_/_not-found"
            }
          ]
        },
        {
          "source": "**/*.[jt]s",
          "headers": [
            {
              "key": "Set-Cookie",
              "value": "__FIREBASE_DEFAULTS__=[REDACTED_FIREBASE_DEFAULTS]; SameSite=Strict; Expires=[REDACTED] Path=/;"
            }
          ]
        }
      ],
      "frameworksBackend": {
        "memory": "512MiB",
        "region": "us-central1"
      },
      "rewrites": [
        {
          "source": "**",
          "function": {
            "functionId": "ssrwainadmin",
            "region": "us-central1",
            "pinTag": true
          }
        }
      ],
      "redirects": [],
      "cleanUrls": true,
      "trailingSlash": false,
      "public": ".firebase\\wain-admin\\hosting",
      "webFramework": "next_ssr"
    },
    "version": "projects/620614484841/sites/wain-admin/versions/2e171e2d2982c186"
  }
]
i  hosting[wain-d2e28]: finalizing version...
i  hosting[wain-admin]: finalizing version...
[2026-05-07T17:17:35.210Z] Checked if tokens are valid: true, expires at: 1778175781006
[2026-05-07T17:17:35.210Z] Checked if tokens are valid: true, expires at: 1778175781006
[2026-05-07T17:17:35.210Z] Checked if tokens are valid: true, expires at: 1778175781006
[2026-05-07T17:17:35.210Z] Checked if tokens are valid: true, expires at: 1778175781006
[2026-05-07T17:17:35.210Z] >>> [apiv2][query] GET https://run.googleapis.com/v1/projects/wain-d2e28/locations/us-central1/services/ssrwainadmin [none]
[2026-05-07T17:17:35.211Z] >>> [apiv2][query] PATCH https://firebasehosting.googleapis.com/v1beta1/projects/-/sites/wain-d2e28/versions/a8a1fab4a2429756 updateMask=status%2Cconfig
[2026-05-07T17:17:35.211Z] >>> [apiv2][body] PATCH https://firebasehosting.googleapis.com/v1beta1/projects/-/sites/wain-d2e28/versions/a8a1fab4a2429756 {"status":"FINALIZED","config":{"rewrites":[{"glob":"**","path":"/index.html"}]}}
[2026-05-07T17:17:36.897Z] <<< [apiv2][status] GET https://run.googleapis.com/v1/projects/wain-d2e28/locations/us-central1/services/ssrwainadmin 200
[2026-05-07T17:17:36.897Z] <<< [apiv2][body] GET https://run.googleapis.com/v1/projects/wain-d2e28/locations/us-central1/services/ssrwainadmin {"apiVersion":"serving.knative.dev/v1","kind":"Service","metadata":{"name":"ssrwainadmin","namespace":"620614484841","selfLink":"/apis/serving.knative.dev/v1/namespaces/620614484841/services/ssrwainadmin","uid":"bdc58e28-8483-469c-ad6e-ebbd8a11500a","resourceVersion":"AAZRPXRZwro","generation":65,"labels":{"goog-drz-cloudfunctions-location":"us-central1","firebase-functions-hash":"5b4ee6bafea116c2a47b8f723e560adf83a0c782","goog-managed-by":"cloudfunctions","goog-cloudfunctions-runtime":"nodejs24","cloud.googleapis.com/location":"us-central1","goog-drz-cloudfunctions-id":"ssrwainadmin","firebase-functions-codebase":"firebase-frameworks-wain-admin"},"annotations":{"serving.knative.dev/creator":"service-620614484841@gcf-admin-robot.iam.gserviceaccount.com","serving.knative.dev/lastModifier":"service-620614484841@gcf-admin-robot.iam.gserviceaccount.com","run.googleapis.com/custom-audiences":"[\"https://us-central1-wain-d2e28.cloudfunctions.net/ssrwainadmin\"]","run.googleapis.com/client-name":"cli-firebase","cloudfunctions.googleapis.com/function-id":"ssrwainadmin","run.googleapis.com/build-source-location":"gs://gcf-v2-sources-620614484841-us-central1/ssrwainadmin/function-source.zip#1778174105142838","run.googleapis.com/build-environment-variables":"{\"GOOGLE_NODE_RUN_SCRIPTS\":\"\"}","run.googleapis.com/build-function-target":"ssrwainadmin","run.googleapis.com/build-service-account":"projects/wain-d2e28/serviceAccounts/620614484841-compute@developer.gserviceaccount.com","run.googleapis.com/build-enable-automatic-updates":"true","run.googleapis.com/build-base-image":"us-central1-docker.pkg.dev/serverless-runtimes/google-24-full/runtimes/nodejs24","run.googleapis.com/build-image-uri":"us-central1-docker.pkg.dev/wain-d2e28/gcf-artifacts/wain--d2e28__us--central1__ssrwainadmin:version_1","run.googleapis.com/build-name":"projects/620614484841/locations/us-central1/builds/c3930c28-97f8-4f86-9f35-d5927dad5818","run.googleapis.com/operation-id":"f342b1e9-8a4f-4457-b892-4375a93ddefe","run.googleapis.com/ingress":"all","run.googleapis.com/ingress-status":"all","run.googleapis.com/maxScale":"20","run.googleapis.com/urls":"[\"https://ssrwainadmin-620614484841.us-central1.run.app\",\"https://us-central1-wain-d2e28.cloudfunctions.net/ssrwainadmin\",\"https://ssrwainadmin-wvn5fhzfsq-uc.a.run.app\"]"},"creationTimestamp":"2026-04-19T15:35:29.358113Z"},"spec":{"template":{"metadata":{"name":"ssrwainadmin-00065-bum","labels":{"goog-drz-cloudfunctions-location":"us-central1","firebase-functions-hash":"5b4ee6bafea116c2a47b8f723e560adf83a0c782","goog-drz-cloudfunctions-id":"ssrwainadmin","firebase-functions-codebase":"firebase-frameworks-wain-admin","run.googleapis.com/startupProbeType":"Default"},"annotations":{"run.googleapis.com/client-name":"cli-firebase","cloudfunctions.googleapis.com/trigger-type":"HTTP_TRIGGER","autoscaling.knative.dev/maxScale":"20","run.googleapis.com/base-images":"{\"worker\":\"us-central1-docker.pkg.dev/serverless-runtimes/google-24-full/runtimes/nodejs24\"}","run.googleapis.com/startup-cpu-boost":"true"}},"spec":{"containerConcurrency":80,"timeoutSeconds":60,"serviceAccountName":"620614484841-compute@developer.gserviceaccount.com","containers":[{"name":"worker","image":"us-central1-docker.pkg.dev/wain-d2e28/gcf-artifacts/wain--d2e28__us--central1__ssrwainadmin:version_1","env":[{"name":"VERCEL_URL","value":"wain-d2e28.web.app"},{"name":"__FIREBASE_FRAMEWORKS_ENTRY__","value":"next.js"},{"name":"__FIREBASE_DEFAULTS__","value":"{\"config\":{\"projectId\":\"wain-d2e28\",\"appId\":\"1:620614484841:web:ac86320829e764bc41b3f8\",\"storageBucket\":\"wain-d2e28.firebasestorage.app\",\"apiKey\":\"AIzaSyC9YKkNcRIbFkVeiO-sBbA2zgJxEzm6rlM\",\"authDomain\":\"wain-d2e28.firebaseapp.com\",\"messagingSenderId\":\"620614484841\",\"measurementId\":\"G-EV5MVJZX2R\",\"projectNumber\":\"620614484841\",\"version\":\"2\"},\"_authTokenSyncURL\":\"/__session\"}"},{"name":"FIREBASE_CONFIG","value":"{\"projectId\":\"wain-d2e28\",\"storageBucket\":\"wain-d2e28.firebasestorage.app\"}"},{"name":"GCLOUD_PROJECT","value":"wain-d2e28"},{"name":"EVENTARC_CLOUD_EVENT_SOURCE","value":"projects/wain-d2e28/locations/us-central1/services/ssrwainadmin"},{"name":"FUNCTION_TARGET","value":"ssrwainadmin"},{"name":"LOG_EXECUTION_ID","value":"true"}],"resources":{"limits":{"cpu":"1","memory":"512Mi"}},"ports":[{"name":"http1","containerPort":8080}],"startupProbe":{"timeoutSeconds":240,"periodSeconds":240,"failureThreshold":1,"tcpSocket":{"port":8080}}}],"runtimeClassName":"run.googleapis.com/linux-base-image-update"}},"traffic":[{"revisionName":"ssrwainadmin-00001-jex","tag":"fh-ac717aae5b7652ac"},{"revisionName":"ssrwainadmin-00003-kos","tag":"fh-e09e2206797c7f2d"},{"revisionName":"ssrwainadmin-00005-rus","tag":"fh-8b4c6931ffea8ddd"},{"revisionName":"ssrwainadmin-00007-gov","tag":"fh-c79287407e850ff0"},{"revisionName":"ssrwainadmin-00009-feq","tag":"fh-eea0b693dc7cff3f"},{"revisionName":"ssrwainadmin-00011-vug","tag":"fh-aa185f5f32a79909"},{"revisionName":"ssrwainadmin-00013-miz","tag":"fh-ba1199c4771bb658"},{"revisionName":"ssrwainadmin-00015-bix","tag":"fh-0b315898d9d0dab1"},{"revisionName":"ssrwainadmin-00017-kap","tag":"fh-428dbb9bf7e3d5ab"},{"revisionName":"ssrwainadmin-00019-zuy","tag":"fh-3442b45ffb9e9f3e"},{"revisionName":"ssrwainadmin-00021-wik","tag":"fh-4669903df0455378"},{"revisionName":"ssrwainadmin-00023-mag","tag":"fh-aa2c1c02f1ed0476"},{"revisionName":"ssrwainadmin-00026-cor","tag":"fh-326d2b3d7ba2e9ef"},{"revisionName":"ssrwainadmin-00028-lej","tag":"fh-1d361d1e203d9fda"},{"revisionName":"ssrwainadmin-00030-wot","tag":"fh-6f652a32554e8dfe"},{"revisionName":"ssrwainadmin-00032-kod","tag":"fh-92be92cd8c8b37e8"},{"revisionName":"ssrwainadmin-00034-gun","tag":"fh-a9db6b465483eaba"},{"revisionName":"ssrwainadmin-00036-pam","tag":"fh-45270ea856bc3c61"},{"revisionName":"ssrwainadmin-00038-pop","tag":"fh-0d492fa2b30328db"},{"revisionName":"ssrwainadmin-00040-kiw","tag":"fh-479ce2748595397a"},{"revisionName":"ssrwainadmin-00042-kev","tag":"fh-a11625b324506ae3"},{"revisionName":"ssrwainadmin-00044-duj","tag":"fh-db8793a4e293242a"},{"revisionName":"ssrwainadmin-00046-san","tag":"fh-f6fd98b8b09374e1"},{"revisionName":"ssrwainadmin-00048-ved","tag":"fh-86cdd5d350c917e3"},{"revisionName":"ssrwainadmin-00050-diw","tag":"fh-eaea606c5c8b15a8"},{"revisionName":"ssrwainadmin-00052-xin","tag":"fh-8063195206209c84"},{"revisionName":"ssrwainadmin-00054-zen","tag":"fh-6af74c86f4f743d6"},{"revisionName":"ssrwainadmin-00056-guf","tag":"fh-6986c20d5584ac8e"},{"revisionName":"ssrwainadmin-00059-tel","tag":"fh-ba0db4e68bfab5bb"},{"revisionName":"ssrwainadmin-00061-vuv","tag":"fh-6783fe19f6f440f7"},{"revisionName":"ssrwainadmin-00063-fid","tag":"fh-1ae655ff4c727dca"},{"percent":100,"latestRevision":true}]},"status":{"observedGeneration":65,"conditions":[{"type":"Ready","status":"True","lastTransitionTime":"2026-05-07T17:17:27.158458Z"},{"type":"BaseImageValidated","status":"True","severity":"Info"},{"type":"ConfigurationsReady","status":"True","lastTransitionTime":"2026-05-07T17:17:05.085310Z"},{"type":"RoutesReady","status":"True","lastTransitionTime":"2026-05-07T17:17:27.114690Z"}],"latestReadyRevisionName":"ssrwainadmin-00065-bum","latestCreatedRevisionName":"ssrwainadmin-00065-bum","traffic":[{"revisionName":"ssrwainadmin-00001-jex","tag":"fh-ac717aae5b7652ac","url":"https://fh-ac717aae5b7652ac---ssrwainadmin-wvn5fhzfsq-uc.a.run.app"},{"revisionName":"ssrwainadmin-00003-kos","tag":"fh-e09e2206797c7f2d","url":"https://fh-e09e2206797c7f2d---ssrwainadmin-wvn5fhzfsq-uc.a.run.app"},{"revisionName":"ssrwainadmin-00005-rus","tag":"fh-8b4c6931ffea8ddd","url":"https://fh-8b4c6931ffea8ddd---ssrwainadmin-wvn5fhzfsq-uc.a.run.app"},{"revisionName":"ssrwainadmin-00007-gov","tag":"fh-c79287407e850ff0","url":"https://fh-c79287407e850ff0---ssrwainadmin-wvn5fhzfsq-uc.a.run.app"},{"revisionName":"ssrwainadmin-00009-feq","tag":"fh-eea0b693dc7cff3f","url":"https://fh-eea0b693dc7cff3f---ssrwainadmin-wvn5fhzfsq-uc.a.run.app"},{"revisionName":"ssrwainadmin-00011-vug","tag":"fh-aa185f5f32a79909","url":"https://fh-aa185f5f32a79909---ssrwainadmin-wvn5fhzfsq-uc.a.run.app"},{"revisionName":"ssrwainadmin-00013-miz","tag":"fh-ba1199c4771bb658","url":"https://fh-ba1199c4771bb658---ssrwainadmin-wvn5fhzfsq-uc.a.run.app"},{"revisionName":"ssrwainadmin-00015-bix","tag":"fh-0b315898d9d0dab1","url":"https://fh-0b315898d9d0dab1---ssrwainadmin-wvn5fhzfsq-uc.a.run.app"},{"revisionName":"ssrwainadmin-00017-kap","tag":"fh-428dbb9bf7e3d5ab","url":"https://fh-428dbb9bf7e3d5ab---ssrwainadmin-wvn5fhzfsq-uc.a.run.app"},{"revisionName":"ssrwainadmin-00019-zuy","tag":"fh-3442b45ffb9e9f3e","url":"https://fh-3442b45ffb9e9f3e---ssrwainadmin-wvn5fhzfsq-uc.a.run.app"},{"revisionName":"ssrwainadmin-00021-wik","tag":"fh-4669903df0455378","url":"https://fh-4669903df0455378---ssrwainadmin-wvn5fhzfsq-uc.a.run.app"},{"revisionName":"ssrwainadmin-00023-mag","tag":"fh-aa2c1c02f1ed0476","url":"https://fh-aa2c1c02f1ed0476---ssrwainadmin-wvn5fhzfsq-uc.a.run.app"},{"revisionName":"ssrwainadmin-00026-cor","tag":"fh-326d2b3d7ba2e9ef","url":"https://fh-326d2b3d7ba2e9ef---ssrwainadmin-wvn5fhzfsq-uc.a.run.app"},{"revisionName":"ssrwainadmin-00028-lej","tag":"fh-1d361d1e203d9fda","url":"https://fh-1d361d1e203d9fda---ssrwainadmin-wvn5fhzfsq-uc.a.run.app"},{"revisionName":"ssrwainadmin-00030-wot","tag":"fh-6f652a32554e8dfe","url":"https://fh-6f652a32554e8dfe---ssrwainadmin-wvn5fhzfsq-uc.a.run.app"},{"revisionName":"ssrwainadmin-00032-kod","tag":"fh-92be92cd8c8b37e8","url":"https://fh-92be92cd8c8b37e8---ssrwainadmin-wvn5fhzfsq-uc.a.run.app"},{"revisionName":"ssrwainadmin-00034-gun","tag":"fh-a9db6b465483eaba","url":"https://fh-a9db6b465483eaba---ssrwainadmin-wvn5fhzfsq-uc.a.run.app"},{"revisionName":"ssrwainadmin-00036-pam","tag":"fh-45270ea856bc3c61","url":"https://fh-45270ea856bc3c61---ssrwainadmin-wvn5fhzfsq-uc.a.run.app"},{"revisionName":"ssrwainadmin-00038-pop","tag":"fh-0d492fa2b30328db","url":"https://fh-0d492fa2b30328db---ssrwainadmin-wvn5fhzfsq-uc.a.run.app"},{"revisionName":"ssrwainadmin-00040-kiw","tag":"fh-479ce2748595397a","url":"https://fh-479ce2748595397a---ssrwainadmin-wvn5fhzfsq-uc.a.run.app"},{"revisionName":"ssrwainadmin-00042-kev","tag":"fh-a11625b324506ae3","url":"https://fh-a11625b324506ae3---ssrwainadmin-wvn5fhzfsq-uc.a.run.app"},{"revisionName":"ssrwainadmin-00044-duj","tag":"fh-db8793a4e293242a","url":"https://fh-db8793a4e293242a---ssrwainadmin-wvn5fhzfsq-uc.a.run.app"},{"revisionName":"ssrwainadmin-00046-san","tag":"fh-f6fd98b8b09374e1","url":"https://fh-f6fd98b8b09374e1---ssrwainadmin-wvn5fhzfsq-uc.a.run.app"},{"revisionName":"ssrwainadmin-00048-ved","tag":"fh-86cdd5d350c917e3","url":"https://fh-86cdd5d350c917e3---ssrwainadmin-wvn5fhzfsq-uc.a.run.app"},{"revisionName":"ssrwainadmin-00050-diw","tag":"fh-eaea606c5c8b15a8","url":"https://fh-eaea606c5c8b15a8---ssrwainadmin-wvn5fhzfsq-uc.a.run.app"},{"revisionName":"ssrwainadmin-00052-xin","tag":"fh-8063195206209c84","url":"https://fh-8063195206209c84---ssrwainadmin-wvn5fhzfsq-uc.a.run.app"},{"revisionName":"ssrwainadmin-00054-zen","tag":"fh-6af74c86f4f743d6","url":"https://fh-6af74c86f4f743d6---ssrwainadmin-wvn5fhzfsq-uc.a.run.app"},{"revisionName":"ssrwainadmin-00056-guf","tag":"fh-6986c20d5584ac8e","url":"https://fh-6986c20d5584ac8e---ssrwainadmin-wvn5fhzfsq-uc.a.run.app"},{"revisionName":"ssrwainadmin-00059-tel","tag":"fh-ba0db4e68bfab5bb","url":"https://fh-ba0db4e68bfab5bb---ssrwainadmin-wvn5fhzfsq-uc.a.run.app"},{"revisionName":"ssrwainadmin-00061-vuv","tag":"fh-6783fe19f6f440f7","url":"https://fh-6783fe19f6f440f7---ssrwainadmin-wvn5fhzfsq-uc.a.run.app"},{"revisionName":"ssrwainadmin-00063-fid","tag":"fh-1ae655ff4c727dca","url":"https://fh-1ae655ff4c727dca---ssrwainadmin-wvn5fhzfsq-uc.a.run.app"},{"revisionName":"ssrwainadmin-00065-bum","percent":100,"latestRevision":true}],"url":"https://ssrwainadmin-wvn5fhzfsq-uc.a.run.app","address":{"url":"https://ssrwainadmin-wvn5fhzfsq-uc.a.run.app"}}}
[2026-05-07T17:17:36.898Z] Checked if tokens are valid: true, expires at: 1778175781006
[2026-05-07T17:17:36.898Z] Checked if tokens are valid: true, expires at: 1778175781006
[2026-05-07T17:17:36.898Z] >>> [apiv2][query] PUT https://run.googleapis.com/v1/projects/620614484841/locations/us-central1/services/ssrwainadmin [none]
[2026-05-07T17:17:36.898Z] >>> [apiv2][body] PUT https://run.googleapis.com/v1/projects/620614484841/locations/us-central1/services/ssrwainadmin {"apiVersion":"serving.knative.dev/v1","kind":"Service","metadata":{"name":"ssrwainadmin","namespace":"620614484841","selfLink":"/apis/serving.knative.dev/v1/namespaces/620614484841/services/ssrwainadmin","uid":"bdc58e28-8483-469c-ad6e-ebbd8a11500a","resourceVersion":"AAZRPXRZwro","generation":65,"labels":{"goog-drz-cloudfunctions-location":"us-central1","firebase-functions-hash":"5b4ee6bafea116c2a47b8f723e560adf83a0c782","goog-managed-by":"cloudfunctions","goog-cloudfunctions-runtime":"nodejs24","cloud.googleapis.com/location":"us-central1","goog-drz-cloudfunctions-id":"ssrwainadmin","firebase-functions-codebase":"firebase-frameworks-wain-admin"},"annotations":{"serving.knative.dev/creator":"service-620614484841@gcf-admin-robot.iam.gserviceaccount.com","serving.knative.dev/lastModifier":"service-620614484841@gcf-admin-robot.iam.gserviceaccount.com","run.googleapis.com/custom-audiences":"[\"https://us-central1-wain-d2e28.cloudfunctions.net/ssrwainadmin\"]","run.googleapis.com/client-name":"cli-firebase","cloudfunctions.googleapis.com/function-id":"ssrwainadmin","run.googleapis.com/build-source-location":"gs://gcf-v2-sources-620614484841-us-central1/ssrwainadmin/function-source.zip#1778174105142838","run.googleapis.com/build-environment-variables":"{\"GOOGLE_NODE_RUN_SCRIPTS\":\"\"}","run.googleapis.com/build-function-target":"ssrwainadmin","run.googleapis.com/build-service-account":"projects/wain-d2e28/serviceAccounts/620614484841-compute@developer.gserviceaccount.com","run.googleapis.com/build-enable-automatic-updates":"true","run.googleapis.com/build-base-image":"us-central1-docker.pkg.dev/serverless-runtimes/google-24-full/runtimes/nodejs24","run.googleapis.com/build-image-uri":"us-central1-docker.pkg.dev/wain-d2e28/gcf-artifacts/wain--d2e28__us--central1__ssrwainadmin:version_1","run.googleapis.com/build-name":"projects/620614484841/locations/us-central1/builds/c3930c28-97f8-4f86-9f35-d5927dad5818","run.googleapis.com/operation-id":"f342b1e9-8a4f-4457-b892-4375a93ddefe","run.googleapis.com/ingress":"all","run.googleapis.com/ingress-status":"all","run.googleapis.com/maxScale":"20","run.googleapis.com/urls":"[\"https://ssrwainadmin-620614484841.us-central1.run.app\",\"https://us-central1-wain-d2e28.cloudfunctions.net/ssrwainadmin\",\"https://ssrwainadmin-wvn5fhzfsq-uc.a.run.app\"]"},"creationTimestamp":"2026-04-19T15:35:29.358113Z"},"spec":{"template":{"metadata":{"name":"ssrwainadmin-00065-bum","labels":{"goog-drz-cloudfunctions-location":"us-central1","firebase-functions-hash":"5b4ee6bafea116c2a47b8f723e560adf83a0c782","goog-drz-cloudfunctions-id":"ssrwainadmin","firebase-functions-codebase":"firebase-frameworks-wain-admin","run.googleapis.com/startupProbeType":"Default"},"annotations":{"run.googleapis.com/client-name":"cli-firebase","cloudfunctions.googleapis.com/trigger-type":"HTTP_TRIGGER","autoscaling.knative.dev/maxScale":"20","run.googleapis.com/base-images":"{\"worker\":\"us-central1-docker.pkg.dev/serverless-runtimes/google-24-full/runtimes/nodejs24\"}","run.googleapis.com/startup-cpu-boost":"true"}},"spec":{"containerConcurrency":80,"timeoutSeconds":60,"serviceAccountName":"620614484841-compute@developer.gserviceaccount.com","containers":[{"name":"worker","image":"us-central1-docker.pkg.dev/wain-d2e28/gcf-artifacts/wain--d2e28__us--central1__ssrwainadmin:version_1","env":[{"name":"VERCEL_URL","value":"wain-d2e28.web.app"},{"name":"__FIREBASE_FRAMEWORKS_ENTRY__","value":"next.js"},{"name":"__FIREBASE_DEFAULTS__","value":"{\"config\":{\"projectId\":\"wain-d2e28\",\"appId\":\"1:620614484841:web:ac86320829e764bc41b3f8\",\"storageBucket\":\"wain-d2e28.firebasestorage.app\",\"apiKey\":\"AIzaSyC9YKkNcRIbFkVeiO-sBbA2zgJxEzm6rlM\",\"authDomain\":\"wain-d2e28.firebaseapp.com\",\"messagingSenderId\":\"620614484841\",\"measurementId\":\"G-EV5MVJZX2R\",\"projectNumber\":\"620614484841\",\"version\":\"2\"},\"_authTokenSyncURL\":\"/__session\"}"},{"name":"FIREBASE_CONFIG","value":"{\"projectId\":\"wain-d2e28\",\"storageBucket\":\"wain-d2e28.firebasestorage.app\"}"},{"name":"GCLOUD_PROJECT","value":"wain-d2e28"},{"name":"EVENTARC_CLOUD_EVENT_SOURCE","value":"projects/wain-d2e28/locations/us-central1/services/ssrwainadmin"},{"name":"FUNCTION_TARGET","value":"ssrwainadmin"},{"name":"LOG_EXECUTION_ID","value":"true"}],"resources":{"limits":{"cpu":"1","memory":"512Mi"}},"ports":[{"name":"http1","containerPort":8080}],"startupProbe":{"timeoutSeconds":240,"periodSeconds":240,"failureThreshold":1,"tcpSocket":{"port":8080}}}],"runtimeClassName":"run.googleapis.com/linux-base-image-update"}},"traffic":[{"revisionName":"ssrwainadmin-00001-jex","tag":"fh-ac717aae5b7652ac"},{"revisionName":"ssrwainadmin-00003-kos","tag":"fh-e09e2206797c7f2d"},{"revisionName":"ssrwainadmin-00005-rus","tag":"fh-8b4c6931ffea8ddd"},{"revisionName":"ssrwainadmin-00007-gov","tag":"fh-c79287407e850ff0"},{"revisionName":"ssrwainadmin-00009-feq","tag":"fh-eea0b693dc7cff3f"},{"revisionName":"ssrwainadmin-00011-vug","tag":"fh-aa185f5f32a79909"},{"revisionName":"ssrwainadmin-00013-miz","tag":"fh-ba1199c4771bb658"},{"revisionName":"ssrwainadmin-00015-bix","tag":"fh-0b315898d9d0dab1"},{"revisionName":"ssrwainadmin-00017-kap","tag":"fh-428dbb9bf7e3d5ab"},{"revisionName":"ssrwainadmin-00019-zuy","tag":"fh-3442b45ffb9e9f3e"},{"revisionName":"ssrwainadmin-00021-wik","tag":"fh-4669903df0455378"},{"revisionName":"ssrwainadmin-00023-mag","tag":"fh-aa2c1c02f1ed0476"},{"revisionName":"ssrwainadmin-00026-cor","tag":"fh-326d2b3d7ba2e9ef"},{"revisionName":"ssrwainadmin-00028-lej","tag":"fh-1d361d1e203d9fda"},{"revisionName":"ssrwainadmin-00030-wot","tag":"fh-6f652a32554e8dfe"},{"revisionName":"ssrwainadmin-00032-kod","tag":"fh-92be92cd8c8b37e8"},{"revisionName":"ssrwainadmin-00034-gun","tag":"fh-a9db6b465483eaba"},{"revisionName":"ssrwainadmin-00036-pam","tag":"fh-45270ea856bc3c61"},{"revisionName":"ssrwainadmin-00038-pop","tag":"fh-0d492fa2b30328db"},{"revisionName":"ssrwainadmin-00040-kiw","tag":"fh-479ce2748595397a"},{"revisionName":"ssrwainadmin-00042-kev","tag":"fh-a11625b324506ae3"},{"revisionName":"ssrwainadmin-00044-duj","tag":"fh-db8793a4e293242a"},{"revisionName":"ssrwainadmin-00046-san","tag":"fh-f6fd98b8b09374e1"},{"revisionName":"ssrwainadmin-00048-ved","tag":"fh-86cdd5d350c917e3"},{"revisionName":"ssrwainadmin-00050-diw","tag":"fh-eaea606c5c8b15a8"},{"revisionName":"ssrwainadmin-00052-xin","tag":"fh-8063195206209c84"},{"revisionName":"ssrwainadmin-00054-zen","tag":"fh-6af74c86f4f743d6"},{"revisionName":"ssrwainadmin-00056-guf","tag":"fh-6986c20d5584ac8e"},{"revisionName":"ssrwainadmin-00059-tel","tag":"fh-ba0db4e68bfab5bb"},{"revisionName":"ssrwainadmin-00061-vuv","tag":"fh-6783fe19f6f440f7"},{"revisionName":"ssrwainadmin-00063-fid","tag":"fh-1ae655ff4c727dca"},{"percent":100,"latestRevision":true},{"revisionName":"ssrwainadmin-00065-bum","tag":"fh-2e171e2d2982c186"}]}}
[2026-05-07T17:17:38.079Z] <<< [apiv2][status] PATCH https://firebasehosting.googleapis.com/v1beta1/projects/-/sites/wain-d2e28/versions/a8a1fab4a2429756 200
[2026-05-07T17:17:38.079Z] <<< [apiv2][body] PATCH https://firebasehosting.googleapis.com/v1beta1/projects/-/sites/wain-d2e28/versions/a8a1fab4a2429756 {"name":"projects/620614484841/sites/wain-d2e28/versions/a8a1fab4a2429756","status":"FINALIZED","config":{"rewrites":[{"glob":"**","path":"/index.html"}]},"labels":{"deployment-tool":"cli-firebase"},"createTime":"2026-05-07T17:14:35.035457Z","createUser":{"email":"basil1222038@gmail.com"},"finalizeTime":"2026-05-07T17:17:37.901243Z","finalizeUser":{"email":"basil1222038@gmail.com"}}
[2026-05-07T17:17:38.079Z] [hosting] finalized version for wain-d2e28:[object Object]
+  hosting[wain-d2e28]: version finalized
i  hosting[wain-d2e28]: releasing new version...
[2026-05-07T17:17:38.080Z] Checked if tokens are valid: true, expires at: 1778175781006
[2026-05-07T17:17:38.080Z] Checked if tokens are valid: true, expires at: 1778175781006
[2026-05-07T17:17:38.080Z] >>> [apiv2][query] POST https://firebasehosting.googleapis.com/v1beta1/projects/-/sites/wain-d2e28/channels/live/releases versionName=projects%2F620614484841%2Fsites%2Fwain-d2e28%2Fversions%2Fa8a1fab4a2429756
[2026-05-07T17:17:38.080Z] >>> [apiv2][body] POST https://firebasehosting.googleapis.com/v1beta1/projects/-/sites/wain-d2e28/channels/live/releases {}
[2026-05-07T17:17:38.337Z] <<< [apiv2][status] PUT https://run.googleapis.com/v1/projects/620614484841/locations/us-central1/services/ssrwainadmin 200
[2026-05-07T17:17:38.337Z] <<< [apiv2][body] PUT https://run.googleapis.com/v1/projects/620614484841/locations/us-central1/services/ssrwainadmin {"apiVersion":"serving.knative.dev/v1","kind":"Service","metadata":{"name":"ssrwainadmin","namespace":"620614484841","selfLink":"/apis/serving.knative.dev/v1/namespaces/620614484841/services/ssrwainadmin","uid":"bdc58e28-8483-469c-ad6e-ebbd8a11500a","resourceVersion":"AAZRPXUC7tU","generation":66,"labels":{"goog-managed-by":"cloudfunctions","goog-cloudfunctions-runtime":"nodejs24","cloud.googleapis.com/location":"us-central1","goog-drz-cloudfunctions-location":"us-central1","firebase-functions-hash":"5b4ee6bafea116c2a47b8f723e560adf83a0c782","goog-drz-cloudfunctions-id":"ssrwainadmin","firebase-functions-codebase":"firebase-frameworks-wain-admin"},"annotations":{"serving.knative.dev/creator":"service-620614484841@gcf-admin-robot.iam.gserviceaccount.com","serving.knative.dev/lastModifier":"basil1222038@gmail.com","run.googleapis.com/custom-audiences":"[\"https://us-central1-wain-d2e28.cloudfunctions.net/ssrwainadmin\"]","run.googleapis.com/client-name":"cli-firebase","cloudfunctions.googleapis.com/function-id":"ssrwainadmin","run.googleapis.com/build-source-location":"gs://gcf-v2-sources-620614484841-us-central1/ssrwainadmin/function-source.zip#1778174105142838","run.googleapis.com/build-environment-variables":"{\"GOOGLE_NODE_RUN_SCRIPTS\":\"\"}","run.googleapis.com/build-function-target":"ssrwainadmin","run.googleapis.com/build-service-account":"projects/wain-d2e28/serviceAccounts/620614484841-compute@developer.gserviceaccount.com","run.googleapis.com/build-enable-automatic-updates":"true","run.googleapis.com/build-base-image":"us-central1-docker.pkg.dev/serverless-runtimes/google-24-full/runtimes/nodejs24","run.googleapis.com/build-image-uri":"us-central1-docker.pkg.dev/wain-d2e28/gcf-artifacts/wain--d2e28__us--central1__ssrwainadmin:version_1","run.googleapis.com/build-name":"projects/620614484841/locations/us-central1/builds/c3930c28-97f8-4f86-9f35-d5927dad5818","run.googleapis.com/operation-id":"11e7dbd3-2357-46c7-8266-946c1e30a101","run.googleapis.com/ingress":"all","run.googleapis.com/ingress-status":"all","run.googleapis.com/maxScale":"20","run.googleapis.com/urls":"[\"https://ssrwainadmin-620614484841.us-central1.run.app\",\"https://us-central1-wain-d2e28.cloudfunctions.net/ssrwainadmin\",\"https://ssrwainadmin-wvn5fhzfsq-uc.a.run.app\"]"},"creationTimestamp":"2026-04-19T15:35:29.358113Z"},"spec":{"template":{"metadata":{"name":"ssrwainadmin-00065-bum","labels":{"goog-drz-cloudfunctions-location":"us-central1","firebase-functions-hash":"5b4ee6bafea116c2a47b8f723e560adf83a0c782","goog-drz-cloudfunctions-id":"ssrwainadmin","firebase-functions-codebase":"firebase-frameworks-wain-admin","run.googleapis.com/startupProbeType":"Default"},"annotations":{"run.googleapis.com/client-name":"cli-firebase","cloudfunctions.googleapis.com/trigger-type":"HTTP_TRIGGER","autoscaling.knative.dev/maxScale":"20","run.googleapis.com/base-images":"{\"worker\":\"us-central1-docker.pkg.dev/serverless-runtimes/google-24-full/runtimes/nodejs24\"}","run.googleapis.com/startup-cpu-boost":"true"}},"spec":{"containerConcurrency":80,"timeoutSeconds":60,"serviceAccountName":"620614484841-compute@developer.gserviceaccount.com","containers":[{"name":"worker","image":"us-central1-docker.pkg.dev/wain-d2e28/gcf-artifacts/wain--d2e28__us--central1__ssrwainadmin:version_1","env":[{"name":"VERCEL_URL","value":"wain-d2e28.web.app"},{"name":"__FIREBASE_FRAMEWORKS_ENTRY__","value":"next.js"},{"name":"__FIREBASE_DEFAULTS__","value":"{\"config\":{\"projectId\":\"wain-d2e28\",\"appId\":\"1:620614484841:web:ac86320829e764bc41b3f8\",\"storageBucket\":\"wain-d2e28.firebasestorage.app\",\"apiKey\":\"AIzaSyC9YKkNcRIbFkVeiO-sBbA2zgJxEzm6rlM\",\"authDomain\":\"wain-d2e28.firebaseapp.com\",\"messagingSenderId\":\"620614484841\",\"measurementId\":\"G-EV5MVJZX2R\",\"projectNumber\":\"620614484841\",\"version\":\"2\"},\"_authTokenSyncURL\":\"/__session\"}"},{"name":"FIREBASE_CONFIG","value":"{\"projectId\":\"wain-d2e28\",\"storageBucket\":\"wain-d2e28.firebasestorage.app\"}"},{"name":"GCLOUD_PROJECT","value":"wain-d2e28"},{"name":"EVENTARC_CLOUD_EVENT_SOURCE","value":"projects/wain-d2e28/locations/us-central1/services/ssrwainadmin"},{"name":"FUNCTION_TARGET","value":"ssrwainadmin"},{"name":"LOG_EXECUTION_ID","value":"true"}],"resources":{"limits":{"cpu":"1","memory":"512Mi"}},"ports":[{"name":"http1","containerPort":8080}],"startupProbe":{"timeoutSeconds":240,"periodSeconds":240,"failureThreshold":1,"tcpSocket":{"port":8080}}}],"runtimeClassName":"run.googleapis.com/linux-base-image-update"}},"traffic":[{"revisionName":"ssrwainadmin-00001-jex","tag":"fh-ac717aae5b7652ac"},{"revisionName":"ssrwainadmin-00003-kos","tag":"fh-e09e2206797c7f2d"},{"revisionName":"ssrwainadmin-00005-rus","tag":"fh-8b4c6931ffea8ddd"},{"revisionName":"ssrwainadmin-00007-gov","tag":"fh-c79287407e850ff0"},{"revisionName":"ssrwainadmin-00009-feq","tag":"fh-eea0b693dc7cff3f"},{"revisionName":"ssrwainadmin-00011-vug","tag":"fh-aa185f5f32a79909"},{"revisionName":"ssrwainadmin-00013-miz","tag":"fh-ba1199c4771bb658"},{"revisionName":"ssrwainadmin-00015-bix","tag":"fh-0b315898d9d0dab1"},{"revisionName":"ssrwainadmin-00017-kap","tag":"fh-428dbb9bf7e3d5ab"},{"revisionName":"ssrwainadmin-00019-zuy","tag":"fh-3442b45ffb9e9f3e"},{"revisionName":"ssrwainadmin-00021-wik","tag":"fh-4669903df0455378"},{"revisionName":"ssrwainadmin-00023-mag","tag":"fh-aa2c1c02f1ed0476"},{"revisionName":"ssrwainadmin-00026-cor","tag":"fh-326d2b3d7ba2e9ef"},{"revisionName":"ssrwainadmin-00028-lej","tag":"fh-1d361d1e203d9fda"},{"revisionName":"ssrwainadmin-00030-wot","tag":"fh-6f652a32554e8dfe"},{"revisionName":"ssrwainadmin-00032-kod","tag":"fh-92be92cd8c8b37e8"},{"revisionName":"ssrwainadmin-00034-gun","tag":"fh-a9db6b465483eaba"},{"revisionName":"ssrwainadmin-00036-pam","tag":"fh-45270ea856bc3c61"},{"revisionName":"ssrwainadmin-00038-pop","tag":"fh-0d492fa2b30328db"},{"revisionName":"ssrwainadmin-00040-kiw","tag":"fh-479ce2748595397a"},{"revisionName":"ssrwainadmin-00042-kev","tag":"fh-a11625b324506ae3"},{"revisionName":"ssrwainadmin-00044-duj","tag":"fh-db8793a4e293242a"},{"revisionName":"ssrwainadmin-00046-san","tag":"fh-f6fd98b8b09374e1"},{"revisionName":"ssrwainadmin-00048-ved","tag":"fh-86cdd5d350c917e3"},{"revisionName":"ssrwainadmin-00050-diw","tag":"fh-eaea606c5c8b15a8"},{"revisionName":"ssrwainadmin-00052-xin","tag":"fh-8063195206209c84"},{"revisionName":"ssrwainadmin-00054-zen","tag":"fh-6af74c86f4f743d6"},{"revisionName":"ssrwainadmin-00056-guf","tag":"fh-6986c20d5584ac8e"},{"revisionName":"ssrwainadmin-00059-tel","tag":"fh-ba0db4e68bfab5bb"},{"revisionName":"ssrwainadmin-00061-vuv","tag":"fh-6783fe19f6f440f7"},{"revisionName":"ssrwainadmin-00063-fid","tag":"fh-1ae655ff4c727dca"},{"percent":100,"latestRevision":true},{"revisionName":"ssrwainadmin-00065-bum","tag":"fh-2e171e2d2982c186"}]},"status":{"observedGeneration":65,"conditions":[{"type":"Ready","status":"True","lastTransitionTime":"2026-05-07T17:17:27.158458Z"},{"type":"BaseImageValidated","status":"True","severity":"Info"},{"type":"ConfigurationsReady","status":"True","lastTransitionTime":"2026-05-07T17:17:05.085310Z"},{"type":"RoutesReady","status":"True","lastTransitionTime":"2026-05-07T17:17:27.114690Z"}],"latestReadyRevisionName":"ssrwainadmin-00065-bum","latestCreatedRevisionName":"ssrwainadmin-00065-bum","traffic":[{"revisionName":"ssrwainadmin-00001-jex","tag":"fh-ac717aae5b7652ac","url":"https://fh-ac717aae5b7652ac---ssrwainadmin-wvn5fhzfsq-uc.a.run.app"},{"revisionName":"ssrwainadmin-00003-kos","tag":"fh-e09e2206797c7f2d","url":"https://fh-e09e2206797c7f2d---ssrwainadmin-wvn5fhzfsq-uc.a.run.app"},{"revisionName":"ssrwainadmin-00005-rus","tag":"fh-8b4c6931ffea8ddd","url":"https://fh-8b4c6931ffea8ddd---ssrwainadmin-wvn5fhzfsq-uc.a.run.app"},{"revisionName":"ssrwainadmin-00007-gov","tag":"fh-c79287407e850ff0","url":"https://fh-c79287407e850ff0---ssrwainadmin-wvn5fhzfsq-uc.a.run.app"},{"revisionName":"ssrwainadmin-00009-feq","tag":"fh-eea0b693dc7cff3f","url":"https://fh-eea0b693dc7cff3f---ssrwainadmin-wvn5fhzfsq-uc.a.run.app"},{"revisionName":"ssrwainadmin-00011-vug","tag":"fh-aa185f5f32a79909","url":"https://fh-aa185f5f32a79909---ssrwainadmin-wvn5fhzfsq-uc.a.run.app"},{"revisionName":"ssrwainadmin-00013-miz","tag":"fh-ba1199c4771bb658","url":"https://fh-ba1199c4771bb658---ssrwainadmin-wvn5fhzfsq-uc.a.run.app"},{"revisionName":"ssrwainadmin-00015-bix","tag":"fh-0b315898d9d0dab1","url":"https://fh-0b315898d9d0dab1---ssrwainadmin-wvn5fhzfsq-uc.a.run.app"},{"revisionName":"ssrwainadmin-00017-kap","tag":"fh-428dbb9bf7e3d5ab","url":"https://fh-428dbb9bf7e3d5ab---ssrwainadmin-wvn5fhzfsq-uc.a.run.app"},{"revisionName":"ssrwainadmin-00019-zuy","tag":"fh-3442b45ffb9e9f3e","url":"https://fh-3442b45ffb9e9f3e---ssrwainadmin-wvn5fhzfsq-uc.a.run.app"},{"revisionName":"ssrwainadmin-00021-wik","tag":"fh-4669903df0455378","url":"https://fh-4669903df0455378---ssrwainadmin-wvn5fhzfsq-uc.a.run.app"},{"revisionName":"ssrwainadmin-00023-mag","tag":"fh-aa2c1c02f1ed0476","url":"https://fh-aa2c1c02f1ed0476---ssrwainadmin-wvn5fhzfsq-uc.a.run.app"},{"revisionName":"ssrwainadmin-00026-cor","tag":"fh-326d2b3d7ba2e9ef","url":"https://fh-326d2b3d7ba2e9ef---ssrwainadmin-wvn5fhzfsq-uc.a.run.app"},{"revisionName":"ssrwainadmin-00028-lej","tag":"fh-1d361d1e203d9fda","url":"https://fh-1d361d1e203d9fda---ssrwainadmin-wvn5fhzfsq-uc.a.run.app"},{"revisionName":"ssrwainadmin-00030-wot","tag":"fh-6f652a32554e8dfe","url":"https://fh-6f652a32554e8dfe---ssrwainadmin-wvn5fhzfsq-uc.a.run.app"},{"revisionName":"ssrwainadmin-00032-kod","tag":"fh-92be92cd8c8b37e8","url":"https://fh-92be92cd8c8b37e8---ssrwainadmin-wvn5fhzfsq-uc.a.run.app"},{"revisionName":"ssrwainadmin-00034-gun","tag":"fh-a9db6b465483eaba","url":"https://fh-a9db6b465483eaba---ssrwainadmin-wvn5fhzfsq-uc.a.run.app"},{"revisionName":"ssrwainadmin-00036-pam","tag":"fh-45270ea856bc3c61","url":"https://fh-45270ea856bc3c61---ssrwainadmin-wvn5fhzfsq-uc.a.run.app"},{"revisionName":"ssrwainadmin-00038-pop","tag":"fh-0d492fa2b30328db","url":"https://fh-0d492fa2b30328db---ssrwainadmin-wvn5fhzfsq-uc.a.run.app"},{"revisionName":"ssrwainadmin-00040-kiw","tag":"fh-479ce2748595397a","url":"https://fh-479ce2748595397a---ssrwainadmin-wvn5fhzfsq-uc.a.run.app"},{"revisionName":"ssrwainadmin-00042-kev","tag":"fh-a11625b324506ae3","url":"https://fh-a11625b324506ae3---ssrwainadmin-wvn5fhzfsq-uc.a.run.app"},{"revisionName":"ssrwainadmin-00044-duj","tag":"fh-db8793a4e293242a","url":"https://fh-db8793a4e293242a---ssrwainadmin-wvn5fhzfsq-uc.a.run.app"},{"revisionName":"ssrwainadmin-00046-san","tag":"fh-f6fd98b8b09374e1","url":"https://fh-f6fd98b8b09374e1---ssrwainadmin-wvn5fhzfsq-uc.a.run.app"},{"revisionName":"ssrwainadmin-00048-ved","tag":"fh-86cdd5d350c917e3","url":"https://fh-86cdd5d350c917e3---ssrwainadmin-wvn5fhzfsq-uc.a.run.app"},{"revisionName":"ssrwainadmin-00050-diw","tag":"fh-eaea606c5c8b15a8","url":"https://fh-eaea606c5c8b15a8---ssrwainadmin-wvn5fhzfsq-uc.a.run.app"},{"revisionName":"ssrwainadmin-00052-xin","tag":"fh-8063195206209c84","url":"https://fh-8063195206209c84---ssrwainadmin-wvn5fhzfsq-uc.a.run.app"},{"revisionName":"ssrwainadmin-00054-zen","tag":"fh-6af74c86f4f743d6","url":"https://fh-6af74c86f4f743d6---ssrwainadmin-wvn5fhzfsq-uc.a.run.app"},{"revisionName":"ssrwainadmin-00056-guf","tag":"fh-6986c20d5584ac8e","url":"https://fh-6986c20d5584ac8e---ssrwainadmin-wvn5fhzfsq-uc.a.run.app"},{"revisionName":"ssrwainadmin-00059-tel","tag":"fh-ba0db4e68bfab5bb","url":"https://fh-ba0db4e68bfab5bb---ssrwainadmin-wvn5fhzfsq-uc.a.run.app"},{"revisionName":"ssrwainadmin-00061-vuv","tag":"fh-6783fe19f6f440f7","url":"https://fh-6783fe19f6f440f7---ssrwainadmin-wvn5fhzfsq-uc.a.run.app"},{"revisionName":"ssrwainadmin-00063-fid","tag":"fh-1ae655ff4c727dca","url":"https://fh-1ae655ff4c727dca---ssrwainadmin-wvn5fhzfsq-uc.a.run.app"},{"revisionName":"ssrwainadmin-00065-bum","percent":100,"latestRevision":true}],"url":"https://ssrwainadmin-wvn5fhzfsq-uc.a.run.app","address":{"url":"https://ssrwainadmin-wvn5fhzfsq-uc.a.run.app"}}}
[2026-05-07T17:17:38.338Z] Service ssrwainadmin is not resolved becauseobserved generation 65 does not match spec generation 66
[2026-05-07T17:17:38.354Z] Checked if tokens are valid: true, expires at: 1778175781006
[2026-05-07T17:17:38.354Z] Checked if tokens are valid: true, expires at: 1778175781006
[2026-05-07T17:17:38.354Z] >>> [apiv2][query] GET https://run.googleapis.com/v1/projects/620614484841/locations/us-central1/services/ssrwainadmin [none]
[2026-05-07T17:17:39.539Z] <<< [apiv2][status] GET https://run.googleapis.com/v1/projects/620614484841/locations/us-central1/services/ssrwainadmin 200
[2026-05-07T17:17:39.539Z] <<< [apiv2][body] GET https://run.googleapis.com/v1/projects/620614484841/locations/us-central1/services/ssrwainadmin {"apiVersion":"serving.knative.dev/v1","kind":"Service","metadata":{"name":"ssrwainadmin","namespace":"620614484841","selfLink":"/apis/serving.knative.dev/v1/namespaces/620614484841/services/ssrwainadmin","uid":"bdc58e28-8483-469c-ad6e-ebbd8a11500a","resourceVersion":"AAZRPXUHVlc","generation":66,"labels":{"goog-managed-by":"cloudfunctions","goog-cloudfunctions-runtime":"nodejs24","cloud.googleapis.com/location":"us-central1","goog-drz-cloudfunctions-location":"us-central1","firebase-functions-hash":"5b4ee6bafea116c2a47b8f723e560adf83a0c782","goog-drz-cloudfunctions-id":"ssrwainadmin","firebase-functions-codebase":"firebase-frameworks-wain-admin"},"annotations":{"serving.knative.dev/creator":"service-620614484841@gcf-admin-robot.iam.gserviceaccount.com","serving.knative.dev/lastModifier":"basil1222038@gmail.com","run.googleapis.com/custom-audiences":"[\"https://us-central1-wain-d2e28.cloudfunctions.net/ssrwainadmin\"]","run.googleapis.com/client-name":"cli-firebase","cloudfunctions.googleapis.com/function-id":"ssrwainadmin","run.googleapis.com/build-source-location":"gs://gcf-v2-sources-620614484841-us-central1/ssrwainadmin/function-source.zip#1778174105142838","run.googleapis.com/build-environment-variables":"{\"GOOGLE_NODE_RUN_SCRIPTS\":\"\"}","run.googleapis.com/build-function-target":"ssrwainadmin","run.googleapis.com/build-service-account":"projects/wain-d2e28/serviceAccounts/620614484841-compute@developer.gserviceaccount.com","run.googleapis.com/build-enable-automatic-updates":"true","run.googleapis.com/build-base-image":"us-central1-docker.pkg.dev/serverless-runtimes/google-24-full/runtimes/nodejs24","run.googleapis.com/build-image-uri":"us-central1-docker.pkg.dev/wain-d2e28/gcf-artifacts/wain--d2e28__us--central1__ssrwainadmin:version_1","run.googleapis.com/build-name":"projects/620614484841/locations/us-central1/builds/c3930c28-97f8-4f86-9f35-d5927dad5818","run.googleapis.com/operation-id":"11e7dbd3-2357-46c7-8266-946c1e30a101","run.googleapis.com/ingress":"all","run.googleapis.com/ingress-status":"all","run.googleapis.com/maxScale":"20","run.googleapis.com/urls":"[\"https://ssrwainadmin-620614484841.us-central1.run.app\",\"https://us-central1-wain-d2e28.cloudfunctions.net/ssrwainadmin\",\"https://ssrwainadmin-wvn5fhzfsq-uc.a.run.app\"]"},"creationTimestamp":"2026-04-19T15:35:29.358113Z"},"spec":{"template":{"metadata":{"name":"ssrwainadmin-00065-bum","labels":{"goog-drz-cloudfunctions-location":"us-central1","firebase-functions-hash":"5b4ee6bafea116c2a47b8f723e560adf83a0c782","goog-drz-cloudfunctions-id":"ssrwainadmin","firebase-functions-codebase":"firebase-frameworks-wain-admin","run.googleapis.com/startupProbeType":"Default"},"annotations":{"run.googleapis.com/client-name":"cli-firebase","cloudfunctions.googleapis.com/trigger-type":"HTTP_TRIGGER","autoscaling.knative.dev/maxScale":"20","run.googleapis.com/base-images":"{\"worker\":\"us-central1-docker.pkg.dev/serverless-runtimes/google-24-full/runtimes/nodejs24\"}","run.googleapis.com/startup-cpu-boost":"true"}},"spec":{"containerConcurrency":80,"timeoutSeconds":60,"serviceAccountName":"620614484841-compute@developer.gserviceaccount.com","containers":[{"name":"worker","image":"us-central1-docker.pkg.dev/wain-d2e28/gcf-artifacts/wain--d2e28__us--central1__ssrwainadmin:version_1","env":[{"name":"VERCEL_URL","value":"wain-d2e28.web.app"},{"name":"__FIREBASE_FRAMEWORKS_ENTRY__","value":"next.js"},{"name":"__FIREBASE_DEFAULTS__","value":"{\"config\":{\"projectId\":\"wain-d2e28\",\"appId\":\"1:620614484841:web:ac86320829e764bc41b3f8\",\"storageBucket\":\"wain-d2e28.firebasestorage.app\",\"apiKey\":\"AIzaSyC9YKkNcRIbFkVeiO-sBbA2zgJxEzm6rlM\",\"authDomain\":\"wain-d2e28.firebaseapp.com\",\"messagingSenderId\":\"620614484841\",\"measurementId\":\"G-EV5MVJZX2R\",\"projectNumber\":\"620614484841\",\"version\":\"2\"},\"_authTokenSyncURL\":\"/__session\"}"},{"name":"FIREBASE_CONFIG","value":"{\"projectId\":\"wain-d2e28\",\"storageBucket\":\"wain-d2e28.firebasestorage.app\"}"},{"name":"GCLOUD_PROJECT","value":"wain-d2e28"},{"name":"EVENTARC_CLOUD_EVENT_SOURCE","value":"projects/wain-d2e28/locations/us-central1/services/ssrwainadmin"},{"name":"FUNCTION_TARGET","value":"ssrwainadmin"},{"name":"LOG_EXECUTION_ID","value":"true"}],"resources":{"limits":{"cpu":"1","memory":"512Mi"}},"ports":[{"name":"http1","containerPort":8080}],"startupProbe":{"timeoutSeconds":240,"periodSeconds":240,"failureThreshold":1,"tcpSocket":{"port":8080}}}],"runtimeClassName":"run.googleapis.com/linux-base-image-update"}},"traffic":[{"revisionName":"ssrwainadmin-00001-jex","tag":"fh-ac717aae5b7652ac"},{"revisionName":"ssrwainadmin-00003-kos","tag":"fh-e09e2206797c7f2d"},{"revisionName":"ssrwainadmin-00005-rus","tag":"fh-8b4c6931ffea8ddd"},{"revisionName":"ssrwainadmin-00007-gov","tag":"fh-c79287407e850ff0"},{"revisionName":"ssrwainadmin-00009-feq","tag":"fh-eea0b693dc7cff3f"},{"revisionName":"ssrwainadmin-00011-vug","tag":"fh-aa185f5f32a79909"},{"revisionName":"ssrwainadmin-00013-miz","tag":"fh-ba1199c4771bb658"},{"revisionName":"ssrwainadmin-00015-bix","tag":"fh-0b315898d9d0dab1"},{"revisionName":"ssrwainadmin-00017-kap","tag":"fh-428dbb9bf7e3d5ab"},{"revisionName":"ssrwainadmin-00019-zuy","tag":"fh-3442b45ffb9e9f3e"},{"revisionName":"ssrwainadmin-00021-wik","tag":"fh-4669903df0455378"},{"revisionName":"ssrwainadmin-00023-mag","tag":"fh-aa2c1c02f1ed0476"},{"revisionName":"ssrwainadmin-00026-cor","tag":"fh-326d2b3d7ba2e9ef"},{"revisionName":"ssrwainadmin-00028-lej","tag":"fh-1d361d1e203d9fda"},{"revisionName":"ssrwainadmin-00030-wot","tag":"fh-6f652a32554e8dfe"},{"revisionName":"ssrwainadmin-00032-kod","tag":"fh-92be92cd8c8b37e8"},{"revisionName":"ssrwainadmin-00034-gun","tag":"fh-a9db6b465483eaba"},{"revisionName":"ssrwainadmin-00036-pam","tag":"fh-45270ea856bc3c61"},{"revisionName":"ssrwainadmin-00038-pop","tag":"fh-0d492fa2b30328db"},{"revisionName":"ssrwainadmin-00040-kiw","tag":"fh-479ce2748595397a"},{"revisionName":"ssrwainadmin-00042-kev","tag":"fh-a11625b324506ae3"},{"revisionName":"ssrwainadmin-00044-duj","tag":"fh-db8793a4e293242a"},{"revisionName":"ssrwainadmin-00046-san","tag":"fh-f6fd98b8b09374e1"},{"revisionName":"ssrwainadmin-00048-ved","tag":"fh-86cdd5d350c917e3"},{"revisionName":"ssrwainadmin-00050-diw","tag":"fh-eaea606c5c8b15a8"},{"revisionName":"ssrwainadmin-00052-xin","tag":"fh-8063195206209c84"},{"revisionName":"ssrwainadmin-00054-zen","tag":"fh-6af74c86f4f743d6"},{"revisionName":"ssrwainadmin-00056-guf","tag":"fh-6986c20d5584ac8e"},{"revisionName":"ssrwainadmin-00059-tel","tag":"fh-ba0db4e68bfab5bb"},{"revisionName":"ssrwainadmin-00061-vuv","tag":"fh-6783fe19f6f440f7"},{"revisionName":"ssrwainadmin-00063-fid","tag":"fh-1ae655ff4c727dca"},{"percent":100,"latestRevision":true},{"revisionName":"ssrwainadmin-00065-bum","tag":"fh-2e171e2d2982c186"}]},"status":{"observedGeneration":66,"conditions":[{"type":"Ready","status":"Unknown","reason":"AssigningTraffic","message":"Assigning traffic to latest specified targets.","lastTransitionTime":"2026-05-07T17:17:38.494968Z"},{"type":"BaseImageValidated","status":"True","severity":"Info"},{"type":"ConfigurationsReady","status":"True","lastTransitionTime":"2026-05-07T17:17:05.085310Z"},{"type":"RoutesReady","status":"Unknown","reason":"AssigningTraffic","message":"Assigning traffic to latest specified targets.","lastTransitionTime":"2026-05-07T17:17:38.494968Z"}],"latestReadyRevisionName":"ssrwainadmin-00065-bum","latestCreatedRevisionName":"ssrwainadmin-00065-bum","traffic":[{"revisionName":"ssrwainadmin-00001-jex","tag":"fh-ac717aae5b7652ac","url":"https://fh-ac717aae5b7652ac---ssrwainadmin-wvn5fhzfsq-uc.a.run.app"},{"revisionName":"ssrwainadmin-00003-kos","tag":"fh-e09e2206797c7f2d","url":"https://fh-e09e2206797c7f2d---ssrwainadmin-wvn5fhzfsq-uc.a.run.app"},{"revisionName":"ssrwainadmin-00005-rus","tag":"fh-8b4c6931ffea8ddd","url":"https://fh-8b4c6931ffea8ddd---ssrwainadmin-wvn5fhzfsq-uc.a.run.app"},{"revisionName":"ssrwainadmin-00007-gov","tag":"fh-c79287407e850ff0","url":"https://fh-c79287407e850ff0---ssrwainadmin-wvn5fhzfsq-uc.a.run.app"},{"revisionName":"ssrwainadmin-00009-feq","tag":"fh-eea0b693dc7cff3f","url":"https://fh-eea0b693dc7cff3f---ssrwainadmin-wvn5fhzfsq-uc.a.run.app"},{"revisionName":"ssrwainadmin-00011-vug","tag":"fh-aa185f5f32a79909","url":"https://fh-aa185f5f32a79909---ssrwainadmin-wvn5fhzfsq-uc.a.run.app"},{"revisionName":"ssrwainadmin-00013-miz","tag":"fh-ba1199c4771bb658","url":"https://fh-ba1199c4771bb658---ssrwainadmin-wvn5fhzfsq-uc.a.run.app"},{"revisionName":"ssrwainadmin-00015-bix","tag":"fh-0b315898d9d0dab1","url":"https://fh-0b315898d9d0dab1---ssrwainadmin-wvn5fhzfsq-uc.a.run.app"},{"revisionName":"ssrwainadmin-00017-kap","tag":"fh-428dbb9bf7e3d5ab","url":"https://fh-428dbb9bf7e3d5ab---ssrwainadmin-wvn5fhzfsq-uc.a.run.app"},{"revisionName":"ssrwainadmin-00019-zuy","tag":"fh-3442b45ffb9e9f3e","url":"https://fh-3442b45ffb9e9f3e---ssrwainadmin-wvn5fhzfsq-uc.a.run.app"},{"revisionName":"ssrwainadmin-00021-wik","tag":"fh-4669903df0455378","url":"https://fh-4669903df0455378---ssrwainadmin-wvn5fhzfsq-uc.a.run.app"},{"revisionName":"ssrwainadmin-00023-mag","tag":"fh-aa2c1c02f1ed0476","url":"https://fh-aa2c1c02f1ed0476---ssrwainadmin-wvn5fhzfsq-uc.a.run.app"},{"revisionName":"ssrwainadmin-00026-cor","tag":"fh-326d2b3d7ba2e9ef","url":"https://fh-326d2b3d7ba2e9ef---ssrwainadmin-wvn5fhzfsq-uc.a.run.app"},{"revisionName":"ssrwainadmin-00028-lej","tag":"fh-1d361d1e203d9fda","url":"https://fh-1d361d1e203d9fda---ssrwainadmin-wvn5fhzfsq-uc.a.run.app"},{"revisionName":"ssrwainadmin-00030-wot","tag":"fh-6f652a32554e8dfe","url":"https://fh-6f652a32554e8dfe---ssrwainadmin-wvn5fhzfsq-uc.a.run.app"},{"revisionName":"ssrwainadmin-00032-kod","tag":"fh-92be92cd8c8b37e8","url":"https://fh-92be92cd8c8b37e8---ssrwainadmin-wvn5fhzfsq-uc.a.run.app"},{"revisionName":"ssrwainadmin-00034-gun","tag":"fh-a9db6b465483eaba","url":"https://fh-a9db6b465483eaba---ssrwainadmin-wvn5fhzfsq-uc.a.run.app"},{"revisionName":"ssrwainadmin-00036-pam","tag":"fh-45270ea856bc3c61","url":"https://fh-45270ea856bc3c61---ssrwainadmin-wvn5fhzfsq-uc.a.run.app"},{"revisionName":"ssrwainadmin-00038-pop","tag":"fh-0d492fa2b30328db","url":"https://fh-0d492fa2b30328db---ssrwainadmin-wvn5fhzfsq-uc.a.run.app"},{"revisionName":"ssrwainadmin-00040-kiw","tag":"fh-479ce2748595397a","url":"https://fh-479ce2748595397a---ssrwainadmin-wvn5fhzfsq-uc.a.run.app"},{"revisionName":"ssrwainadmin-00042-kev","tag":"fh-a11625b324506ae3","url":"https://fh-a11625b324506ae3---ssrwainadmin-wvn5fhzfsq-uc.a.run.app"},{"revisionName":"ssrwainadmin-00044-duj","tag":"fh-db8793a4e293242a","url":"https://fh-db8793a4e293242a---ssrwainadmin-wvn5fhzfsq-uc.a.run.app"},{"revisionName":"ssrwainadmin-00046-san","tag":"fh-f6fd98b8b09374e1","url":"https://fh-f6fd98b8b09374e1---ssrwainadmin-wvn5fhzfsq-uc.a.run.app"},{"revisionName":"ssrwainadmin-00048-ved","tag":"fh-86cdd5d350c917e3","url":"https://fh-86cdd5d350c917e3---ssrwainadmin-wvn5fhzfsq-uc.a.run.app"},{"revisionName":"ssrwainadmin-00050-diw","tag":"fh-eaea606c5c8b15a8","url":"https://fh-eaea606c5c8b15a8---ssrwainadmin-wvn5fhzfsq-uc.a.run.app"},{"revisionName":"ssrwainadmin-00052-xin","tag":"fh-8063195206209c84","url":"https://fh-8063195206209c84---ssrwainadmin-wvn5fhzfsq-uc.a.run.app"},{"revisionName":"ssrwainadmin-00054-zen","tag":"fh-6af74c86f4f743d6","url":"https://fh-6af74c86f4f743d6---ssrwainadmin-wvn5fhzfsq-uc.a.run.app"},{"revisionName":"ssrwainadmin-00056-guf","tag":"fh-6986c20d5584ac8e","url":"https://fh-6986c20d5584ac8e---ssrwainadmin-wvn5fhzfsq-uc.a.run.app"},{"revisionName":"ssrwainadmin-00059-tel","tag":"fh-ba0db4e68bfab5bb","url":"https://fh-ba0db4e68bfab5bb---ssrwainadmin-wvn5fhzfsq-uc.a.run.app"},{"revisionName":"ssrwainadmin-00061-vuv","tag":"fh-6783fe19f6f440f7","url":"https://fh-6783fe19f6f440f7---ssrwainadmin-wvn5fhzfsq-uc.a.run.app"},{"revisionName":"ssrwainadmin-00063-fid","tag":"fh-1ae655ff4c727dca","url":"https://fh-1ae655ff4c727dca---ssrwainadmin-wvn5fhzfsq-uc.a.run.app"},{"revisionName":"ssrwainadmin-00065-bum","percent":100,"tag":"fh-2e171e2d2982c186","latestRevision":true,"url":"https://fh-2e171e2d2982c186---ssrwainadmin-wvn5fhzfsq-uc.a.run.app"}],"url":"https://ssrwainadmin-wvn5fhzfsq-uc.a.run.app","address":{"url":"https://ssrwainadmin-wvn5fhzfsq-uc.a.run.app"}}}
[2026-05-07T17:17:39.539Z] Waiting for service ssrwainadmin to be ready. Status is [{"type":"Ready","status":"Unknown","reason":"AssigningTraffic","message":"Assigning traffic to latest specified targets.","lastTransitionTime":"2026-05-07T17:17:38.494968Z"},{"type":"BaseImageValidated","status":"True","severity":"Info"},{"type":"ConfigurationsReady","status":"True","lastTransitionTime":"2026-05-07T17:17:05.085310Z"},{"type":"RoutesReady","status":"Unknown","reason":"AssigningTraffic","message":"Assigning traffic to latest specified targets.","lastTransitionTime":"2026-05-07T17:17:38.494968Z"}]
[2026-05-07T17:17:39.553Z] Checked if tokens are valid: true, expires at: 1778175781006
[2026-05-07T17:17:39.553Z] Checked if tokens are valid: true, expires at: 1778175781006
[2026-05-07T17:17:39.553Z] >>> [apiv2][query] GET https://run.googleapis.com/v1/projects/620614484841/locations/us-central1/services/ssrwainadmin [none]
[2026-05-07T17:17:39.697Z] <<< [apiv2][status] POST https://firebasehosting.googleapis.com/v1beta1/projects/-/sites/wain-d2e28/channels/live/releases 200
[2026-05-07T17:17:39.697Z] <<< [apiv2][body] POST https://firebasehosting.googleapis.com/v1beta1/projects/-/sites/wain-d2e28/channels/live/releases {"name":"projects/620614484841/sites/wain-d2e28/channels/live/releases/1778174258574000","version":{"name":"projects/620614484841/sites/wain-d2e28/versions/a8a1fab4a2429756","status":"FINALIZED","config":{"rewrites":[{"glob":"**","path":"/index.html"}]},"labels":{"deployment-tool":"cli-firebase"},"createTime":"2026-05-07T17:14:35.035457Z","createUser":{"email":"basil1222038@gmail.com","imageUrl":"[REDACTED_IMAGE_URL]"},"finalizeTime":"2026-05-07T17:17:37.901243Z","finalizeUser":{"email":"basil1222038@gmail.com","imageUrl":"[REDACTED_IMAGE_URL]"}},"type":"DEPLOY","releaseTime":"2026-05-07T17:17:38.574Z","releaseUser":{"email":"basil1222038@gmail.com","imageUrl":"[REDACTED_IMAGE_URL]"}}
[2026-05-07T17:17:39.697Z] [hosting] release: {"name":"projects/620614484841/sites/wain-d2e28/channels/live/releases/1778174258574000","version":{"name":"projects/620614484841/sites/wain-d2e28/versions/a8a1fab4a2429756","status":"FINALIZED","config":{"rewrites":[{"glob":"**","path":"/index.html"}]},"labels":{"deployment-tool":"cli-firebase"},"createTime":"2026-05-07T17:14:35.035457Z","createUser":{"email":"basil1222038@gmail.com","imageUrl":"[REDACTED_IMAGE_URL]"},"finalizeTime":"2026-05-07T17:17:37.901243Z","finalizeUser":{"email":"basil1222038@gmail.com","imageUrl":"[REDACTED_IMAGE_URL]"}},"type":"DEPLOY","releaseTime":"2026-05-07T17:17:38.574Z","releaseUser":{"email":"basil1222038@gmail.com","imageUrl":"[REDACTED_IMAGE_URL]"}}
+  hosting[wain-d2e28]: release complete
[2026-05-07T17:17:40.866Z] <<< [apiv2][status] GET https://run.googleapis.com/v1/projects/620614484841/locations/us-central1/services/ssrwainadmin 200
[2026-05-07T17:17:40.866Z] <<< [apiv2][body] GET https://run.googleapis.com/v1/projects/620614484841/locations/us-central1/services/ssrwainadmin {"apiVersion":"serving.knative.dev/v1","kind":"Service","metadata":{"name":"ssrwainadmin","namespace":"620614484841","selfLink":"/apis/serving.knative.dev/v1/namespaces/620614484841/services/ssrwainadmin","uid":"bdc58e28-8483-469c-ad6e-ebbd8a11500a","resourceVersion":"AAZRPXUZXAM","generation":66,"labels":{"goog-managed-by":"cloudfunctions","goog-cloudfunctions-runtime":"nodejs24","cloud.googleapis.com/location":"us-central1","goog-drz-cloudfunctions-location":"us-central1","firebase-functions-hash":"5b4ee6bafea116c2a47b8f723e560adf83a0c782","goog-drz-cloudfunctions-id":"ssrwainadmin","firebase-functions-codebase":"firebase-frameworks-wain-admin"},"annotations":{"serving.knative.dev/creator":"service-620614484841@gcf-admin-robot.iam.gserviceaccount.com","serving.knative.dev/lastModifier":"basil1222038@gmail.com","run.googleapis.com/custom-audiences":"[\"https://us-central1-wain-d2e28.cloudfunctions.net/ssrwainadmin\"]","run.googleapis.com/client-name":"cli-firebase","cloudfunctions.googleapis.com/function-id":"ssrwainadmin","run.googleapis.com/build-source-location":"gs://gcf-v2-sources-620614484841-us-central1/ssrwainadmin/function-source.zip#1778174105142838","run.googleapis.com/build-environment-variables":"{\"GOOGLE_NODE_RUN_SCRIPTS\":\"\"}","run.googleapis.com/build-function-target":"ssrwainadmin","run.googleapis.com/build-service-account":"projects/wain-d2e28/serviceAccounts/620614484841-compute@developer.gserviceaccount.com","run.googleapis.com/build-enable-automatic-updates":"true","run.googleapis.com/build-base-image":"us-central1-docker.pkg.dev/serverless-runtimes/google-24-full/runtimes/nodejs24","run.googleapis.com/build-image-uri":"us-central1-docker.pkg.dev/wain-d2e28/gcf-artifacts/wain--d2e28__us--central1__ssrwainadmin:version_1","run.googleapis.com/build-name":"projects/620614484841/locations/us-central1/builds/c3930c28-97f8-4f86-9f35-d5927dad5818","run.googleapis.com/operation-id":"11e7dbd3-2357-46c7-8266-946c1e30a101","run.googleapis.com/ingress":"all","run.googleapis.com/ingress-status":"all","run.googleapis.com/maxScale":"20","run.googleapis.com/urls":"[\"https://ssrwainadmin-620614484841.us-central1.run.app\",\"https://us-central1-wain-d2e28.cloudfunctions.net/ssrwainadmin\",\"https://ssrwainadmin-wvn5fhzfsq-uc.a.run.app\"]"},"creationTimestamp":"2026-04-19T15:35:29.358113Z"},"spec":{"template":{"metadata":{"name":"ssrwainadmin-00065-bum","labels":{"goog-drz-cloudfunctions-location":"us-central1","firebase-functions-hash":"5b4ee6bafea116c2a47b8f723e560adf83a0c782","goog-drz-cloudfunctions-id":"ssrwainadmin","firebase-functions-codebase":"firebase-frameworks-wain-admin","run.googleapis.com/startupProbeType":"Default"},"annotations":{"run.googleapis.com/client-name":"cli-firebase","cloudfunctions.googleapis.com/trigger-type":"HTTP_TRIGGER","autoscaling.knative.dev/maxScale":"20","run.googleapis.com/base-images":"{\"worker\":\"us-central1-docker.pkg.dev/serverless-runtimes/google-24-full/runtimes/nodejs24\"}","run.googleapis.com/startup-cpu-boost":"true"}},"spec":{"containerConcurrency":80,"timeoutSeconds":60,"serviceAccountName":"620614484841-compute@developer.gserviceaccount.com","containers":[{"name":"worker","image":"us-central1-docker.pkg.dev/wain-d2e28/gcf-artifacts/wain--d2e28__us--central1__ssrwainadmin:version_1","env":[{"name":"VERCEL_URL","value":"wain-d2e28.web.app"},{"name":"__FIREBASE_FRAMEWORKS_ENTRY__","value":"next.js"},{"name":"__FIREBASE_DEFAULTS__","value":"{\"config\":{\"projectId\":\"wain-d2e28\",\"appId\":\"1:620614484841:web:ac86320829e764bc41b3f8\",\"storageBucket\":\"wain-d2e28.firebasestorage.app\",\"apiKey\":\"AIzaSyC9YKkNcRIbFkVeiO-sBbA2zgJxEzm6rlM\",\"authDomain\":\"wain-d2e28.firebaseapp.com\",\"messagingSenderId\":\"620614484841\",\"measurementId\":\"G-EV5MVJZX2R\",\"projectNumber\":\"620614484841\",\"version\":\"2\"},\"_authTokenSyncURL\":\"/__session\"}"},{"name":"FIREBASE_CONFIG","value":"{\"projectId\":\"wain-d2e28\",\"storageBucket\":\"wain-d2e28.firebasestorage.app\"}"},{"name":"GCLOUD_PROJECT","value":"wain-d2e28"},{"name":"EVENTARC_CLOUD_EVENT_SOURCE","value":"projects/wain-d2e28/locations/us-central1/services/ssrwainadmin"},{"name":"FUNCTION_TARGET","value":"ssrwainadmin"},{"name":"LOG_EXECUTION_ID","value":"true"}],"resources":{"limits":{"cpu":"1","memory":"512Mi"}},"ports":[{"name":"http1","containerPort":8080}],"startupProbe":{"timeoutSeconds":240,"periodSeconds":240,"failureThreshold":1,"tcpSocket":{"port":8080}}}],"runtimeClassName":"run.googleapis.com/linux-base-image-update"}},"traffic":[{"revisionName":"ssrwainadmin-00001-jex","tag":"fh-ac717aae5b7652ac"},{"revisionName":"ssrwainadmin-00003-kos","tag":"fh-e09e2206797c7f2d"},{"revisionName":"ssrwainadmin-00005-rus","tag":"fh-8b4c6931ffea8ddd"},{"revisionName":"ssrwainadmin-00007-gov","tag":"fh-c79287407e850ff0"},{"revisionName":"ssrwainadmin-00009-feq","tag":"fh-eea0b693dc7cff3f"},{"revisionName":"ssrwainadmin-00011-vug","tag":"fh-aa185f5f32a79909"},{"revisionName":"ssrwainadmin-00013-miz","tag":"fh-ba1199c4771bb658"},{"revisionName":"ssrwainadmin-00015-bix","tag":"fh-0b315898d9d0dab1"},{"revisionName":"ssrwainadmin-00017-kap","tag":"fh-428dbb9bf7e3d5ab"},{"revisionName":"ssrwainadmin-00019-zuy","tag":"fh-3442b45ffb9e9f3e"},{"revisionName":"ssrwainadmin-00021-wik","tag":"fh-4669903df0455378"},{"revisionName":"ssrwainadmin-00023-mag","tag":"fh-aa2c1c02f1ed0476"},{"revisionName":"ssrwainadmin-00026-cor","tag":"fh-326d2b3d7ba2e9ef"},{"revisionName":"ssrwainadmin-00028-lej","tag":"fh-1d361d1e203d9fda"},{"revisionName":"ssrwainadmin-00030-wot","tag":"fh-6f652a32554e8dfe"},{"revisionName":"ssrwainadmin-00032-kod","tag":"fh-92be92cd8c8b37e8"},{"revisionName":"ssrwainadmin-00034-gun","tag":"fh-a9db6b465483eaba"},{"revisionName":"ssrwainadmin-00036-pam","tag":"fh-45270ea856bc3c61"},{"revisionName":"ssrwainadmin-00038-pop","tag":"fh-0d492fa2b30328db"},{"revisionName":"ssrwainadmin-00040-kiw","tag":"fh-479ce2748595397a"},{"revisionName":"ssrwainadmin-00042-kev","tag":"fh-a11625b324506ae3"},{"revisionName":"ssrwainadmin-00044-duj","tag":"fh-db8793a4e293242a"},{"revisionName":"ssrwainadmin-00046-san","tag":"fh-f6fd98b8b09374e1"},{"revisionName":"ssrwainadmin-00048-ved","tag":"fh-86cdd5d350c917e3"},{"revisionName":"ssrwainadmin-00050-diw","tag":"fh-eaea606c5c8b15a8"},{"revisionName":"ssrwainadmin-00052-xin","tag":"fh-8063195206209c84"},{"revisionName":"ssrwainadmin-00054-zen","tag":"fh-6af74c86f4f743d6"},{"revisionName":"ssrwainadmin-00056-guf","tag":"fh-6986c20d5584ac8e"},{"revisionName":"ssrwainadmin-00059-tel","tag":"fh-ba0db4e68bfab5bb"},{"revisionName":"ssrwainadmin-00061-vuv","tag":"fh-6783fe19f6f440f7"},{"revisionName":"ssrwainadmin-00063-fid","tag":"fh-1ae655ff4c727dca"},{"percent":100,"latestRevision":true},{"revisionName":"ssrwainadmin-00065-bum","tag":"fh-2e171e2d2982c186"}]},"status":{"observedGeneration":66,"conditions":[{"type":"Ready","status":"True","lastTransitionTime":"2026-05-07T17:17:39.715075Z"},{"type":"BaseImageValidated","status":"True","severity":"Info"},{"type":"ConfigurationsReady","status":"True","lastTransitionTime":"2026-05-07T17:17:05.085310Z"},{"type":"RoutesReady","status":"True","lastTransitionTime":"2026-05-07T17:17:39.669155Z"}],"latestReadyRevisionName":"ssrwainadmin-00065-bum","latestCreatedRevisionName":"ssrwainadmin-00065-bum","traffic":[{"revisionName":"ssrwainadmin-00001-jex","tag":"fh-ac717aae5b7652ac","url":"https://fh-ac717aae5b7652ac---ssrwainadmin-wvn5fhzfsq-uc.a.run.app"},{"revisionName":"ssrwainadmin-00003-kos","tag":"fh-e09e2206797c7f2d","url":"https://fh-e09e2206797c7f2d---ssrwainadmin-wvn5fhzfsq-uc.a.run.app"},{"revisionName":"ssrwainadmin-00005-rus","tag":"fh-8b4c6931ffea8ddd","url":"https://fh-8b4c6931ffea8ddd---ssrwainadmin-wvn5fhzfsq-uc.a.run.app"},{"revisionName":"ssrwainadmin-00007-gov","tag":"fh-c79287407e850ff0","url":"https://fh-c79287407e850ff0---ssrwainadmin-wvn5fhzfsq-uc.a.run.app"},{"revisionName":"ssrwainadmin-00009-feq","tag":"fh-eea0b693dc7cff3f","url":"https://fh-eea0b693dc7cff3f---ssrwainadmin-wvn5fhzfsq-uc.a.run.app"},{"revisionName":"ssrwainadmin-00011-vug","tag":"fh-aa185f5f32a79909","url":"https://fh-aa185f5f32a79909---ssrwainadmin-wvn5fhzfsq-uc.a.run.app"},{"revisionName":"ssrwainadmin-00013-miz","tag":"fh-ba1199c4771bb658","url":"https://fh-ba1199c4771bb658---ssrwainadmin-wvn5fhzfsq-uc.a.run.app"},{"revisionName":"ssrwainadmin-00015-bix","tag":"fh-0b315898d9d0dab1","url":"https://fh-0b315898d9d0dab1---ssrwainadmin-wvn5fhzfsq-uc.a.run.app"},{"revisionName":"ssrwainadmin-00017-kap","tag":"fh-428dbb9bf7e3d5ab","url":"https://fh-428dbb9bf7e3d5ab---ssrwainadmin-wvn5fhzfsq-uc.a.run.app"},{"revisionName":"ssrwainadmin-00019-zuy","tag":"fh-3442b45ffb9e9f3e","url":"https://fh-3442b45ffb9e9f3e---ssrwainadmin-wvn5fhzfsq-uc.a.run.app"},{"revisionName":"ssrwainadmin-00021-wik","tag":"fh-4669903df0455378","url":"https://fh-4669903df0455378---ssrwainadmin-wvn5fhzfsq-uc.a.run.app"},{"revisionName":"ssrwainadmin-00023-mag","tag":"fh-aa2c1c02f1ed0476","url":"https://fh-aa2c1c02f1ed0476---ssrwainadmin-wvn5fhzfsq-uc.a.run.app"},{"revisionName":"ssrwainadmin-00026-cor","tag":"fh-326d2b3d7ba2e9ef","url":"https://fh-326d2b3d7ba2e9ef---ssrwainadmin-wvn5fhzfsq-uc.a.run.app"},{"revisionName":"ssrwainadmin-00028-lej","tag":"fh-1d361d1e203d9fda","url":"https://fh-1d361d1e203d9fda---ssrwainadmin-wvn5fhzfsq-uc.a.run.app"},{"revisionName":"ssrwainadmin-00030-wot","tag":"fh-6f652a32554e8dfe","url":"https://fh-6f652a32554e8dfe---ssrwainadmin-wvn5fhzfsq-uc.a.run.app"},{"revisionName":"ssrwainadmin-00032-kod","tag":"fh-92be92cd8c8b37e8","url":"https://fh-92be92cd8c8b37e8---ssrwainadmin-wvn5fhzfsq-uc.a.run.app"},{"revisionName":"ssrwainadmin-00034-gun","tag":"fh-a9db6b465483eaba","url":"https://fh-a9db6b465483eaba---ssrwainadmin-wvn5fhzfsq-uc.a.run.app"},{"revisionName":"ssrwainadmin-00036-pam","tag":"fh-45270ea856bc3c61","url":"https://fh-45270ea856bc3c61---ssrwainadmin-wvn5fhzfsq-uc.a.run.app"},{"revisionName":"ssrwainadmin-00038-pop","tag":"fh-0d492fa2b30328db","url":"https://fh-0d492fa2b30328db---ssrwainadmin-wvn5fhzfsq-uc.a.run.app"},{"revisionName":"ssrwainadmin-00040-kiw","tag":"fh-479ce2748595397a","url":"https://fh-479ce2748595397a---ssrwainadmin-wvn5fhzfsq-uc.a.run.app"},{"revisionName":"ssrwainadmin-00042-kev","tag":"fh-a11625b324506ae3","url":"https://fh-a11625b324506ae3---ssrwainadmin-wvn5fhzfsq-uc.a.run.app"},{"revisionName":"ssrwainadmin-00044-duj","tag":"fh-db8793a4e293242a","url":"https://fh-db8793a4e293242a---ssrwainadmin-wvn5fhzfsq-uc.a.run.app"},{"revisionName":"ssrwainadmin-00046-san","tag":"fh-f6fd98b8b09374e1","url":"https://fh-f6fd98b8b09374e1---ssrwainadmin-wvn5fhzfsq-uc.a.run.app"},{"revisionName":"ssrwainadmin-00048-ved","tag":"fh-86cdd5d350c917e3","url":"https://fh-86cdd5d350c917e3---ssrwainadmin-wvn5fhzfsq-uc.a.run.app"},{"revisionName":"ssrwainadmin-00050-diw","tag":"fh-eaea606c5c8b15a8","url":"https://fh-eaea606c5c8b15a8---ssrwainadmin-wvn5fhzfsq-uc.a.run.app"},{"revisionName":"ssrwainadmin-00052-xin","tag":"fh-8063195206209c84","url":"https://fh-8063195206209c84---ssrwainadmin-wvn5fhzfsq-uc.a.run.app"},{"revisionName":"ssrwainadmin-00054-zen","tag":"fh-6af74c86f4f743d6","url":"https://fh-6af74c86f4f743d6---ssrwainadmin-wvn5fhzfsq-uc.a.run.app"},{"revisionName":"ssrwainadmin-00056-guf","tag":"fh-6986c20d5584ac8e","url":"https://fh-6986c20d5584ac8e---ssrwainadmin-wvn5fhzfsq-uc.a.run.app"},{"revisionName":"ssrwainadmin-00059-tel","tag":"fh-ba0db4e68bfab5bb","url":"https://fh-ba0db4e68bfab5bb---ssrwainadmin-wvn5fhzfsq-uc.a.run.app"},{"revisionName":"ssrwainadmin-00061-vuv","tag":"fh-6783fe19f6f440f7","url":"https://fh-6783fe19f6f440f7---ssrwainadmin-wvn5fhzfsq-uc.a.run.app"},{"revisionName":"ssrwainadmin-00063-fid","tag":"fh-1ae655ff4c727dca","url":"https://fh-1ae655ff4c727dca---ssrwainadmin-wvn5fhzfsq-uc.a.run.app"},{"revisionName":"ssrwainadmin-00065-bum","percent":100,"tag":"fh-2e171e2d2982c186","latestRevision":true,"url":"https://fh-2e171e2d2982c186---ssrwainadmin-wvn5fhzfsq-uc.a.run.app"}],"url":"https://ssrwainadmin-wvn5fhzfsq-uc.a.run.app","address":{"url":"https://ssrwainadmin-wvn5fhzfsq-uc.a.run.app"}}}
[2026-05-07T17:17:40.867Z] Checked if tokens are valid: true, expires at: 1778175781006
[2026-05-07T17:17:40.867Z] Checked if tokens are valid: true, expires at: 1778175781006
[2026-05-07T17:17:40.867Z] >>> [apiv2][query] PATCH https://firebasehosting.googleapis.com/v1beta1/projects/-/sites/wain-admin/versions/2e171e2d2982c186 updateMask=status%2Cconfig
[2026-05-07T17:17:40.867Z] >>> [apiv2][body] PATCH https://firebasehosting.googleapis.com/v1beta1/projects/-/sites/wain-admin/versions/2e171e2d2982c186 {"status":"FINALIZED","config":{"rewrites":[{"glob":"**","run":{"serviceId":"ssrwainadmin","region":"us-central1","tag":"fh-2e171e2d2982c186"}}],"redirects":[],"headers":[{"glob":"**","headers":{"Content-Security-Policy-Report-Only":"default-src 'self'; base-uri 'self'; object-src 'none'; frame-ancestors 'none'; form-action 'self'; img-src 'self' data: blob: https:; font-src 'self' data: https:; script-src 'self' 'unsafe-inline' 'unsafe-eval' https:; style-src 'self' 'unsafe-inline' https:; connect-src 'self' https: wss: ws:; upgrade-insecure-requests","Permissions-Policy":"camera=(), microphone=(), geolocation=(), payment=(), usb=(), browsing-topics=()","X-Content-Type-Options":"nosniff","X-Frame-Options":"DENY","Referrer-Policy":"strict-origin-when-cross-origin","Cross-Origin-Opener-Policy":"same-origin"}},{"glob":"/:path*","headers":{"Content-Security-Policy-Report-Only":"default-src 'self'; base-uri 'self'; object-src 'none'; frame-ancestors 'none'; form-action 'self'; img-src 'self' data: blob: https:; font-src 'self' data: https:; script-src 'self' 'unsafe-inline' 'unsafe-eval' https:; style-src 'self' 'unsafe-inline' https:; connect-src 'self' https: wss: ws:; upgrade-insecure-requests","Permissions-Policy":"camera=(), microphone=(), geolocation=(), payment=(), usb=(), browsing-topics=()","X-Content-Type-Options":"nosniff","X-Frame-Options":"DENY","Referrer-Policy":"strict-origin-when-cross-origin","Cross-Origin-Opener-Policy":"same-origin"}},{"glob":"/_not-found","headers":{"x-next-cache-tags":"_N_T_/layout,_N_T_/_not-found/layout,_N_T_/_not-found/page,_N_T_/_not-found"}},{"glob":"**/*.[jt]s","headers":{"Set-Cookie":"__FIREBASE_DEFAULTS__=[REDACTED_FIREBASE_DEFAULTS]; SameSite=Strict; Expires=[REDACTED] Path=/;"}}],"cleanUrls":true,"trailingSlashBehavior":"REMOVE"}}
[2026-05-07T17:17:42.702Z] <<< [apiv2][status] PATCH https://firebasehosting.googleapis.com/v1beta1/projects/-/sites/wain-admin/versions/2e171e2d2982c186 200
[2026-05-07T17:17:42.703Z] <<< [apiv2][body] PATCH https://firebasehosting.googleapis.com/v1beta1/projects/-/sites/wain-admin/versions/2e171e2d2982c186 {"name":"projects/620614484841/sites/wain-admin/versions/2e171e2d2982c186","status":"FINALIZED","config":{"headers":[{"headers":{"X-Frame-Options":"DENY","Referrer-Policy":"strict-origin-when-cross-origin","Cross-Origin-Opener-Policy":"same-origin","Content-Security-Policy-Report-Only":"default-src 'self'; base-uri 'self'; object-src 'none'; frame-ancestors 'none'; form-action 'self'; img-src 'self' data: blob: https:; font-src 'self' data: https:; script-src 'self' 'unsafe-inline' 'unsafe-eval' https:; style-src 'self' 'unsafe-inline' https:; connect-src 'self' https: wss: ws:; upgrade-insecure-requests","Permissions-Policy":"camera=(), microphone=(), geolocation=(), payment=(), usb=(), browsing-topics=()","X-Content-Type-Options":"nosniff"},"glob":"**"},{"headers":{"X-Content-Type-Options":"nosniff","X-Frame-Options":"DENY","Referrer-Policy":"strict-origin-when-cross-origin","Cross-Origin-Opener-Policy":"same-origin","Content-Security-Policy-Report-Only":"default-src 'self'; base-uri 'self'; object-src 'none'; frame-ancestors 'none'; form-action 'self'; img-src 'self' data: blob: https:; font-src 'self' data: https:; script-src 'self' 'unsafe-inline' 'unsafe-eval' https:; style-src 'self' 'unsafe-inline' https:; connect-src 'self' https: wss: ws:; upgrade-insecure-requests","Permissions-Policy":"camera=(), microphone=(), geolocation=(), payment=(), usb=(), browsing-topics=()"},"glob":"/:path*"},{"headers":{"x-next-cache-tags":"_N_T_/layout,_N_T_/_not-found/layout,_N_T_/_not-found/page,_N_T_/_not-found"},"glob":"/_not-found"},{"headers":{"Set-Cookie":"__FIREBASE_DEFAULTS__=[REDACTED_FIREBASE_DEFAULTS]; SameSite=Strict; Expires=[REDACTED] Path=/;"},"glob":"**/*.[jt]s"}],"rewrites":[{"glob":"**","run":{"serviceId":"ssrwainadmin","region":"us-central1","tag":"fh-2e171e2d2982c186"}}],"cleanUrls":true,"trailingSlashBehavior":"REMOVE"},"labels":{"firebase-web-framework":"next_ssr","deployment-tool":"cli-firebase"},"createTime":"2026-05-07T17:14:34.975260Z","createUser":{"email":"basil1222038@gmail.com"},"finalizeTime":"2026-05-07T17:17:42.579964Z","finalizeUser":{"email":"basil1222038@gmail.com"}}
[2026-05-07T17:17:42.703Z] [hosting] finalized version for wain-admin:[object Object]
+  hosting[wain-admin]: version finalized
i  hosting[wain-admin]: releasing new version...
[2026-05-07T17:17:42.703Z] Checked if tokens are valid: true, expires at: 1778175781006
[2026-05-07T17:17:42.703Z] Checked if tokens are valid: true, expires at: 1778175781006
[2026-05-07T17:17:42.703Z] >>> [apiv2][query] POST https://firebasehosting.googleapis.com/v1beta1/projects/-/sites/wain-admin/channels/live/releases versionName=projects%2F620614484841%2Fsites%2Fwain-admin%2Fversions%2F2e171e2d2982c186
[2026-05-07T17:17:42.703Z] >>> [apiv2][body] POST https://firebasehosting.googleapis.com/v1beta1/projects/-/sites/wain-admin/channels/live/releases {}
[2026-05-07T17:17:44.862Z] <<< [apiv2][status] POST https://firebasehosting.googleapis.com/v1beta1/projects/-/sites/wain-admin/channels/live/releases 200
[2026-05-07T17:17:44.862Z] <<< [apiv2][body] POST https://firebasehosting.googleapis.com/v1beta1/projects/-/sites/wain-admin/channels/live/releases {"name":"projects/620614484841/sites/wain-admin/channels/live/releases/1778174263710000","version":{"name":"projects/620614484841/sites/wain-admin/versions/2e171e2d2982c186","status":"FINALIZED","config":{"headers":[{"headers":{"Cross-Origin-Opener-Policy":"same-origin","Content-Security-Policy-Report-Only":"default-src 'self'; base-uri 'self'; object-src 'none'; frame-ancestors 'none'; form-action 'self'; img-src 'self' data: blob: https:; font-src 'self' data: https:; script-src 'self' 'unsafe-inline' 'unsafe-eval' https:; style-src 'self' 'unsafe-inline' https:; connect-src 'self' https: wss: ws:; upgrade-insecure-requests","Permissions-Policy":"camera=(), microphone=(), geolocation=(), payment=(), usb=(), browsing-topics=()","X-Content-Type-Options":"nosniff","X-Frame-Options":"DENY","Referrer-Policy":"strict-origin-when-cross-origin"},"glob":"**"},{"headers":{"Referrer-Policy":"strict-origin-when-cross-origin","Cross-Origin-Opener-Policy":"same-origin","Content-Security-Policy-Report-Only":"default-src 'self'; base-uri 'self'; object-src 'none'; frame-ancestors 'none'; form-action 'self'; img-src 'self' data: blob: https:; font-src 'self' data: https:; script-src 'self' 'unsafe-inline' 'unsafe-eval' https:; style-src 'self' 'unsafe-inline' https:; connect-src 'self' https: wss: ws:; upgrade-insecure-requests","Permissions-Policy":"camera=(), microphone=(), geolocation=(), payment=(), usb=(), browsing-topics=()","X-Content-Type-Options":"nosniff","X-Frame-Options":"DENY"},"glob":"/:path*"},{"headers":{"x-next-cache-tags":"_N_T_/layout,_N_T_/_not-found/layout,_N_T_/_not-found/page,_N_T_/_not-found"},"glob":"/_not-found"},{"headers":{"Set-Cookie":"__FIREBASE_DEFAULTS__=[REDACTED_FIREBASE_DEFAULTS]; SameSite=Strict; Expires=[REDACTED] Path=/;"},"glob":"**/*.[jt]s"}],"rewrites":[{"glob":"**","run":{"serviceId":"ssrwainadmin","region":"us-central1","tag":"fh-2e171e2d2982c186"}}],"cleanUrls":true,"trailingSlashBehavior":"REMOVE"},"labels":{"deployment-tool":"cli-firebase","firebase-web-framework":"next_ssr"},"createTime":"2026-05-07T17:14:34.975260Z","createUser":{"email":"basil1222038@gmail.com","imageUrl":"[REDACTED_IMAGE_URL]"},"finalizeTime":"2026-05-07T17:17:42.579964Z","finalizeUser":{"email":"basil1222038@gmail.com","imageUrl":"[REDACTED_IMAGE_URL]"}},"type":"DEPLOY","releaseTime":"2026-05-07T17:17:43.710Z","releaseUser":{"email":"basil1222038@gmail.com","imageUrl":"[REDACTED_IMAGE_URL]"}}
[2026-05-07T17:17:44.862Z] [hosting] release: {"name":"projects/620614484841/sites/wain-admin/channels/live/releases/1778174263710000","version":{"name":"projects/620614484841/sites/wain-admin/versions/2e171e2d2982c186","status":"FINALIZED","config":{"headers":[{"headers":{"Cross-Origin-Opener-Policy":"same-origin","Content-Security-Policy-Report-Only":"default-src 'self'; base-uri 'self'; object-src 'none'; frame-ancestors 'none'; form-action 'self'; img-src 'self' data: blob: https:; font-src 'self' data: https:; script-src 'self' 'unsafe-inline' 'unsafe-eval' https:; style-src 'self' 'unsafe-inline' https:; connect-src 'self' https: wss: ws:; upgrade-insecure-requests","Permissions-Policy":"camera=(), microphone=(), geolocation=(), payment=(), usb=(), browsing-topics=()","X-Content-Type-Options":"nosniff","X-Frame-Options":"DENY","Referrer-Policy":"strict-origin-when-cross-origin"},"glob":"**"},{"headers":{"Referrer-Policy":"strict-origin-when-cross-origin","Cross-Origin-Opener-Policy":"same-origin","Content-Security-Policy-Report-Only":"default-src 'self'; base-uri 'self'; object-src 'none'; frame-ancestors 'none'; form-action 'self'; img-src 'self' data: blob: https:; font-src 'self' data: https:; script-src 'self' 'unsafe-inline' 'unsafe-eval' https:; style-src 'self' 'unsafe-inline' https:; connect-src 'self' https: wss: ws:; upgrade-insecure-requests","Permissions-Policy":"camera=(), microphone=(), geolocation=(), payment=(), usb=(), browsing-topics=()","X-Content-Type-Options":"nosniff","X-Frame-Options":"DENY"},"glob":"/:path*"},{"headers":{"x-next-cache-tags":"_N_T_/layout,_N_T_/_not-found/layout,_N_T_/_not-found/page,_N_T_/_not-found"},"glob":"/_not-found"},{"headers":{"Set-Cookie":"__FIREBASE_DEFAULTS__=[REDACTED_FIREBASE_DEFAULTS]; SameSite=Strict; Expires=[REDACTED] Path=/;"},"glob":"**/*.[jt]s"}],"rewrites":[{"glob":"**","run":{"serviceId":"ssrwainadmin","region":"us-central1","tag":"fh-2e171e2d2982c186"}}],"cleanUrls":true,"trailingSlashBehavior":"REMOVE"},"labels":{"deployment-tool":"cli-firebase","firebase-web-framework":"next_ssr"},"createTime":"2026-05-07T17:14:34.975260Z","createUser":{"email":"basil1222038@gmail.com","imageUrl":"[REDACTED_IMAGE_URL]"},"finalizeTime":"2026-05-07T17:17:42.579964Z","finalizeUser":{"email":"basil1222038@gmail.com","imageUrl":"[REDACTED_IMAGE_URL]"}},"type":"DEPLOY","releaseTime":"2026-05-07T17:17:43.710Z","releaseUser":{"email":"basil1222038@gmail.com","imageUrl":"[REDACTED_IMAGE_URL]"}}
+  hosting[wain-admin]: release complete

+  Deploy complete!

Project Console: https://console.firebase.google.com/project/wain-d2e28/overview
Hosting URL: https://wain-d2e28.web.app
Hosting URL: https://wain-admin.web.app
